country_id,Country,Region,region_id,Year,D_it,D_it_x_frontier,excl_continuation,episode_status,episode_id,crit1_flag,crit2_flag,crisis_any,frontier,log_gdppc,gdppc_real_lcu,gdp_real_growth,L1_gdp_growth,L2_gdp_growth,spread_max,spread_mean,L_spread_max,L_spread_mean,ca_gdp,debt_gdp,primary_balance_gdp,inflation_cpi,investment_gdp,tot_index,tot_pct,credit_gdp,vix,fed_funds,treasury_10y,imf_program,onset_month_num,onset_half,data_note,fdi_gdp,govexp_gdp,claims_govt_gdp
1,Argentina,LatAM,1,1994,1,1,0,onset,Argentina_ep,1,0,1,1,9.44642462999468,12662.81,5.83,,,1074.0,727.7,,,-3.815,28.426,0.147,,17.509,66.4512925404,,20.28057799875699,13.93,4.2,7.09,1.0,12.0,1,,1.411953,22.938,4.160774549409571
1,Argentina,LatAM,1,1995,0,0,1,continuation,Argentina_ep,1,1,1,1,9.405234807834574,12151.827,-2.845,5.83,,1638.0,1231.7,1074.0,727.7,-1.769,30.749,-0.408,,16.399,62.5898055119,-5.811003640226198,19.960607560891248,12.39,5.84,6.57,1.0,,0,,2.1739275,22.862,5.693465242164966
1,Argentina,LatAM,1,1996,0,0,0,tranquil,,0,0,0,1,9.447124150964644,12671.671,5.527,-2.845,5.83,903.0,687.4,1638.0,1231.7,-2.352,32.551,-0.966,,17.403,68.3319895005,9.174311921305222,20.18700182528185,16.44,5.3,6.44,1.0,,0,,2.5532033,22.687,5.8880840419658655
1,Argentina,LatAM,1,1997,0,0,0,tranquil,,0,0,0,1,9.513563873347346,13542.171,8.111,5.527,-2.845,562.0,386.1,903.0,687.4,-3.753,31.676,0.252,,18.415,68.3319895005,0.0,21.93345876343223,22.36,5.46,6.35,1.0,,0,,3.127878,22.586,6.20179642763241
1,Argentina,LatAM,1,1998,1,1,0,onset,Argentina_ep,1,1,1,1,9.540143490814858,13906.943,3.85,8.111,5.527,1272.0,615.8,562.0,386.1,-4.38,34.147,0.521,0.925,18.551,65.046797696,-4.807692310021161,24.153298773282668,25.6,5.35,5.26,1.0,8.0,1,,2.4387689,23.13,6.305294645477938
1,Argentina,LatAM,1,1999,0,0,0,tranquil,,0,0,0,1,9.494841641032217,13290.99,-3.385,3.85,8.111,857.0,714.2,1272.0,615.8,-3.815,38.917,-0.659,-1.167,15.557,62.1821104454,-4.404040401786236,24.89334374988978,24.37,4.97,5.65,0.0,,0,,8.460582,25.471,7.3660479044028175
1,Argentina,LatAM,1,2000,0,0,0,tranquil,,0,0,0,1,9.476390297581034,13048.002,-0.789,-3.385,3.85,875.0,675.1,857.0,714.2,-2.878,40.833,0.211,-0.939,15.337,68.3319895005,9.89010989020709,23.89473361980621,23.32,6.24,6.03,1.0,,0,,3.6657906,25.247,7.074031802061022
1,Argentina,LatAM,1,2001,1,1,0,onset,Argentina_ep,1,1,1,1,9.42122905823696,12347.749,-4.409,-0.789,-3.385,5363.0,1755.1,875.0,675.1,-1.316,48.007,-1.252,-1.065,13.64,67.2256046451,-1.619131629984083,20.833574652466027,25.75,3.89,5.02,1.0,4.0,0,,0.80616415,26.432,12.815628398929277
1,Argentina,LatAM,1,2002,0,0,1,continuation,Argentina_ep,1,1,1,1,9.296253170749678,10897.113,-10.894,-4.409,-0.789,7078.0,5846.4,5363.0,1755.1,7.666,147.203,0.235,25.869,9.965,68.1574460316,1.3861405805413174,15.331858404248514,27.29,1.67,4.61,1.0,,0,,2.1989582,21.853,43.336223366818096
1,Argentina,LatAM,1,2003,0,0,1,continuation,Argentina_ep,1,1,1,1,9.37262706450904,11761.974,8.955,-10.894,-4.409,6614.0,5473.8,7078.0,5846.4,5.597,125.162,3.226,13.443,12.877,74.1212699871,8.750069585551934,10.7627059172487,21.98,1.13,4.01,1.0,,0,,1.2948109,22.026,39.003813417857224
1,Argentina,LatAM,1,2004,0,0,1,continuation,Argentina_ep,1,1,1,1,9.448624405540125,12690.696,8.911,8.955,-10.894,5619.0,5022.0,6614.0,5473.8,1.798,117.878,5.219,4.416,17.551,79.2003083899,6.85233591340777,9.682518196332223,15.48,1.35,4.27,1.0,,0,,2.5050175,23.03,31.698436717715122
1,Argentina,LatAM,1,2005,0,0,1,continuation,Argentina_ep,1,0,1,1,9.523908588378768,13682.988,8.852,8.911,8.955,5956.0,2475.0,5619.0,5022.0,2.473,80.282,5.152,9.642,18.888,76.8,-3.0306806105897754,10.653492918935887,12.81,3.21,4.29,1.0,,0,,2.6493545,24.426,23.97863891126988
1,Argentina,LatAM,1,2006,0,0,0,tranquil,,0,0,0,1,9.59154721315224,14640.504,8.047,8.852,8.911,440.0,335.2,5956.0,2475.0,2.791,70.793,3.286,10.898,18.681,80.2,4.427083333333348,11.91026166075606,12.81,4.96,4.8,1.0,,0,,2.3810685,26.617,15.955725299522614
1,Argentina,LatAM,1,2007,0,0,0,tranquil,,0,0,0,1,9.667944759858662,15802.837,9.008,8.047,8.852,450.0,326.6,440.0,335.2,2.101,62.133,2.55,8.83,20.099,85.0,5.985037406483795,13.098541349354443,17.54,5.02,4.63,0.0,,0,,2.2512941,29.551,12.374156665320658
1,Argentina,LatAM,1,2008,1,1,0,onset,Argentina_ep,1,1,1,1,9.69787431838363,16282.958,4.057,9.008,8.047,1787.0,892.6,450.0,326.6,1.491,53.814,1.865,8.585,19.573,95.3,12.117647058823522,12.313946714342004,32.69,1.93,3.66,0.0,10.0,1,,2.6899009,30.762,9.320015079082285
1,Argentina,LatAM,1,2009,0,0,1,continuation,Argentina_ep,1,0,1,1,9.627130311423333,15170.838,-5.919,4.057,9.008,1894.0,1173.8,1787.0,892.6,2.167,55.397,-0.488,6.27,16.053,96.1,0.8394543546694555,12.416207541680487,31.48,0.16,3.26,0.0,,0,,1.2064393,34.524,12.659365848242587
1,Argentina,LatAM,1,2010,0,0,0,tranquil,,0,0,0,1,9.707415246036952,16439.056,10.125,-5.919,4.057,845.0,695.9,1894.0,1173.8,-0.382,43.454,-0.538,10.461,17.706,99.4,3.433922996878258,12.690106245474947,22.55,0.18,3.22,0.0,,0,,2.6751616,33.358,12.021005746907289
1,Argentina,LatAM,1,2011,0,0,0,tranquil,,0,0,0,1,9.754190881258346,17226.271,6.004,10.125,-5.919,993.0,700.8,845.0,695.9,-1.012,38.935,-1.587,9.775,18.398,109.7,10.362173038229372,14.008715116812445,24.2,0.1,2.78,0.0,,0,,2.04466,34.902,11.649469071068058
1,Argentina,LatAM,1,2012,1,1,0,onset,Argentina_ep,1,0,1,1,9.732504550685046,16856.718,-1.026,6.004,10.125,1236.0,1006.8,993.0,700.8,-0.369,40.436,-1.696,10.043,16.502,114.2,4.102096627164986,15.212815015692444,17.8,0.14,1.8,0.0,5.0,0,,2.8066719,36.821,14.21001304708189
1,Argentina,LatAM,1,2013,0,0,1,continuation,Argentina_ep,1,0,1,1,9.745081975123714,17070.071,2.405,-1.026,6.004,1307.0,1091.2,1236.0,1006.8,-2.147,43.496,-2.64,10.619,17.306,106.9,-6.392294220665495,15.729092013356382,14.23,0.11,2.35,0.0,,0,,1.7792056,37.603,16.275145134340733
1,Argentina,LatAM,1,2014,0,0,1,continuation,Argentina_ep,1,0,1,1,9.708640174158193,16459.205,-2.513,2.405,-1.026,1085.0,783.3,1307.0,1091.2,-1.629,44.697,-3.5,,17.263,104.7,-2.0579981290926086,13.823769245515058,14.18,0.09,2.54,0.0,,0,,0.96240664,38.853,19.38008138648485
1,Argentina,LatAM,1,2015,0,0,0,tranquil,,0,0,0,1,9.724805464832654,16727.435,2.731,-2.513,2.405,742.0,585.7,1085.0,783.3,-2.743,52.563,-4.418,,17.071,100.0,-4.489016236867238,14.414233041706447,16.67,0.13,2.14,0.0,,0,,1.9771346,41.366,24.813164359988928
1,Argentina,LatAM,1,2016,0,0,0,tranquil,,0,0,0,1,9.693210928629712,16207.201,-2.08,2.731,-2.513,544.0,480.3,742.0,585.7,-2.713,53.06,-4.762,,17.663,106.1,6.099999999999994,13.667633427351369,15.83,0.4,1.84,0.0,,0,,0.5847489,41.522,22.929761437779554
1,Argentina,LatAM,1,2017,0,0,0,tranquil,,0,0,0,1,9.710634695759117,16492.066,2.819,-2.08,2.731,469.0,409.1,544.0,480.3,-4.838,57.028,-4.228,25.675,18.213,103.0,-2.9217719132893394,15.958497342058305,11.09,1.0,2.33,0.0,,0,,1.789365,41.121,21.701524676176867
1,Argentina,LatAM,1,2018,0,0,0,tranquil,,0,0,0,1,9.673954066504548,15898.087,-2.617,2.819,-2.08,817.0,573.8,469.0,409.1,-5.164,85.246,-2.238,34.277,16.614,104.2,1.1650485436893288,,16.64,1.83,2.91,1.0,,0,,2.2325315,38.949,11.861362083763675
1,Argentina,LatAM,1,2019,1,1,0,onset,Argentina_ep,1,1,1,1,9.643808574457813,15425.983,-2.001,-2.617,2.819,2532.0,1388.1,817.0,573.8,-0.781,89.84,-0.407,53.548,14.242,103.4,-0.7677543186180413,14.477629244732308,15.39,2.16,2.14,1.0,8.0,1,,1.4850069,38.129,21.94140266992352
1,Argentina,LatAM,1,2020,0,0,1,continuation,Argentina_ep,1,1,1,1,9.529852597237536,13764.562,-9.9,-2.001,-2.617,3803.0,2226.5,2532.0,1388.1,0.698,103.816,-6.24,42.015,14.415,104.0,0.5802707930367523,15.746489768327963,29.25,0.38,0.89,1.0,,0,,1.2661692,42.479,28.412131793186106
1,Argentina,LatAM,1,2021,0,0,1,continuation,Argentina_ep,1,0,1,1,9.61969630101418,15058.476,10.442,-9.9,-2.001,1914.0,1602.1,3803.0,2226.5,1.363,81.043,-2.526,48.409,18.076,113.9,9.51923076923078,13.264428981453438,19.66,0.08,1.45,1.0,,0,,1.3683808,37.883,25.988409070093944
1,Argentina,LatAM,1,2022,0,0,1,continuation,Argentina_ep,1,1,1,1,9.668902546696216,15817.98,6.021,10.442,-9.9,2801.0,2171.3,1914.0,1602.1,-0.626,84.303,-1.728,72.431,17.906,114.2,0.2633889376646214,12.889100933525537,25.64,1.68,2.95,1.0,,0,,2.3984601,37.643,27.381915904181042
1,Argentina,LatAM,1,2023,0,0,1,continuation,Argentina_ep,1,1,1,1,9.641132623025069,15384.759,-1.856,6.021,10.442,2684.0,2207.1,2801.0,2171.3,-3.198,154.601,-2.795,133.489,19.096,109.4,-4.203152364273199,15.357082337610423,16.85,5.02,3.96,1.0,,0,,3.8119087,37.637,62.26604298951799
1,Argentina,LatAM,1,2024,0,0,1,continuation,Argentina_ep,1,0,1,1,9.618797732162864,15044.951,-1.343,-1.856,6.021,1964.0,1310.8,2684.0,2207.1,0.894,84.653,2.172,219.885,15.829,,,15.117677838107465,15.55,5.14,4.21,1.0,,0,,1.8240952,31.019,23.439244435298477
1,Argentina,LatAM,1,2025,0,0,1,continuation,Argentina_ep,1,0,1,1,9.652952827350603,15567.689,4.367,-1.343,-1.856,1222.0,748.2,1964.0,1310.8,-1.113,80.311,0.932,41.92,14.343,,,,18.93,4.21,4.29,1.0,,0,,,31.635,
2,Armenia,,0,1994,0,0,0,tranquil,,0,0,0,1,12.52913537162181,276270.399,5.4,,,,,,,3.804,,,5273.449,27.942,,,,,,,,,0,,0.6082916,,4.225237604178096
2,Armenia,,0,1995,0,0,0,tranquil,,0,0,0,1,12.610120049170094,299574.99,8.197,5.4,,,,,,-16.972,,,176.743,20.809,,,,,,,,,0,,1.7244228,,1.8503107997282164
2,Armenia,,0,1996,0,0,0,tranquil,,0,0,0,1,12.66890009686846,317711.843,5.881,8.197,5.4,,,,,-18.202,40.792,,18.653,21.095,,,,,,,,,0,,1.1002092,,3.4469513083360868
2,Armenia,,0,1997,0,0,0,tranquil,,0,0,0,1,12.702972339080098,328723.529,3.244,5.881,8.197,,,,,-19.315,46.515,,14.034,23.266,,,,,,,,,0,,3.1680536,,1.9434993026749992
2,Armenia,,0,1998,0,0,0,tranquil,,0,0,0,1,12.77496806137144,353262.986,7.277,3.244,5.881,,,,,-21.992,45.2,,8.687,22.686,,,,,,,,,0,,12.27078,,2.1302679873405204
2,Armenia,,0,1999,0,0,0,tranquil,,0,0,0,1,12.810860697655023,366172.824,3.385,7.277,3.244,,,,,-16.937,39.2,,0.723,20.769,,,,,,,,,0,,6.612581,,1.5769700098691652
2,Armenia,,0,2000,0,0,0,tranquil,,0,0,0,1,12.867931545637934,387678.453,5.567,3.385,7.277,,,,,-15.781,39.597,,-0.774,18.232,,,,,,,,,0,,5.4504333,,0.9086548893316577
2,Armenia,,0,2001,0,0,0,tranquil,,0,0,0,1,12.963362077316887,426497.625,9.6,5.567,3.385,,,,,-10.44,38.061,,3.16,15.844,,,,,,,,,0,,3.2980673,,0.8516224359048499
2,Armenia,,0,2002,0,0,0,tranquil,,0,0,0,1,13.106375633817246,492069.691,14.753,9.6,5.567,,,,,-6.219,38.248,,1.038,18.159,,,,,,,,,0,,4.6594996,,0.016030357298430494
2,Armenia,,0,2003,0,0,0,tranquil,,0,0,0,1,13.243307457912191,564280.901,14.041,14.753,9.6,,,,,-6.181,33.016,,4.682,24.392,,,,,,,,,0,,4.37657,,-0.9534814857445271
2,Armenia,,0,2004,0,0,0,tranquil,,0,0,0,1,13.347692848254669,626367.694,10.354,14.041,14.753,,,,,-2.204,26.446,,6.889,24.878,,,,,,,,,0,,6.909902,,-0.9894633026972365
2,Armenia,,0,2005,0,0,0,tranquil,,0,0,0,1,13.483165656365646,717239.903,13.805,10.354,14.041,,,,,-2.529,24.405,-1.517,0.569,30.466,,,,,,,,,0,,5.960107,,0.17336452885215617
2,Armenia,,0,2006,0,0,0,tranquil,,0,0,0,1,13.61346978348346,817061.612,13.198,13.805,10.354,,,,,-2.395,18.722,-1.611,2.899,35.906,,,,,,,,,0,,7.3073144,,-1.244735592113937
2,Armenia,,0,2007,0,0,0,tranquil,,0,0,0,1,13.748849765066945,935512.48,13.749,13.198,13.805,,,,,-7.357,16.102,-2.018,4.409,37.783,,,,,,,,,0,,7.252332,,-1.776613980707484
2,Armenia,,0,2008,0,0,0,tranquil,,0,0,0,1,13.822861426010904,1007377.952,6.948,13.749,13.198,,,,,-14.225,16.385,-1.465,9.115,40.871,,,,,,,,,0,,8.092349,,-1.0710420031278274
2,Armenia,,0,2009,0,0,0,tranquil,,0,0,0,1,13.679781105661291,873078.81,-14.15,6.948,13.749,,,,,-16.484,40.604,-7.171,3.516,34.67,,,,,,,,,0,,8.788694,,-3.615672978413579
2,Armenia,,0,2010,0,0,0,tranquil,,0,0,0,1,13.70712173382764,897278.645,2.2,-14.15,6.948,,,,,-13.622,39.969,-4.107,8.152,32.869,,,,,,,,,0,,5.7160373,,-1.0933546479531386
2,Armenia,,0,2011,0,0,0,tranquil,,0,0,0,1,13.751723983377357,938205.215,4.7,2.2,-14.15,,,,,-10.44,42.217,-1.935,7.494,27.281,,,,,,,,,0,,6.440668,,0.35961781749821914
2,Armenia,,0,2012,0,0,0,tranquil,,0,0,0,1,13.821348704772213,1005855.222,7.134,4.7,2.2,,,,,-9.962,41.356,-0.551,2.492,25.328,,,,,,,,,0,,4.676728,,0.8136216247099908
2,Armenia,Middle East & Central Asia,4,2013,0,0,0,tranquil,,0,0,0,1,13.857599314922092,1042987.047,3.412,7.134,4.7,435.9,413.0,,,-7.297,40.856,-0.567,5.714,22.152,,,,,,,,,0,,3.1119318,,0.21555763805048436
2,Armenia,Middle East & Central Asia,4,2014,0,0,0,tranquil,,0,0,0,1,13.896103978275455,1083930.103,3.607,3.412,7.134,453.4,336.3,435.9,413.0,-7.75,43.689,-0.666,3.02,21.283,,,,,,,,,0,,3.502114,,1.9301969163838588
2,Armenia,Middle East & Central Asia,4,2015,0,0,0,tranquil,,0,0,0,1,13.932193414423184,1123762.979,3.254,3.607,3.412,577.8,501.0,453.4,336.3,-2.662,48.702,-3.361,3.696,20.731,,,,,,,,,0,,1.744737,,2.103148194941496
2,Armenia,Middle East & Central Asia,4,2016,0,0,0,tranquil,,0,0,0,1,13.938478567492496,1130848.244,0.195,3.254,3.607,569.0,471.0,577.8,501.0,-0.957,56.749,-3.634,-1.417,18.016,,,,,,,,,0,,3.1653674,,5.0502261743019226
2,Armenia,Middle East & Central Asia,4,2017,0,0,0,tranquil,,0,0,0,1,14.014479834287965,1220144.478,7.518,0.195,3.254,368.6,298.7,569.0,471.0,-1.261,58.938,-2.547,0.98,18.422,,,,,,,,,0,,2.1925733,,6.4020626282779425
2,Armenia,Middle East & Central Asia,4,2018,0,0,0,tranquil,,0,0,0,1,14.067600535318126,1286711.807,5.225,7.518,0.195,326.5,267.8,368.6,298.7,-7.228,55.655,0.554,2.528,22.4,,,,,,,,,0,,2.142048,,6.585361008577613
2,Armenia,Middle East & Central Asia,4,2019,0,0,0,tranquil,,0,0,0,1,14.141479821675253,1385372.787,7.631,5.225,7.518,268.0,222.8,326.5,267.8,-7.057,53.673,1.432,1.437,17.409,,,,,,,,,0,,0.7363458,,5.035933432652816
2,Armenia,Middle East & Central Asia,4,2020,0,0,0,tranquil,,0,0,0,1,14.067494348172492,1286575.182,-7.105,7.631,5.225,520.4,351.6,268.0,222.8,-3.998,67.362,-2.742,1.224,19.664,,,,,,,,,0,,0.46340886,,10.521372575683092
2,Armenia,Middle East & Central Asia,4,2021,0,0,0,tranquil,,0,0,0,1,14.121261056324474,1357643.53,5.77,-7.105,7.631,308.6,285.9,520.4,351.6,-3.396,63.354,-2.016,7.173,22.964,,,,,,,,,0,,2.640143,,11.752998618155027
2,Armenia,Middle East & Central Asia,4,2022,0,0,0,tranquil,,0,0,0,1,14.234650768175966,1520653.551,12.569,5.77,-7.105,566.8,430.5,308.6,285.9,0.738,49.247,0.217,8.641,22.255,,,,,,,,,0,,4.999916,,11.818604454684397
2,Armenia,Middle East & Central Asia,4,2023,0,0,0,tranquil,,0,0,0,1,14.29834897159864,1620668.006,8.347,12.569,5.77,362.7,310.8,566.8,430.5,-2.77,50.512,0.651,1.98,22.941,,,,,,,,,0,,2.3995929,,12.64029093191453
2,Armenia,Middle East & Central Asia,4,2024,0,0,0,tranquil,,0,0,0,1,14.355272290332534,1715598.042,5.857,8.347,12.569,299.7,269.5,362.7,310.8,-4.602,49.961,-0.597,0.269,23.833,,,,,,,,,0,,0.5068783,,14.073234215284547
2,Armenia,Middle East & Central Asia,4,2025,0,0,0,tranquil,,0,0,0,1,14.412073342601234,1815866.537,7.162,5.857,8.347,314.5,242.4,299.7,269.5,-6.72,48.965,-0.653,3.307,25.163,,,,,,,,,0,,,,
3,Azerbaijan,,0,1994,0,0,0,tranquil,,0,0,0,1,6.605763306550212,739.344,-19.673,,,,,,,-5.461,,3.214,1664.0,1.873,,,,13.93,4.2,7.09,0.0,,0,,1.8438724,,7.6271214304777155
3,Azerbaijan,,0,1995,0,0,0,tranquil,,0,0,0,1,6.460087536208583,639.117,-13.027,-19.673,,,,,,-13.165,19.209,-1.24,411.76,23.779,,,,12.39,5.84,6.57,1.0,,0,,13.653487,,-1.8739357015652824
3,Azerbaijan,,0,1996,0,0,0,tranquil,,0,0,0,1,6.474319616698469,648.278,2.531,-13.027,-19.673,,,,,-25.894,16.721,-1.929,19.795,29.003,,,,16.44,5.3,6.44,1.0,,0,,19.747381,,-0.7904916928932153
3,Azerbaijan,,0,1997,0,0,0,tranquil,,0,0,0,1,6.549951126298549,699.21,8.884,2.531,-13.027,,,,,-21.214,11.443,-0.827,3.674,31.428,,,,22.36,5.46,6.35,1.0,,0,,28.13569,,0.09566937276382832
3,Azerbaijan,,0,1998,0,0,0,tranquil,,0,0,0,1,6.598476330532256,733.976,6.007,8.884,2.531,,,,,-31.883,14.291,1.732,-0.773,34.665,,,,25.6,5.35,5.26,1.0,,0,,23.006798,,0.20071889698715367
3,Azerbaijan,,0,1999,0,0,0,tranquil,,0,0,0,1,6.69670579867129,809.734,11.396,6.007,8.884,,,,,-13.09,25.414,-0.633,-8.525,26.495,,,,24.37,4.97,5.65,1.0,,0,,11.139256,,-1.533888438812111
3,Azerbaijan,,0,2000,0,0,0,tranquil,,0,0,0,1,6.747181515245731,851.655,6.227,11.396,6.007,,,,,-3.539,13.133,0.539,1.805,20.674,84.4107030104,,,23.32,6.24,6.03,0.0,,0,,2.4643745,,0.22371519462495498
3,Azerbaijan,,0,2001,0,0,0,tranquil,,0,0,0,1,6.831487437527583,926.568,9.9,6.227,11.396,,,,,-0.945,12.954,22.024,1.772,20.677,74.3271081537,-11.945872380019908,,25.75,3.89,5.02,1.0,,0,,14.359392,,-1.4658685323370457
3,Azerbaijan,,0,2002,0,0,0,tranquil,,0,0,0,1,6.9122262691930745,1004.481,9.439,9.9,6.227,,,,,-12.329,11.885,19.672,2.743,34.576,76.2456681841,2.5812386329260084,,27.29,1.67,4.61,1.0,,0,,32.4655,,1.6048845143824164
3,Azerbaijan,,0,2003,0,0,0,tranquil,,0,0,0,1,6.999976146316344,1096.607,10.208,9.439,9.9,,,,,-27.772,10.659,1.833,2.116,53.17,80.3399905016,5.369908107584553,,21.98,1.13,4.01,1.0,,0,,55.072876,,0.9640377043701673
3,Azerbaijan,,0,2004,0,0,0,tranquil,,0,0,0,1,7.078863365831864,1186.619,9.254,10.208,9.439,,,,,-29.824,9.71,1.99,6.711,57.99,93.515606429,16.399822610307147,,15.48,1.35,4.27,1.0,,0,,54.36505,,-0.3089451978727111
3,Azerbaijan,,0,2005,0,0,0,tranquil,,0,0,0,1,7.30143926135446,1482.432,26.4,9.254,10.208,,,,,1.264,6.855,2.908,9.591,41.535,117.1,25.21974082358758,,12.81,3.21,4.29,0.0,,0,,33.7958,,-0.5593533604728448
3,Azerbaijan,,0,2006,0,0,0,tranquil,,0,0,0,1,7.585146991437548,1968.736,34.466,26.4,9.254,,,,,17.67,5.297,0.85,8.3,29.859,129.5,10.589239965841156,,12.81,4.96,4.8,0.0,,0,,21.38014,,0.1576161934151988
3,Azerbaijan,,0,2007,0,0,0,tranquil,,0,0,0,1,7.795165762345085,2428.832,25.0,34.466,26.4,,,,,27.288,4.003,2.545,16.713,21.525,133.9,3.397683397683404,,17.54,5.02,4.63,0.0,,0,,13.901103,,0.4375183748170871
3,Azerbaijan,,0,2008,0,0,0,tranquil,,0,0,0,1,7.884462422763254,2655.697,10.77,25.0,34.466,,,,,33.68,3.221,17.342,20.807,18.694,158.2,18.14787154592978,,32.69,1.93,3.66,0.0,,0,,8.161108,,-1.9030894409176526
3,Azerbaijan,,0,2009,0,0,0,tranquil,,0,0,0,1,7.956865650244564,2855.11,9.26,10.77,25.0,,,,,22.965,4.726,6.036,1.46,18.949,109.2,-30.973451327433622,,31.48,0.16,3.26,0.0,,0,,6.5474625,,-1.1183264119770233
3,Azerbaijan,,0,2010,0,0,0,tranquil,,0,0,0,1,7.997285113416527,2972.876,5.0,9.26,10.77,,,,,28.425,4.981,13.836,5.725,18.06,133.5,22.25274725274724,,22.55,0.18,3.22,0.0,,0,,6.337255,,0.6949722301189214
3,Azerbaijan,,0,2011,0,0,0,tranquil,,0,0,0,1,7.985726669102877,2938.712,0.1,5.0,9.26,,,,,25.998,4.967,10.935,7.875,20.268,160.8,20.449438202247205,,24.2,0.1,2.78,0.0,,0,,6.8005,,-2.8174612871817515
3,Azerbaijan,APAC,2,2012,0,0,0,tranquil,,0,0,0,1,7.993999058693067,2963.123,2.203,0.1,5.0,468.0,323.9,,,21.406,5.831,3.813,1.075,22.317,163.3,1.5547263681592094,,17.8,0.14,1.8,0.0,,0,,7.5965185,,-2.68627131321047
3,Azerbaijan,APAC,2,2013,0,0,0,tranquil,,0,0,0,1,8.037740580820666,3095.611,5.843,2.203,0.1,379.0,289.0,468.0,323.9,16.609,6.179,1.749,2.408,25.658,163.4,0.0612369871402229,,14.23,0.11,2.35,0.0,,0,,3.532116,,-7.206555356312949
3,Azerbaijan,APAC,2,2014,0,0,0,tranquil,,0,0,0,1,8.052222634983284,3140.768,2.768,5.843,2.203,306.0,242.3,379.0,289.0,13.864,8.533,2.891,1.367,27.51,154.1,-5.691554467564264,,14.18,0.09,2.54,0.0,,0,,5.8884616,,-8.971940672551135
3,Azerbaijan,APAC,2,2015,0,0,0,tranquil,,0,0,0,1,8.05080477939058,3136.318,1.08,2.768,5.843,473.0,373.4,306.0,242.3,-0.42,17.98,-4.462,4.04,27.914,100.0,-35.107073329007136,,16.67,0.13,2.14,0.0,,0,,7.6260686,,-12.999649888764253
3,Azerbaijan,APAC,2,2016,0,0,0,tranquil,,0,0,0,1,8.008040833626266,3005.024,-3.064,1.08,2.768,607.0,425.2,473.0,373.4,-3.604,20.608,-0.743,12.448,25.682,87.1,-12.9,32.86885402943391,15.83,0.4,1.84,0.0,,0,,11.882817,,-10.491406932322938
3,Azerbaijan,APAC,2,2017,0,0,0,tranquil,,0,0,0,1,7.998856093699712,2977.55,0.154,-3.064,1.08,334.0,290.8,607.0,425.2,4.071,22.509,-0.909,12.937,24.379,101.2,16.18828932261769,22.099603808675987,11.09,1.0,2.33,0.0,,0,,7.016696,,-9.78140793013145
3,Azerbaijan,APAC,2,2018,0,0,0,tranquil,,0,0,0,1,8.004512514769766,2994.44,1.47,0.154,-3.064,286.0,238.8,334.0,290.8,12.844,18.685,6.106,2.262,20.129,118.7,17.292490118577074,20.76648582345203,16.64,1.83,2.91,0.0,,0,,2.9779758,,-8.982404097350546
3,Azerbaijan,APAC,2,2019,0,0,0,tranquil,,0,0,0,1,8.023677876011947,3052.383,2.48,1.47,0.154,234.0,209.2,286.0,238.8,9.061,17.656,9.648,2.595,20.308,108.4,-8.677337826453247,23.001869012286285,15.39,2.16,2.14,0.0,,0,,3.1218305,,-9.573392474412733
3,Azerbaijan,APAC,2,2020,0,0,0,tranquil,,0,0,0,1,7.97847242409417,2917.471,-4.199,2.48,1.47,523.0,306.3,234.0,209.2,-0.533,21.327,-5.607,2.763,23.666,75.4,-30.44280442804428,26.03201510446264,29.25,0.38,0.89,0.0,,0,,1.1879039,,-11.983045475219107
3,Azerbaijan,APAC,2,2021,0,0,0,tranquil,,0,0,0,1,8.027906595027593,3065.318,5.616,-4.199,2.48,207.0,175.6,523.0,306.3,15.124,26.349,4.879,6.664,17.079,119.7,58.75331564986737,22.92504407504592,19.66,0.08,1.45,0.0,,0,,-3.1147344,,-7.701149083722447
3,Azerbaijan,APAC,2,2022,0,0,0,tranquil,,0,0,0,1,8.0702721378834,3197.972,4.715,5.616,-4.199,374.0,238.5,207.0,175.6,29.792,17.324,6.435,13.859,12.004,173.3,44.77861319966583,18.29846878737616,25.64,1.68,2.95,0.0,,0,,-5.677737,,-4.188978638961519
3,Azerbaijan,APAC,2,2023,0,0,0,tranquil,,0,0,0,1,8.07740616742967,3220.868,1.354,4.715,5.616,231.0,189.4,374.0,238.5,11.5,21.807,8.626,8.782,17.743,116.2,-32.94864396999423,23.127798053751288,16.85,5.02,3.96,0.0,,0,,0.34908372,,-3.49373262639651
3,Azerbaijan,APAC,2,2024,0,0,0,tranquil,,0,0,0,1,8.106201137844876,3314.961,4.156,1.354,4.715,199.0,166.4,231.0,189.4,6.276,21.64,4.484,2.215,16.772,,,26.394691931298908,15.55,5.14,4.21,0.0,,0,,0.3112067,,-6.482678490165027
3,Azerbaijan,APAC,2,2025,0,0,0,tranquil,,0,0,0,1,8.108175379924301,3321.512,1.4,4.156,1.354,194.0,135.5,199.0,166.4,5.478,20.131,3.335,5.6,15.69,,,,18.93,4.21,4.29,0.0,,0,,,,
4,Belize,,0,1994,0,0,0,tranquil,,0,0,0,1,9.165499165400057,9561.493,-0.02,,,,,,,-5.19,,,2.569,25.474,,,26.253501382414445,13.93,4.2,7.09,0.0,,0,,1.9912857,,3.83338213459301
4,Belize,,0,1995,0,0,0,tranquil,,0,0,0,1,9.147055677802294,9386.762,0.732,-0.02,,,,,,-2.107,,,2.89,23.71,,,26.65790363371662,12.39,5.84,6.57,0.0,,0,,2.571494,,6.284218508588394
4,Belize,,0,1996,0,0,0,tranquil,,0,0,0,1,9.13296125545872,9255.389,1.105,0.732,-0.02,,,,,-0.781,,-0.398,6.425,21.156,,,28.108257047100388,16.44,5.3,6.44,0.0,,0,,1.9498104,19.905,3.413167758603597
4,Belize,,0,1997,0,0,0,tranquil,,0,0,0,1,9.139033396443208,9311.76,4.235,1.105,0.732,,,,,-3.658,,-0.41,1.026,15.556,,,30.932413260129653,22.36,5.46,6.35,0.0,,0,,1.3695475,19.93,4.463716757184153
4,Belize,,0,1998,0,0,0,tranquil,,0,0,0,1,9.140934986845748,9329.484,3.893,4.235,1.105,,,,,-4.46,,-1.366,-0.847,15.447,,,32.868197195620894,25.6,5.35,5.26,0.0,,0,,1.8997962,20.919,4.906909984101988
4,Belize,,0,1999,0,0,0,tranquil,,0,0,0,1,9.212069176731704,10017.303,9.423,3.893,4.235,,,,,-6.197,,-5.001,-1.207,23.575,,,32.06615138213911,24.37,4.97,5.65,0.0,,0,,5.868834,23.592,5.022991347367127
4,Belize,,0,2000,0,0,0,tranquil,,0,0,0,1,9.300311232039125,10941.424,12.241,9.423,3.893,,,,,-14.196,,-4.927,0.614,33.069,105.562276372,,29.86056788714832,23.32,6.24,6.03,0.0,,0,,2.5976331,23.16,1.475084614072756
4,Belize,,0,2001,0,0,0,tranquil,,0,0,0,1,9.324035507989066,11204.105,4.994,12.241,9.423,,,,,-16.242,49.542,-4.947,1.149,27.856,110.2581092019,4.448400499958849,32.8925041838192,25.75,3.89,5.02,0.0,,0,,5.219499,25.857,3.2852829944307183
4,Belize,,0,2002,0,0,0,tranquil,,0,0,0,1,9.351424657062024,11515.217,5.399,4.994,12.241,,,,,-13.291,53.189,-2.837,2.195,22.13,102.3669896287,-7.156951656725874,35.538043063414335,27.29,1.67,4.61,0.0,,0,,2.046863,24.378,0.940741750994373
4,Belize,,0,2003,0,0,0,tranquil,,0,0,0,1,9.418287033284011,12311.475,9.665,5.399,4.994,,,,,-14.086,67.194,-5.03,2.621,21.137,92.2770452817,-9.856638730510392,38.62891761914162,21.98,1.13,4.01,0.0,,0,,-0.83504707,24.559,3.3367850657380176
4,Belize,,0,2004,0,0,0,tranquil,,0,0,0,1,9.439325070525635,12573.228,4.781,9.665,5.399,,,,,-11.064,70.669,-0.108,3.067,20.544,91.5378126854,-0.8011012858542443,40.169882631220354,15.48,1.35,4.27,0.0,,0,,7.962863,21.703,6.529843551144763
4,Belize,,0,2005,0,0,0,tranquil,,0,0,0,1,9.43548631716099,12525.055,2.219,4.781,9.665,,,,,-10.257,72.733,1.501,3.651,22.578,107.9,17.87478511293916,40.10650082778358,12.81,3.21,4.29,0.0,,0,,8.608058,21.401,4.327956945486748
4,Belize,,0,2006,0,0,0,tranquil,,0,0,0,1,9.453617397811378,12754.219,4.511,2.219,4.781,,,,,-1.596,71.368,3.081,4.24,21.037,110.1,2.0389249304911816,42.22438900625862,12.81,4.96,4.8,0.0,,0,,6.84257,21.167,4.83529318001782
4,Belize,LatAM,1,2007,0,0,0,tranquil,,0,0,0,1,9.460281947214334,12839.504,3.339,4.511,2.219,591.0,460.7,,,-3.053,66.443,3.071,2.318,20.509,104.6,-4.995458673932784,45.550021882961545,17.54,5.02,4.63,0.0,,0,Spreads appear frozen from late 2022.,8.22732,22.058,5.653958001288778
4,Belize,LatAM,1,2008,1,1,0,onset,Belize_ep,1,1,1,1,9.417395597428266,12300.505,-1.627,3.339,4.511,1790.0,836.0,591.0,460.7,-8.334,64.667,4.199,6.394,21.137,105.3,0.6692160611854625,49.40662647826781,32.69,1.93,3.66,0.0,11.0,1,Spreads appear frozen from late 2022.,9.759734,21.776,5.399077443021775
4,Belize,LatAM,1,2009,0,0,1,continuation,Belize_ep,1,1,1,1,9.386310970729047,11924.03,-0.447,-1.627,3.339,1778.0,1421.3,1790.0,836.0,-4.907,69.73,0.566,-1.104,20.489,106.0,0.6647673314339908,52.875376389189,31.48,0.16,3.26,0.0,,0,Spreads appear frozen from late 2022.,6.4478235,23.18,5.081387351487718
4,Belize,LatAM,1,2010,0,0,1,continuation,Belize_ep,1,0,1,1,9.377261109287447,11816.606,1.417,-0.447,-1.627,1132.0,817.5,1778.0,1421.3,-2.615,68.417,1.051,0.918,14.947,94.4,-10.943396226415093,49.83459338095096,22.55,0.18,3.22,0.0,,0,Spreads appear frozen from late 2022.,5.5146093,23.304,5.508648624827929
4,Belize,LatAM,1,2011,0,0,1,continuation,Belize_ep,1,1,1,1,9.35776065339928,11588.409,-0.13,1.417,-0.447,1391.0,1010.8,1132.0,817.5,-1.089,66.219,1.736,1.656,15.668,107.0,13.347457627118642,47.62180511850801,24.2,0.1,2.78,0.0,,0,Spreads appear frozen from late 2022.,5.2058167,23.473,4.5463922545531394
4,Belize,LatAM,1,2012,0,0,1,continuation,Belize_ep,1,1,1,1,9.378984061778157,11836.983,3.944,-0.13,1.417,2422.0,1968.4,1391.0,1010.8,-1.727,63.133,1.314,1.247,14.735,105.7,-1.2149532710280295,46.47995486346839,17.8,0.14,1.8,0.0,,0,Spreads appear frozen from late 2022.,10.130044,22.056,4.618802133814203
4,Belize,LatAM,1,2013,0,0,1,continuation,Belize_ep,1,0,1,1,9.39665619107302,12048.027,4.066,3.944,-0.13,1558.0,937.2,2422.0,1968.4,-3.567,62.78,0.857,0.51,16.742,101.4,-4.068117313150421,44.87032809100097,14.23,0.11,2.35,0.0,,0,Spreads appear frozen from late 2022.,4.5326314,23.808,0.7086812680448318
4,Belize,LatAM,1,2014,0,0,0,tranquil,,0,0,0,1,9.413085768302793,12247.606,3.892,4.066,3.944,819.0,735.9,1558.0,937.2,-6.354,61.544,0.338,1.201,17.07,104.0,2.564102564102555,44.6944711868936,14.18,0.09,2.54,0.0,,0,Spreads appear frozen from late 2022.,6.5987396,24.816,0.2504614774229037
4,Belize,LatAM,1,2015,0,0,0,tranquil,,0,0,0,1,9.418961217444638,12319.778,2.76,3.892,4.066,822.0,784.2,819.0,735.9,-7.968,65.077,-3.019,-0.862,22.365,100.0,-3.846153846153844,45.89121401207786,16.67,0.13,2.14,0.0,,0,Spreads appear frozen from late 2022.,2.695698,27.948,6.925283906400503
4,Belize,LatAM,1,2016,1,1,0,onset,Belize_ep,1,1,1,1,9.398204954445571,12066.701,-0.019,2.76,3.892,1932.0,1378.2,822.0,784.2,-7.298,70.457,-2.14,0.661,22.792,110.7,10.7,44.73528905667046,15.83,0.4,1.84,0.0,2.0,0,Spreads appear frozen from late 2022.,1.4615707,27.662,11.641120063607646
4,Belize,LatAM,1,2017,0,0,1,continuation,Belize_ep,1,0,1,1,9.360030001814271,11614.737,-1.833,-0.019,2.76,1841.0,898.6,1932.0,1378.2,-6.974,78.115,-0.999,1.15,18.727,105.4,-4.787714543812105,44.37636601860546,11.09,1.0,2.33,0.0,,0,Spreads appear frozen from late 2022.,1.4047316,27.669,13.360829775180427
4,Belize,LatAM,1,2018,0,0,0,tranquil,,0,0,0,1,9.348438321987974,11480.88,0.822,-1.833,-0.019,858.0,763.7,1841.0,898.6,-6.597,79.023,1.254,0.27,16.126,97.4,-7.590132827324481,45.33084974767544,16.64,1.83,2.91,0.0,,0,Spreads appear frozen from late 2022.,5.338853,26.931,13.205677785576503
4,Belize,LatAM,1,2019,0,0,0,tranquil,,0,0,0,1,9.370901546321342,11741.696,4.257,0.822,-1.833,899.0,839.8,858.0,763.7,-7.754,78.621,-0.274,0.186,17.607,91.0,-6.570841889117052,45.962648172003725,15.39,2.16,2.14,0.0,,0,Spreads appear frozen from late 2022.,3.94384,27.532,13.62514963172687
4,Belize,LatAM,1,2020,1,1,0,onset,Belize_ep,1,1,1,1,9.20795984075879,9976.223,-13.523,4.257,0.822,1887.0,1331.3,899.0,839.8,-6.248,103.037,-6.804,0.122,26.201,101.9,11.97802197802198,55.07824264393919,29.25,0.38,0.89,0.0,3.0,0,Spreads appear frozen from late 2022.,3.7221408,33.153,18.938177542584945
4,Belize,LatAM,1,2021,0,0,1,continuation,Belize_ep,1,0,1,1,9.357295079932802,11583.015,17.99,-13.523,4.257,1629.0,1443.2,1887.0,1331.3,-6.5,82.209,-1.85,3.239,24.21,87.9,-13.73895976447498,47.61783898377928,19.66,0.08,1.45,0.0,,0,Spreads appear frozen from late 2022.,5.1673875,25.733,14.219900058932977
4,Belize,LatAM,1,2022,0,0,1,continuation,Belize_ep,1,0,1,1,9.450509521738253,12714.642,9.251,17.99,-13.523,1197.0,1197.0,1629.0,1443.2,-8.275,66.826,0.686,6.274,22.424,82.5,-6.1433447098976135,42.48679054431994,25.64,1.68,2.95,0.0,,0,Spreads appear frozen from late 2022.,4.950037,23.424,12.601038084200217
4,Belize,LatAM,1,2023,0,0,1,continuation,Belize_ep,1,0,1,1,9.43874820262539,12565.977,0.5,9.251,17.99,1197.0,1197.0,1197.0,1197.0,-1.029,67.495,-0.161,4.399,17.045,96.1,16.48484848484848,42.03925825245568,16.85,5.02,3.96,0.0,,0,Spreads appear frozen from late 2022.,0.5254137,25.793,13.812642758389146
4,Belize,LatAM,1,2024,0,0,1,continuation,Belize_ep,1,0,1,1,9.45670337326058,12793.639,3.505,0.5,9.251,1197.0,1197.0,1197.0,1197.0,-1.918,65.436,1.009,3.28,18.298,,,41.277586073249736,15.55,5.14,4.21,0.0,,0,Spreads appear frozen from late 2022.,4.0099254,26.753,14.091184482873468
4,Belize,LatAM,1,2025,0,0,1,continuation,Belize_ep,1,0,1,1,9.467926701809732,12938.035,2.747,3.505,0.5,1197.0,1197.0,1197.0,1197.0,-3.548,67.884,1.463,1.066,19.188,,,,18.93,4.21,4.29,0.0,,0,Spreads appear frozen from late 2022.,,25.869,
5,Bolivia,,0,1994,0,0,0,tranquil,,0,0,0,1,9.663037287789694,15725.475,4.686,,,,,,,-3.703,,-0.446,7.875,14.928,83.5852915425,,49.93605901220957,13.93,4.2,7.09,1.0,,0,,2.1768124,23.95,-0.8398361868580009
5,Bolivia,,0,1995,0,0,0,tranquil,,0,0,0,1,9.689653037380682,16149.64,4.656,4.686,,,,,,-4.624,,0.995,10.192,15.884,81.8619645928,-2.061758615537934,48.2018453881021,12.39,5.84,6.57,1.0,,0,,5.8479605,23.067,-0.24817688561827325
5,Bolivia,,0,1996,0,0,0,tranquil,,0,0,0,1,9.716050674767686,16581.629,4.592,4.656,4.686,,,,,-4.14,,0.773,12.43,16.955,91.5881386074,11.881188123178068,52.73723045386676,16.44,5.3,6.44,1.0,,0,,6.409399,23.306,-2.572143478543214
5,Bolivia,,0,1997,0,0,0,tranquil,,0,0,0,1,9.74681122761741,17099.615,5.003,4.592,4.656,,,,,-6.355,,-0.901,4.709,20.46,95.0442947761,3.7735849000219313,58.2754233787146,22.36,5.46,6.35,1.0,,0,,9.21807,25.304,-1.648936696129661
5,Bolivia,,0,1998,0,0,0,tranquil,,0,0,0,1,9.784895045596247,17763.393,5.732,5.003,4.592,,,,,-7.065,,-2.682,7.674,24.509,89.7922927557,-5.525846693662539,64.05184308262587,25.6,5.35,5.26,1.0,,0,,11.171528,26.819,0.6074607114186983
5,Bolivia,,0,1999,0,0,0,tranquil,,0,0,0,1,9.772909052971253,17551.752,0.549,5.732,5.003,,,,,-5.306,,-1.649,2.161,19.621,89.7189929183,-0.0816326603881534,64.44999269813266,24.37,4.97,5.65,1.0,,0,,12.196647,26.274,0.65369176083313
5,Bolivia,,0,2000,0,0,0,tranquil,,0,0,0,1,9.776902038491802,17621.976,2.139,0.549,5.732,,,,,-4.764,66.496,-1.299,4.601,19.042,91.5881386074,2.083333337013804,58.721802694767646,23.32,6.24,6.03,1.0,,0,,8.76831,26.229,2.2048586776121697
5,Bolivia,,0,2001,0,0,0,tranquil,,0,0,0,1,9.776116119770656,17608.132,1.621,2.139,0.549,,,,,-3.01,74.363,-3.78,1.596,15.119,87.7570253893,-4.182979670022968,53.55660002880667,25.75,3.89,5.02,1.0,,0,,8.668606,28.638,4.637661406180419
5,Bolivia,,0,2002,0,0,0,tranquil,,0,0,0,1,9.78581364842468,17779.718,2.677,1.621,2.139,,,,,-3.934,77.156,-5.511,0.923,17.285,88.1786857035,0.4804861061886045,51.001676850074006,27.29,1.67,4.61,0.0,,0,,8.557894,29.632,8.820740947327172
5,Bolivia,,0,2003,0,0,0,tranquil,,0,0,0,1,9.78723774089087,17805.056,1.834,2.677,1.621,,,,,0.931,85.46,-4.521,3.338,14.204,93.6047571084,6.153495441228407,47.88051985836184,21.98,1.13,4.01,1.0,,0,,2.442344,28.583,8.894036666438542
5,Bolivia,,0,2004,0,0,0,tranquil,,0,0,0,1,9.810240153735435,18219.362,4.063,1.834,2.677,,,,,3.315,80.591,-2.348,2.489,11.979,108.3220451181,15.722799208438175,42.65070129037779,15.48,1.35,4.27,1.0,,0,,0.7457726,29.024,9.173702101532937
5,Bolivia,,0,2005,0,0,0,tranquil,,0,0,0,1,9.834640884646625,18669.396,4.212,4.063,1.834,,,,,5.79,73.161,0.673,5.4,15.492,105.2,-2.882188122183371,39.795158899680814,12.81,3.21,4.29,1.0,,0,,-2.4988682,29.549,25.920593671006497
5,Bolivia,,0,2006,0,0,0,tranquil,,0,0,0,1,9.863766618293136,19221.152,4.725,4.212,4.063,,,,,10.215,48.569,6.249,4.3,15.241,118.4,12.547528517110273,35.17788766481127,12.81,4.96,4.8,1.0,,0,,2.4516876,26.648,19.440955996265995
5,Bolivia,,0,2007,0,0,0,tranquil,,0,0,0,1,9.895673199856514,19844.322,5.023,4.725,4.212,,,,,10.672,35.484,0.886,8.682,16.699,131.8,11.317567567567565,34.34642796479957,17.54,5.02,4.63,0.0,,0,,2.791854,28.943,16.298943452974733
5,Bolivia,,0,2008,0,0,0,tranquil,,0,0,0,1,9.943197232664032,20810.173,6.652,5.023,4.725,,,,,10.445,32.377,4.845,14.009,19.316,139.0,5.4628224582701,31.494834365966355,32.69,1.93,3.66,0.0,,0,,3.0726109,31.099,13.399901166310629
5,Bolivia,,0,2009,0,0,0,tranquil,,0,0,0,1,9.955638681378469,21070.699,2.952,6.652,5.023,,,,,4.053,34.117,3.72,3.345,18.61,133.7,-3.812949640287777,34.021429779919885,31.48,0.16,3.26,0.0,,0,,2.4396782,28.891,12.187618442106592
5,Bolivia,,0,2010,0,0,0,tranquil,,0,0,0,1,9.982942241206526,21653.93,4.472,2.952,6.652,,,,,3.849,32.809,2.63,2.502,18.833,140.5,5.086013462976813,36.02902219355499,22.55,0.18,3.22,0.0,,0,,3.1654286,27.458,8.716751775607989
5,Bolivia,,0,2011,0,0,0,tranquil,,0,0,0,1,10.020403857134086,22480.507,5.516,4.472,2.952,,,,,1.924,30.544,1.78,9.884,22.718,165.9,18.078291814946624,36.75350592217767,24.2,0.1,2.78,0.0,,0,,3.5844226,30.569,5.496633500077849
5,Bolivia,LatAM,1,2012,0,0,0,tranquil,,0,0,0,1,10.057478348154016,23329.603,5.45,5.516,4.472,348.0,344.5,,,6.265,30.71,2.375,4.517,19.795,157.8,-4.88245931283906,38.96580384297728,17.8,0.14,1.8,0.0,,0,,3.9135501,31.268,-0.02099802375216724
5,Bolivia,LatAM,1,2013,0,0,0,tranquil,,0,0,0,1,10.110704303025532,24604.984,7.14,5.45,5.516,380.0,308.4,348.0,344.5,2.931,30.996,1.333,5.737,21.249,141.0,-10.646387832699622,40.93109503433449,14.23,0.11,2.35,0.0,,0,,5.706622,30.432,-2.772321140560045
5,Bolivia,LatAM,1,2014,0,0,0,tranquil,,0,0,0,1,10.151444762772844,25628.102,5.779,7.14,5.45,315.0,253.2,380.0,308.4,1.451,31.796,-2.072,5.765,23.328,133.6,-5.248226950354617,43.7497193000006,14.18,0.09,2.54,0.0,,0,,1.9898249,34.877,-2.556947776385257
5,Bolivia,LatAM,1,2015,0,0,0,tranquil,,0,0,0,1,10.184487285304945,26489.065,4.939,5.779,7.14,339.0,296.8,315.0,253.2,-4.836,33.964,-4.927,4.061,22.267,100.0,-25.1497005988024,51.448872459157215,16.67,0.13,2.14,0.0,,0,,1.6807278,36.961,-0.44562763886182316
5,Bolivia,LatAM,1,2016,0,0,0,tranquil,,0,0,0,1,10.212082114100722,27230.205,4.341,4.939,5.779,262.0,163.8,339.0,296.8,-4.584,38.202,-5.138,3.625,23.06,84.5,-15.500000000000004,57.40864576764238,15.83,0.4,1.84,0.0,,0,,0.98808014,32.865,-0.11328714998729689
5,Bolivia,LatAM,1,2017,0,0,0,tranquil,,0,0,0,1,10.239046872575775,27974.45,4.245,4.341,4.939,225.0,178.9,262.0,163.8,-4.103,41.864,-5.507,2.822,24.376,97.0,14.792899408284033,47.87330073840102,11.09,1.0,2.33,0.0,,0,,1.5513039,31.557,0.1942371365907644
5,Bolivia,LatAM,1,2018,0,0,0,tranquil,,0,0,0,1,10.25299041346461,28367.245,2.868,4.245,4.341,378.0,251.3,225.0,178.9,-3.537,44.167,-5.808,2.272,24.029,97.0,0.0,52.11611244995219,16.64,1.83,2.91,0.0,,0,,0.6245477,31.385,3.1150192546621143
5,Bolivia,LatAM,1,2019,0,0,0,tranquil,,0,0,0,1,10.253879459471792,28392.476,1.507,2.868,4.245,321.0,277.8,378.0,251.3,-2.765,48.872,-4.898,1.839,22.702,90.9,-6.288659793814421,54.88626548551893,15.39,2.16,2.14,0.0,,0,,-0.4416055,30.133,5.584186366590286
5,Bolivia,LatAM,1,2020,0,0,0,tranquil,,0,0,0,1,10.1054969016016,24477.189,-12.719,1.507,2.868,698.0,548.6,321.0,277.8,-0.037,67.497,-9.689,0.942,17.268,78.0,-14.191419141914196,69.39912456337849,29.25,0.38,0.89,0.0,,0,,-2.669313,31.935,7.514386463987773
5,Bolivia,LatAM,1,2021,0,0,0,tranquil,,0,0,0,1,10.190878032478944,26658.892,10.029,-12.719,1.507,501.0,472.6,698.0,548.6,3.3,68.705,-6.726,0.736,17.787,85.7,9.87179487179488,62.84883823462609,19.66,0.08,1.45,0.0,,0,,1.218885,29.432,12.001656569808066
5,Bolivia,LatAM,1,2022,0,0,0,tranquil,,0,0,0,1,10.216024504900032,27337.769,3.747,10.029,-12.719,673.0,572.4,501.0,472.6,2.249,69.174,-4.747,1.747,18.041,80.9,-5.600933488914817,62.9475276019569,25.64,1.68,2.95,0.0,,0,,0.012239193,31.178,13.964414322909374
5,Bolivia,LatAM,1,2023,1,1,0,onset,Bolivia_ep,1,1,1,1,10.227143257171257,27643.427,2.516,3.747,10.029,2233.0,1354.8,673.0,572.4,-2.171,78.281,-7.501,2.577,18.984,80.4,-0.6180469715698411,60.221970837178105,16.85,5.02,3.96,0.0,3.0,0,,0.45881248,33.487,20.006646595857976
5,Bolivia,LatAM,1,2024,0,0,1,continuation,Bolivia_ep,1,0,1,1,10.202124290437112,26960.397,-1.123,2.516,3.747,2295.0,2013.0,2233.0,1354.8,-2.361,83.219,-6.057,5.1,17.947,,,59.242779466951134,15.55,5.14,4.21,0.0,,0,,0.70521843,33.524,26.42315106083992
5,Bolivia,LatAM,1,2025,0,0,1,continuation,Bolivia_ep,1,0,1,1,10.176566706992098,26280.085,-1.2,-1.123,2.516,2109.0,1557.6,2295.0,2013.0,-1.897,84.771,-9.039,19.517,17.263,,,,18.93,4.21,4.29,0.0,,0,,,32.176,
6,Brazil,LatAM,1,1994,1,0,0,onset,Brazil_ep,1,0,1,0,8.371524206768756,4322.219,5.334,,,1186.0,957.8,,,-0.307,,,2075.827,23.559,94.0171891293,,69.52319942263402,13.93,4.2,7.09,0.0,4.0,0,,0.5847309,,4.229132062000779
6,Brazil,LatAM,1,1995,0,0,1,continuation,Brazil_ep,1,0,1,0,8.39924151654106,4443.695,4.417,5.334,,1441.0,1108.2,1186.0,957.8,-2.427,,,66.008,17.292,102.7946927739,9.336062613538122,43.49452481688978,12.39,5.84,6.57,0.0,,0,,0.6315858,,5.43026225383699
6,Brazil,LatAM,1,1996,0,0,1,continuation,Brazil_ep,0,0,0,0,8.392161573145815,4412.345,2.209,4.417,5.334,865.0,679.7,1441.0,1108.2,-2.801,,,15.757,17.267,100.8910873125,-1.851851890434686,40.77849367785523,16.44,5.3,6.44,0.0,,0,,1.4759654,,5.945109675957548
6,Brazil,LatAM,1,1997,0,0,1,continuation,Brazil_ep,0,0,0,0,8.40997673233818,4491.656,3.395,2.209,4.417,677.0,454.8,865.0,679.7,-3.636,,,6.926,17.764,106.5624798059,5.621301786384181,40.85223717187457,22.36,5.46,6.35,0.0,,0,,2.1504524,,11.938192168379103
6,Brazil,LatAM,1,1998,0,0,1,continuation,Brazil_ep,1,1,1,0,8.397886320312137,4437.677,0.338,3.395,2.209,1419.0,829.2,677.0,454.8,-4.049,,,3.196,18.165,106.4345536944,-0.1200479866206305,29.532260565113123,25.6,5.35,5.26,0.0,,0,,3.340887,,27.58918930723645
6,Brazil,LatAM,1,1999,0,0,1,continuation,Brazil_ep,1,0,1,0,8.387475773477695,4391.718,0.468,0.338,3.395,1516.0,1023.2,1419.0,829.2,-4.467,,,4.859,17.39,96.0711892094,-9.7368421487967,29.8269102040964,24.37,4.97,5.65,0.0,,0,,4.73377,,33.78645445378524
6,Brazil,LatAM,1,2000,0,0,1,continuation,Brazil_ep,0,0,0,0,8.410533387604561,4494.157,4.388,0.468,0.338,828.0,732.6,1516.0,1023.2,-4.048,62.198,,7.044,18.903,93.130234471,-3.06122445511714,31.14098577657196,23.32,6.24,6.03,0.0,,0,,5.033917,,35.87503012540308
6,Brazil,LatAM,1,2001,0,0,1,continuation,Brazil_ep,1,0,1,0,8.411212483478932,4497.21,1.39,4.388,0.468,1163.0,901.8,828.0,732.6,-4.445,67.331,3.13,6.84,18.742,92.9210160023,-0.2246515000079219,29.004038020322493,25.75,3.89,5.02,1.0,,0,,4.1475935,39.802,39.324092633486615
6,Brazil,LatAM,1,2002,0,0,1,continuation,Brazil_ep,1,1,1,0,8.428799477620993,4577.002,3.053,1.39,4.388,2412.0,1417.5,1163.0,901.8,-1.845,76.095,3.356,8.45,17.449,91.6412454095,-1.3772671112079915,29.64514194264324,27.29,1.67,4.61,1.0,,0,,3.2535806,44.495,41.985561486117604
6,Brazil,LatAM,1,2003,0,0,1,continuation,Brazil_ep,1,0,1,0,8.428223607481165,4574.367,1.141,3.053,1.39,1331.0,812.9,2412.0,1417.5,0.393,71.514,3.553,14.714,16.857,90.5691548297,-1.1698777935735816,27.68566994403988,21.98,1.13,4.01,1.0,,0,,1.8134006,41.288,43.5954016410344
6,Brazil,LatAM,1,2004,0,0,0,tranquil,,0,0,0,0,8.47275717417599,4782.684,5.76,1.141,3.053,696.0,537.5,1331.0,812.9,1.339,68.025,4.051,6.598,17.913,92.0934113797,1.6829753494620905,29.372770255976704,15.48,1.35,4.27,1.0,,0,,2.713532,39.681,41.01367064857922
6,Brazil,LatAM,1,2005,0,0,0,tranquil,,0,0,0,0,8.493171568661827,4881.323,3.202,5.76,1.141,455.0,389.7,696.0,537.5,1.31,66.969,3.865,6.87,17.205,92.9,0.8758374874120456,31.839784155346283,12.81,3.21,4.29,1.0,,0,,1.7338935,41.87,40.55015324588373
6,Brazil,LatAM,1,2006,0,0,0,tranquil,,0,0,0,0,8.521214096730779,5020.145,3.962,3.202,5.76,270.0,230.0,455.0,389.7,0.973,64.599,1.507,4.184,17.816,97.8,5.2744886975242045,35.425166675967226,12.81,4.96,4.8,0.0,,0,,1.7531254,42.563,41.27791577969647
6,Brazil,LatAM,1,2007,0,0,0,tranquil,,0,0,0,0,8.569935914873785,5270.792,6.07,3.962,3.202,220.0,182.2,270.0,230.0,-0.197,63.025,2.88,3.641,19.819,101.4,3.6809815950920255,40.6909379439314,17.54,5.02,4.63,0.0,,0,,3.1908267,40.352,38.443015758248855
6,Brazil,LatAM,1,2008,0,0,0,tranquil,,0,0,0,0,8.609768908710624,5484.981,5.094,6.07,3.962,490.0,299.5,220.0,182.2,-2.099,61.42,3.213,5.678,21.619,105.0,3.5502958579881616,45.78225599444436,32.69,1.93,3.66,0.0,,0,,2.990609,39.916,31.34325195534257
6,Brazil,LatAM,1,2009,0,0,0,tranquil,,0,0,0,0,8.598944776588077,5425.931,-0.126,5.094,6.07,424.0,300.3,490.0,299.5,-1.757,64.702,0.912,4.888,18.796,101.7,-3.142857142857136,47.49428984688556,31.48,0.16,3.26,0.0,,0,,1.8884825,40.537,34.439719605809486
6,Brazil,LatAM,1,2010,0,0,0,tranquil,,0,0,0,0,8.663407144299992,5787.219,7.528,-0.126,5.094,247.0,208.9,424.0,300.3,-3.926,62.433,1.58,5.039,21.801,118.5,16.519174041297923,52.76465762994273,22.55,0.18,3.22,0.0,,0,,3.7300122,39.516,31.542257883929658
6,Brazil,LatAM,1,2011,0,0,0,tranquil,,0,0,0,0,8.695170659638901,5973.992,3.974,7.528,-0.126,277.0,195.1,247.0,208.9,-3.197,60.634,2.737,6.636,21.826,127.3,7.426160337552745,58.07849110681536,24.2,0.1,2.78,0.0,,0,,3.9151795,39.367,27.65163148655933
6,Brazil,LatAM,1,2012,0,0,0,tranquil,,0,0,0,0,8.7065214769872,6042.188,1.921,3.974,7.528,244.0,184.1,277.0,195.1,-3.761,61.614,2.221,5.404,21.417,120.4,-5.420267085624497,62.51929320137577,17.8,0.14,1.8,0.0,,0,,3.7549622,39.31,28.416189573326957
6,Brazil,LatAM,1,2013,0,0,0,tranquil,,0,0,0,0,8.728286185545144,6175.136,3.005,1.921,3.974,257.0,217.0,244.0,184.1,-3.576,59.595,1.52,6.204,21.694,117.1,-2.740863787375425,64.23057382805133,14.23,0.11,2.35,0.0,,0,,3.0415092,39.78,25.238688020493544
6,Brazil,LatAM,1,2014,0,0,0,tranquil,,0,0,0,0,8.725391699844533,6157.288,0.504,3.005,1.921,278.0,234.4,257.0,217.0,-4.499,61.617,-0.9,6.329,20.548,113.2,-3.330486763450036,66.02851039395772,14.18,0.09,2.54,0.0,,0,,3.5713527,41.426,25.76200707625628
6,Brazil,LatAM,1,2015,0,0,0,tranquil,,0,0,0,0,8.6813908310913,5892.236,-3.546,0.504,3.005,548.0,375.8,278.0,234.4,-3.523,71.73,-0.853,9.03,17.412,100.0,-11.660777385159015,66.82970064727972,16.67,0.13,2.14,0.0,,0,,3.5921497,46.191,27.153832544827562
6,Brazil,LatAM,1,2016,0,0,0,tranquil,,0,0,0,0,8.640854913684446,5658.165,-3.276,-3.546,0.504,540.0,387.5,548.0,375.8,-1.699,77.422,-2.008,8.74,14.97,102.4,2.400000000000002,62.1940069637572,15.83,0.4,1.84,0.0,,0,,4.1373787,45.503,36.84741426149022
6,Brazil,LatAM,1,2017,0,0,0,tranquil,,0,0,0,0,8.647447645738444,5695.591,1.323,-3.276,-3.546,291.0,260.9,540.0,387.5,-1.224,82.745,-1.625,3.446,14.626,108.2,5.6640625,59.48430929701488,11.09,1.0,2.33,0.0,,0,,3.3382602,44.297,42.87176182687947
6,Brazil,LatAM,1,2018,0,0,0,tranquil,,0,0,0,0,8.658727822519463,5760.202,1.784,1.323,-3.276,337.0,269.2,291.0,260.9,-2.808,84.777,-0.867,3.665,15.095,106.9,-1.2014787430683849,60.21834793823464,16.64,1.83,2.91,0.0,,0,,4.0785885,44.181,44.058194185749606
6,Brazil,LatAM,1,2019,0,0,0,tranquil,,0,0,0,0,8.66424501962788,5792.07,1.221,1.784,1.323,267.0,235.3,337.0,269.2,-3.414,87.118,-0.083,3.733,15.517,107.0,0.093545369504211,62.79050507934291,15.39,2.16,2.14,0.0,,0,,3.6926732,43.043,47.967604744980214
6,Brazil,LatAM,1,2020,0,0,0,tranquil,,0,0,0,0,8.624864116022632,5568.406,-3.277,1.221,1.784,420.0,320.7,267.0,235.3,-1.641,96.007,-7.536,3.212,16.116,107.7,0.6542056074766434,68.69615484727922,29.25,0.38,0.89,0.0,,0,,2.5926378,46.178,56.35566098872072
6,Brazil,LatAM,1,2021,0,0,0,tranquil,,0,0,0,0,8.666912180076169,5807.539,4.763,-3.277,1.221,344.0,286.0,420.0,320.7,-2.358,88.934,1.979,8.302,19.522,123.2,14.391829155060345,68.80522468314375,19.66,0.08,1.45,0.0,,0,,2.7797906,40.371,46.52178785470349
6,Brazil,LatAM,1,2022,0,0,0,tranquil,,0,0,0,0,8.693025236806882,5961.189,3.017,4.763,-3.277,357.0,294.2,344.0,286.0,-2.15,83.939,1.307,9.28,18.088,114.5,-7.061688311688319,70.60609737846517,25.64,1.68,2.95,0.0,,0,,3.868032,43.445,45.72061522502166
6,Brazil,LatAM,1,2023,0,0,0,tranquil,,0,0,0,0,8.720987548617902,6130.23,3.242,3.017,4.763,258.0,225.1,357.0,294.2,-1.236,84.001,-2.168,4.594,15.761,117.2,2.358078602620095,71.07554055087878,16.85,5.02,3.96,0.0,,0,,2.8638332,45.309,50.806131337669356
6,Brazil,LatAM,1,2024,0,0,0,tranquil,,0,0,0,0,8.750422034772974,6313.352,3.419,3.242,3.017,246.0,213.6,258.0,225.1,-3.027,87.028,-0.219,4.367,16.981,,,75.6308730939542,15.55,5.14,4.21,0.0,,0,,3.3896081,45.542,50.95851953016209
6,Brazil,LatAM,1,2025,0,0,0,tranquil,,0,0,0,0,8.769367094687121,6434.099,2.286,3.419,3.242,235.0,209.9,246.0,213.6,-3.026,93.329,-0.388,5.017,16.844,,,,18.93,4.21,4.29,0.0,,0,,,47.417,
7,Bulgaria,Europe,3,1994,1,1,0,onset,Bulgaria_ep,1,0,1,1,8.427831782536188,4572.575,-3.665,,,2024.0,1632.8,,,-0.28,,,96.0,12.024,,,49.247907153729074,13.93,4.2,7.09,1.0,7.0,1,,1.0855639,,53.670852359208524
7,Bulgaria,Europe,3,1995,0,0,1,continuation,Bulgaria_ep,1,1,1,1,8.423021403398034,4550.632,-1.601,-3.665,,2154.0,1656.5,2024.0,1632.8,-1.084,,,62.1,17.729,,,27.53863242811464,12.39,5.84,6.57,1.0,,0,,0.4760028,,19.953797081863197
7,Bulgaria,Europe,3,1996,0,0,1,continuation,Bulgaria_ep,1,0,1,1,8.484239948574256,4837.919,5.205,-1.601,-3.665,1520.0,1388.1,2154.0,1656.5,3.591,,,123.0,1.157,,,50.708665521487205,16.44,5.3,6.44,1.0,,0,,0.8865418,,36.814212539760845
7,Bulgaria,Europe,3,1997,0,0,1,continuation,Bulgaria_ep,1,0,1,1,8.339775829376496,4187.151,-14.115,5.205,-1.601,1295.0,766.0,1520.0,1388.1,13.536,,,1061.206,9.727,,,8.546145913509294,22.36,5.46,6.35,1.0,,0,,4.46089,,10.512465691979191
7,Bulgaria,Europe,3,1998,0,0,1,continuation,Bulgaria_ep,1,1,1,1,8.38397603512859,4376.375,3.789,-14.115,5.205,1651.0,778.5,1295.0,766.0,1.144,67.322,4.694,18.679,18.709,,,8.94489267173388,25.6,5.35,5.26,1.0,,0,,3.5747142,30.605,4.228058931736984
7,Bulgaria,Europe,3,1999,0,0,0,tranquil,,0,0,0,1,8.301017557681728,4027.969,-8.396,3.789,-14.115,983.0,848.0,1651.0,778.5,-2.912,78.671,3.737,2.572,19.844,,,11.478150964407687,24.37,4.97,5.65,1.0,,0,,6.0041227,36.156,2.9371715840347155
7,Bulgaria,Europe,3,2000,0,0,0,tranquil,,0,0,0,1,8.335693856505207,4170.094,4.587,-8.396,3.789,930.0,748.3,983.0,848.0,-3.104,73.341,3.247,10.316,19.046,86.6519021761,,11.955574566007035,23.32,6.24,6.03,1.0,,0,,7.5608077,37.13,4.896287557493579
7,Bulgaria,Europe,3,2001,0,0,0,tranquil,,0,0,0,1,8.405439169675558,4471.321,3.824,4.587,-8.396,780.0,665.3,930.0,748.3,-3.624,67.06,2.988,7.358,21.351,83.6566862693,-3.456607219900276,14.337998949742548,25.75,3.89,5.02,1.0,,0,,5.731627,36.477,4.925111712487634
7,Bulgaria,Europe,3,2002,0,0,0,tranquil,,0,0,0,1,8.468256276479439,4761.206,5.872,3.824,4.587,471.0,369.4,780.0,665.3,-0.623,53.404,1.165,5.811,20.529,84.2742710739,0.7382372314054253,18.777284565380693,27.29,1.67,4.61,1.0,,0,,5.5151944,35.075,3.659345853755786
7,Bulgaria,Europe,3,2003,0,0,0,tranquil,,0,0,0,1,8.524993886724909,5039.156,5.237,5.872,3.824,255.0,228.0,471.0,369.4,-3.375,45.428,1.697,2.349,22.074,84.7716605658,0.5902032560612058,25.89516907773481,21.98,1.13,4.01,1.0,,0,,9.916259,35.765,2.0112254762560013
7,Bulgaria,Europe,3,2004,0,0,0,tranquil,,0,0,0,1,8.5932360333587,5395.044,6.51,5.237,5.872,184.0,138.8,255.0,228.0,-4.272,37.764,3.0,6.149,23.433,85.4030082747,0.7447627009853575,33.14463900213093,15.48,1.35,4.27,1.0,,0,,11.746239,34.611,-0.9460950622139881
7,Bulgaria,Europe,3,2005,0,0,0,tranquil,,0,0,0,1,8.666886179051797,5807.388,7.056,6.51,5.237,92.0,81.3,184.0,138.8,-9.411,28.472,3.385,6.04,27.74,85.0,-0.4718900221918565,39.06344566376078,12.81,3.21,4.29,1.0,,0,,13.720479,34.033,-0.9106998670856478
7,Bulgaria,Europe,3,2006,0,0,0,tranquil,,0,0,0,1,8.737823507198112,6234.312,6.803,7.056,6.51,105.0,83.0,92.0,81.3,-15.263,22.608,4.129,7.414,32.056,91.1,7.176470588235295,42.4504456723938,12.81,4.96,4.8,1.0,,0,,22.90388,32.501,-4.262239622137083
7,Bulgaria,Europe,3,2007,0,0,0,tranquil,,0,0,0,1,8.807345011528945,6683.152,6.654,6.803,7.056,153.0,85.6,105.0,83.0,-23.857,17.588,3.668,7.573,33.606,93.4,2.524698133918779,58.45850745343439,17.54,5.02,4.63,1.0,,0,,31.228624,33.114,-7.089969762414652
7,Bulgaria,Europe,3,2008,1,1,0,onset,Bulgaria_ep,0,1,1,1,8.871254542895771,7124.213,6.13,6.654,6.803,682.0,317.2,153.0,85.6,-21.956,14.702,2.654,11.952,36.925,93.6,0.2141327623126132,66.92029487701005,32.69,1.93,3.66,0.0,11.0,1,,18.899763,33.452,-7.417719831039415
7,Bulgaria,Europe,3,2009,0,0,0,tranquil,,0,0,0,1,8.842858240187155,6924.757,-3.347,6.13,6.654,591.0,384.6,682.0,317.2,-8.298,14.54,-0.583,2.471,28.538,95.1,1.6025641025640969,68.95856758265224,31.48,0.16,3.26,0.0,,0,,7.490157,33.771,-5.831777212986922
7,Bulgaria,Europe,3,2010,0,0,0,tranquil,,0,0,0,1,8.866102057283914,7087.6,1.555,-3.347,6.13,334.0,250.3,591.0,384.6,-1.72,14.064,-3.522,3.034,22.518,96.0,0.9463722397476504,68.20166580584323,22.55,0.18,3.22,0.0,,0,,3.6356964,34.554,-3.408868803498427
7,Bulgaria,Europe,3,2011,0,0,0,tranquil,,0,0,0,1,8.910743465631443,7411.169,2.09,1.555,-3.347,362.0,256.7,334.0,250.3,0.328,14.335,-1.521,3.388,21.358,95.1,-0.9375000000000022,65.27895337932021,24.2,0.1,2.78,0.0,,0,,3.6473002,31.954,-1.0696775630733684
7,Bulgaria,Europe,3,2012,0,0,0,tranquil,,0,0,0,1,8.924044538251364,7510.404,0.749,2.09,1.555,308.0,199.8,362.0,256.7,-0.847,16.545,-0.147,2.391,21.887,95.0,-0.1051524710830698,65.78328853896433,17.8,0.14,1.8,0.0,,0,,3.293199,32.519,-1.2193919598201552
7,Bulgaria,Europe,3,2013,0,0,0,tranquil,,0,0,0,1,8.923953194119742,7509.718,-0.543,0.749,2.09,114.0,81.6,308.0,199.8,1.274,17.165,-1.31,0.383,21.006,95.5,0.5263157894736858,66.18685036366206,14.23,0.11,2.35,0.0,,0,,3.5633578,35.47,1.0485885797117525
7,Bulgaria,Europe,3,2014,0,0,0,tranquil,,0,0,0,1,8.939421672439522,7626.785,0.949,-0.543,0.749,68.0,68.0,114.0,81.6,2.111,26.266,-3.432,-1.6,21.508,96.0,0.5235602094240788,59.22654702051945,14.18,0.09,2.54,0.0,,0,,1.9158773,37.08,0.21205573705126635
7,Bulgaria,Europe,3,2015,0,0,0,tranquil,,0,0,0,1,8.979577492160647,7939.277,3.398,0.949,-0.543,68.0,68.0,68.0,68.0,0.017,25.359,-2.402,-1.064,21.0,100.0,4.166666666666674,54.79459701561389,16.67,0.13,2.14,0.0,,0,,4.3757505,37.33,2.3873695557195016
7,Bulgaria,Europe,3,2016,0,0,0,tranquil,,0,0,0,1,9.016679770512235,8239.375,3.027,3.398,0.949,68.0,68.0,68.0,68.0,3.027,27.007,1.827,-1.324,18.962,101.8,1.8000000000000016,52.01975021583504,15.83,0.4,1.84,0.0,,0,,2.7599604,32.725,-1.0855963190302567
7,Bulgaria,Europe,3,2017,0,0,0,tranquil,,0,0,0,1,9.051092908921229,8527.853,2.746,3.027,3.398,68.0,68.0,68.0,68.0,3.157,22.919,1.159,1.185,19.817,99.8,-1.964636542239684,49.80388811710125,11.09,1.0,2.33,0.0,,0,,3.3925467,32.028,0.033861506943016165
7,Bulgaria,Europe,3,2018,0,0,0,tranquil,,0,0,0,1,9.081243816621772,8788.891,2.33,2.746,3.027,68.0,56.7,68.0,68.0,0.657,20.147,0.337,2.637,21.166,97.1,-2.705410821643295,50.54061195399663,16.64,1.83,2.91,0.0,,0,,2.7381785,34.449,-0.7027123162354103
7,Bulgaria,Europe,3,2019,0,0,0,tranquil,,0,0,0,1,9.125436082608337,9186.002,3.793,2.33,2.746,0.0,0.0,68.0,56.7,1.665,18.416,-0.818,2.457,20.734,96.9,-0.2059732234809375,49.83248484006685,15.39,2.16,2.14,0.0,,0,,3.2423348,36.065,0.1467591616735688
7,Bulgaria,Europe,3,2020,0,0,0,tranquil,,0,0,0,1,9.098640359661,8943.125,-3.133,3.793,2.33,0.0,0.0,0.0,0.0,1.557,22.735,-2.798,1.221,20.152,101.2,4.437564499484004,51.30320435734632,29.25,0.38,0.89,0.0,,0,,3.9743426,37.659,1.955183047788626
7,Bulgaria,Europe,3,2021,0,0,0,tranquil,,0,0,0,1,9.18529370671656,9752.644,7.828,-3.133,3.793,0.0,0.0,0.0,0.0,0.196,23.85,-2.746,2.837,20.706,99.9,-1.2845849802371467,48.153464739788106,19.66,0.08,1.45,0.0,,0,,2.5288413,38.452,3.439861908860488
7,Bulgaria,Europe,3,2022,0,0,0,tranquil,,0,0,0,1,9.284227712649711,10766.855,4.084,7.828,-3.133,0.0,0.0,0.0,0.0,-1.395,22.485,-0.811,13.021,22.688,97.0,-2.902902902902904,44.72881378251961,25.64,1.68,2.95,0.0,,0,,5.2466154,37.567,0.8512663484660269
7,Bulgaria,Europe,3,2023,0,0,0,tranquil,,0,0,0,1,9.30124878730496,10951.687,1.682,4.084,7.828,0.0,0.0,0.0,0.0,-1.175,22.931,-2.961,8.6,19.788,97.3,0.3092783505154628,45.32494021894368,16.85,5.02,3.96,0.0,,0,,5.0588837,37.511,1.9200201030520687
7,Bulgaria,Europe,3,2024,0,0,0,tranquil,,0,0,0,1,9.335819494415178,11336.915,3.387,1.682,4.084,123.0,27.6,0.0,0.0,-1.352,23.84,-2.762,2.596,20.43,,,47.06790248852504,15.55,5.14,4.21,0.0,,0,,3.1312025,36.285,3.8913698298517247
7,Bulgaria,Europe,3,2025,0,0,0,tranquil,,0,0,0,1,9.393787378547216,12013.513,3.096,3.387,1.682,106.0,86.8,123.0,27.6,-5.925,27.09,-2.638,3.537,21.717,,,,18.93,4.21,4.29,0.0,,0,,,38.874,
8,Chile,,0,1994,0,0,0,tranquil,,0,0,0,0,15.42986888667149,5024662.707,5.03,,,,,,,-2.756,22.61,2.798,11.443,27.789,61.7016864986,,,13.93,4.2,7.09,0.0,,0,,4.4954348,20.621,6.590165726707969
8,Chile,,0,1995,0,0,0,tranquil,,0,0,0,0,15.50092592834548,5394691.262,8.933,5.03,,,,,,-1.815,17.25,4.059,8.233,29.641,58.276893634,-5.550566052481742,,12.39,5.84,6.57,0.0,,0,,4.0056663,19.451,4.87123518085856
8,Chile,,0,1996,0,0,0,tranquil,,0,0,0,0,15.5358101166727,5586201.609,4.985,8.933,5.03,,,,,-3.798,14.584,2.814,7.359,29.881,50.9805556938,-12.520121587165644,,16.44,5.3,6.44,0.0,,0,,6.126705,20.635,3.880584402439208
8,Chile,LatAM,1,1997,0,0,0,tranquil,,0,0,0,0,15.593795933258656,5919697.652,7.392,4.985,8.933,286.0,191.6,,,-4.146,12.78,2.689,6.134,29.859,50.960631766,-0.0390814253176552,,22.36,5.46,6.35,0.0,,0,,6.1480207,20.582,3.1890001923110622
8,Chile,LatAM,1,1998,0,0,0,tranquil,,0,0,0,0,15.62188793638258,6088351.64,4.181,7.392,4.985,950.0,493.1,286.0,191.6,-4.659,12.115,0.897,5.11,28.619,48.5514429283,-4.727549000496046,,25.6,5.35,5.26,0.0,,0,,5.644368,21.905,3.5003732641084215
8,Chile,LatAM,1,1999,0,0,0,tranquil,,0,0,0,0,15.60694554872155,5998053.445,-0.274,4.181,7.392,707.0,582.3,950.0,493.1,0.256,13.277,-1.477,3.337,22.55,51.2758760537,5.611435955515076,,24.37,4.97,5.65,0.0,,0,,11.591914,23.692,4.916439702651395
8,Chile,LatAM,1,2000,0,0,0,tranquil,,0,0,0,0,15.64369336691932,6222568.782,4.972,-0.274,4.181,818.0,683.3,707.0,582.3,-1.011,13.146,-0.055,3.843,23.751,53.8487445962,5.017697873763272,,23.32,6.24,6.03,0.0,,0,,6.2037673,22.87,6.385661368268293
8,Chile,LatAM,1,2001,0,0,0,tranquil,,0,0,0,0,15.663232564006304,6345348.381,3.154,4.972,-0.274,697.0,592.3,818.0,683.3,-1.396,14.348,-0.037,3.569,24.091,49.9459187204,-7.2477564798704925,73.08169596225373,25.75,3.89,5.02,0.0,,0,,5.867661,23.181,9.452944858269701
8,Chile,LatAM,1,2002,1,0,0,onset,Chile_ep,1,1,1,0,15.683730609941035,6476757.841,3.203,3.154,4.972,1066.0,698.8,697.0,592.3,-0.683,15.045,-0.678,2.489,24.108,51.8884531042,3.889275507523271,74.34609827911716,27.29,1.67,4.61,0.0,9.0,1,,3.6290581,23.202,11.030929392884975
8,Chile,LatAM,1,2003,0,0,0,tranquil,,0,0,0,0,15.71936382563793,6711706.682,4.723,3.203,3.154,686.0,506.0,1066.0,698.8,0.216,12.573,0.112,2.81,23.399,56.9137091105,9.684728886036575,75.83206213800672,21.98,1.13,4.01,0.0,,0,,4.5569496,22.218,8.83922249820397
8,Chile,LatAM,1,2004,0,0,0,tranquil,,0,0,0,0,15.7739795734192,7088466.421,6.674,4.723,3.203,521.0,416.3,686.0,506.0,3.261,10.314,2.549,1.055,21.243,69.5200031735,22.1498374645104,76.74998578222045,15.48,1.35,4.27,0.0,,0,,5.0150714,20.816,6.838671130855506
8,Chile,LatAM,1,2005,0,0,0,tranquil,,0,0,0,0,15.820986823001206,7429631.528,5.837,6.674,4.723,406.0,316.8,521.0,416.3,1.913,7.04,5.006,3.052,23.268,79.5,14.355575907545749,77.63456540821099,12.81,3.21,4.29,0.0,,0,,4.898707,20.249,2.877429217942054
8,Chile,LatAM,1,2006,0,0,0,tranquil,,0,0,0,0,15.869996576539547,7802826.334,6.05,5.837,6.674,239.0,192.8,406.0,316.8,5.497,5.022,7.681,3.392,22.186,103.3,29.93710691823899,78.1133233692663,12.81,4.96,4.8,0.0,,0,,3.0910196,18.73,0.8020812460515317
8,Chile,LatAM,1,2007,0,0,0,tranquil,,0,0,0,0,15.910645718452034,8126539.283,5.168,6.05,5.837,200.0,163.2,239.0,192.8,5.054,3.901,7.77,4.408,22.348,106.9,3.484995159728954,84.07524731620288,17.54,5.02,4.63,0.0,,0,,6.11349,19.307,1.206662077666039
8,Chile,LatAM,1,2008,0,0,0,tranquil,,0,0,0,0,15.937877199447277,8350877.653,3.789,5.168,6.05,575.0,308.8,200.0,163.2,-4.192,4.916,3.573,8.716,28.897,91.3,-14.593077642656691,100.17256809054524,32.69,1.93,3.66,0.0,,0,,10.457111,21.791,1.2568162720101514
8,Chile,LatAM,1,2009,0,0,0,tranquil,,0,0,0,0,15.916301758591068,8172633.548,-1.118,3.789,5.168,486.0,319.7,575.0,308.8,1.44,5.845,-4.459,1.484,22.92,94.8,3.83351588170866,102.68707590839227,31.48,0.16,3.26,0.0,,0,,7.4225626,24.976,2.0935076447915435
8,Chile,LatAM,1,2010,0,0,0,tranquil,,0,0,0,0,15.962846650314178,8562019.561,5.852,-1.118,3.789,241.0,193.8,486.0,319.7,0.896,8.607,-0.312,1.41,24.775,115.4,21.729957805907183,99.47559065924511,22.55,0.18,3.22,0.0,,0,,6.841447,23.466,4.252927887744002
8,Chile,LatAM,1,2011,0,0,0,tranquil,,0,0,0,0,16.013050266863548,9002836.631,6.224,5.852,-1.118,240.0,165.8,241.0,193.8,-4.92,11.127,1.524,3.341,26.646,117.2,1.5597920277296229,101.86348535098168,24.2,0.1,2.78,0.0,,0,,10.489774,22.886,6.520315051195697
8,Chile,LatAM,1,2012,0,0,0,tranquil,,0,0,0,0,16.062603980658736,9460199.037,6.155,6.224,5.852,207.0,149.7,240.0,165.8,-5.326,11.939,0.792,3.006,28.791,109.1,-6.911262798634821,104.26668651793132,17.8,0.14,1.8,0.0,,0,,11.909745,23.089,7.295636862649949
8,Chile,LatAM,1,2013,0,0,0,tranquil,,0,0,0,0,16.084912485216144,9673613.559,3.309,6.155,6.224,198.0,166.7,207.0,149.7,-4.778,12.784,-0.389,1.794,27.497,105.7,-3.1164069660861493,104.14934455083194,14.23,0.11,2.35,0.0,,0,,7.613964,23.113,8.676256851207507
8,Chile,LatAM,1,2014,0,0,0,tranquil,,0,0,0,0,16.091926254424127,9741700.546,1.793,3.309,6.155,208.0,167.6,198.0,166.7,-3.462,15.02,-1.352,4.715,25.158,102.7,-2.838221381267736,107.29402770779048,14.18,0.09,2.54,0.0,,0,,9.835004,23.853,9.826752507532577
8,Chile,LatAM,1,2015,0,0,0,tranquil,,0,0,0,0,16.101705197757177,9837431.394,2.152,1.793,3.309,318.0,253.9,208.0,167.6,-2.733,17.375,-1.871,4.349,25.599,100.0,-2.629016553067187,108.68315792888436,16.67,0.13,2.14,0.0,,0,,7.3278036,25.028,10.493490462786742
8,Chile,LatAM,1,2016,0,0,0,tranquil,,0,0,0,0,16.10602037498358,9879973.376,1.753,2.152,1.793,378.0,275.8,318.0,253.9,-2.622,21.101,-2.377,3.787,23.709,103.8,3.8000000000000034,109.65898621772264,15.83,0.4,1.84,0.0,,0,,4.557075,25.367,14.357514351932773
8,Chile,LatAM,1,2017,0,0,0,tranquil,,0,0,0,0,16.104796096044552,9867884.934,1.358,1.753,2.152,209.0,192.2,378.0,275.8,-2.756,23.652,-2.267,2.182,22.637,114.3,10.115606936416178,111.85973105887392,11.09,1.0,2.33,0.0,,0,,1.8964703,25.493,14.146047239632411
8,Chile,LatAM,1,2018,0,0,0,tranquil,,0,0,0,0,16.128122415227015,10100772.007,3.99,1.358,1.753,228.0,187.3,209.0,192.2,-4.49,25.798,-1.112,2.319,24.203,111.3,-2.624671916010501,116.09827461116282,16.64,1.83,2.91,0.0,,0,,2.6846135,25.616,14.76951479057775
8,Chile,LatAM,1,2019,0,0,0,tranquil,,0,0,0,0,16.119335478354596,10012405.963,0.634,3.99,1.358,212.0,183.2,228.0,187.3,-5.217,28.33,-2.38,2.254,24.939,109.4,-1.7070979335130243,123.24908355595218,15.39,2.16,2.14,0.0,,0,,4.8795614,26.497,17.486459807939674
8,Chile,LatAM,1,2020,0,0,0,tranquil,,0,0,0,0,16.045716945391675,9301785.653,-6.143,0.634,3.99,392.0,265.0,212.0,183.2,-1.949,32.38,-6.575,3.045,21.058,121.8,11.334552102376596,123.56250097516369,29.25,0.38,0.89,1.0,,0,,4.5061016,29.088,22.07185698356314
8,Chile,LatAM,1,2021,0,0,0,tranquil,,0,0,0,0,16.14482902796685,10270939.194,11.315,-6.143,0.634,359.0,270.9,392.0,265.0,-7.279,36.448,-6.903,4.525,24.106,136.8,12.315270935960609,109.32188975271512,19.66,0.08,1.45,1.0,,0,,4.81309,33.615,17.12979514574633
8,Chile,LatAM,1,2022,0,0,0,tranquil,,0,0,0,0,16.15639183426941,10390389.333,2.154,11.315,-6.143,460.0,397.6,359.0,270.9,-8.849,37.907,1.84,11.644,25.798,125.0,-8.62573099415206,112.62195826329314,25.64,1.68,2.95,1.0,,0,,6.2318506,26.725,19.42377932453806
8,Chile,LatAM,1,2023,0,0,0,tranquil,,0,0,0,0,16.152705328646917,10352155.622,0.521,2.154,11.315,422.0,351.1,460.0,397.6,-3.128,39.415,-1.913,7.582,23.362,129.7,3.7599999999999856,109.48641477618456,16.85,5.02,3.96,1.0,,0,,5.477309,27.397,19.833865494967394
8,Chile,LatAM,1,2024,0,0,0,tranquil,,0,0,0,0,16.171343388606754,10546908.994,2.644,0.521,2.154,337.0,312.8,422.0,351.1,-1.469,41.65,-2.051,3.927,23.24,,,104.04383547392868,15.55,5.14,4.21,1.0,,0,,3.791291,26.727,21.678238175082125
8,Chile,LatAM,1,2025,0,0,0,tranquil,,0,0,0,0,16.18737401642132,10717345.015,2.292,2.644,0.521,388.0,312.8,337.0,312.8,-2.289,41.774,-1.993,4.212,24.45,,,,18.93,4.21,4.29,1.0,,0,,,26.369,
9,China,APAC,2,1994,0,0,0,tranquil,,0,0,0,0,9.074778347585235,8732.25,13.102,,,137.0,118.2,,,,,-1.334,24.283,40.323,108.2013416034,,85.48755479695961,13.93,4.2,7.09,0.0,,0,,5.959647,,2.7272615641538858
9,China,APAC,2,1995,0,0,0,tranquil,,0,0,0,0,9.168735049901658,9592.483,11.016,13.102,,140.0,122.2,137.0,118.2,,21.424,-0.436,16.794,39.119,108.0962918141,-0.0970873260380145,83.78329716104292,12.39,5.84,6.57,0.0,,0,,4.856359,,2.703513740604126
9,China,APAC,2,1996,0,0,0,tranquil,,0,0,0,0,9.253341047446584,10439.386,9.968,11.016,13.102,124.0,92.8,140.0,122.2,,21.221,-0.19,8.312,37.766,112.3365612657,3.9226779942574286,88.96380863751305,16.44,5.3,6.44,0.0,,0,,4.62624,,3.019501292054075
9,China,APAC,2,1997,0,0,0,tranquil,,0,0,0,0,9.332383210663782,11298.025,9.319,9.968,11.016,120.0,73.8,124.0,92.8,3.819,20.394,0.012,2.781,35.736,116.8574489275,4.024413433047092,96.11097538173888,22.36,5.46,6.35,0.0,,0,,4.695307,,2.0152446244936115
9,China,APAC,2,1998,0,0,0,tranquil,,0,0,0,0,9.399593350864784,12083.466,7.934,9.319,9.968,357.0,178.8,120.0,73.8,3.039,20.438,-0.225,-0.781,35.041,117.3178802324,0.3940110871200497,104.37436454668376,25.6,5.35,5.26,0.0,,0,,4.400974,,5.6422664239569835
9,China,APAC,2,1999,0,0,0,tranquil,,0,0,0,0,9.466121399025283,12914.699,7.757,7.934,9.319,250.0,174.0,357.0,178.8,1.918,21.609,-1.642,-1.401,34.318,110.4099875315,-5.888184040843447,109.39959881329276,24.37,4.97,5.65,0.0,,0,,3.715564,,6.431156426702445
9,China,APAC,2,2000,0,0,0,tranquil,,0,0,0,0,9.540789721658346,13915.933,8.572,7.757,7.934,160.0,135.9,250.0,174.0,1.674,22.708,-2.088,0.352,33.727,106.0373147989,-3.960396002537792,109.99487703906676,23.32,6.24,6.03,0.0,,0,,3.4398472,,5.799635963778002
9,China,APAC,2,2001,0,0,0,tranquil,,0,0,0,0,9.613753643172638,14969.254,8.319,8.572,7.757,166.0,127.2,160.0,135.9,1.288,24.252,-1.848,0.724,35.62,103.3232265708,-2.559559559997604,108.77479218918428,25.75,3.89,5.02,0.0,,0,,3.4724524,,9.821821673667252
9,China,APAC,2,2002,0,0,0,tranquil,,0,0,0,0,9.69544472176104,16243.445,9.214,8.319,8.572,104.0,89.2,166.0,127.2,2.383,25.553,-2.292,-0.766,36.146,97.6727376141,-5.468750003493284,115.97939047245238,27.29,1.67,4.61,0.0,,0,,3.5624142,,10.811535626326412
9,China,APAC,2,2003,0,0,0,tranquil,,0,0,0,0,9.785849700090152,17780.359,10.121,9.214,8.319,73.0,56.3,104.0,89.2,2.561,26.418,-1.667,1.162,39.498,98.5413686816,0.8893280650450475,123.90844133155112,21.98,1.13,4.01,0.0,,0,,3.4384954,,9.455277150583346
9,China,APAC,2,2004,0,0,0,tranquil,,0,0,0,0,9.876334677229869,19464.249,10.115,10.121,9.214,75.0,67.3,73.0,56.3,3.484,26.0,-1.026,3.893,41.744,96.2476573291,-2.327663379540923,116.91116009450278,15.48,1.35,4.27,0.0,,0,,3.43299,,9.52042891589741
9,China,APAC,2,2005,0,0,0,tranquil,,0,0,0,0,9.97873161124192,21562.945,11.437,10.115,10.121,68.0,59.0,75.0,67.3,5.69,25.91,-0.952,1.809,40.039,93.8,-2.543082498860949,110.31841291154905,12.81,3.21,4.29,0.0,,0,,4.492185,,8.002459091926333
9,China,APAC,2,2006,0,0,0,tranquil,,0,0,0,0,10.0926975378691,24165.893,12.665,11.437,10.115,68.0,63.0,68.0,59.0,8.284,25.174,-0.689,1.467,39.608,94.9,1.1727078891258014,107.61848409369463,12.81,4.96,4.8,0.0,,0,,4.4449973,,6.896585652516148
9,China,APAC,2,2007,0,0,0,tranquil,,0,0,0,0,10.219904847889811,27444.055,14.154,12.665,11.437,120.0,72.3,68.0,63.0,9.774,28.708,0.441,4.774,40.131,93.9,-1.0537407797681753,104.21046488853844,17.54,5.02,4.63,0.0,,0,,4.335375,,10.288066549055236
9,China,APAC,2,2008,0,0,0,tranquil,,0,0,0,0,10.30683969657381,29936.678,9.638,14.154,12.665,329.0,176.2,120.0,72.3,9.034,26.715,0.379,5.845,42.086,88.9,-5.324813631522895,100.4079609568146,32.69,1.93,3.66,0.0,,0,,3.6752071,,9.075847825805429
9,China,APAC,2,2009,0,0,0,tranquil,,0,0,0,0,10.392224088847003,32605.103,9.445,9.638,14.154,210.0,122.8,329.0,176.2,4.699,33.985,-1.3,-0.692,45.045,96.6,8.66141732283463,122.30114770830971,31.48,0.16,3.26,0.0,,0,,2.52539,,9.164016376656146
9,China,APAC,2,2010,0,0,0,tranquil,,0,0,0,0,10.488062231195602,35884.554,10.587,9.445,9.638,150.0,88.2,210.0,122.8,3.874,33.343,0.088,3.33,46.505,87.0,-9.93788819875776,124.42560846398942,22.55,0.18,3.22,0.0,,0,,3.93542,,8.253781284903017
9,China,APAC,2,2011,0,0,0,tranquil,,0,0,0,0,10.572234965122531,39035.82,9.451,10.587,9.445,293.0,198.1,150.0,88.2,1.784,33.184,0.388,5.416,46.555,83.8,-3.67816091954023,121.16709312787862,24.2,0.1,2.78,0.0,,0,,3.650692,,8.546141020667324
9,China,APAC,2,2012,0,0,0,tranquil,,0,0,0,0,10.640355569910096,41787.627,7.848,9.451,10.587,284.0,213.3,293.0,198.1,2.481,33.825,0.184,2.621,45.769,86.1,2.7446300715990413,126.8197345099748,17.8,0.14,1.8,0.0,,0,,2.7809913,,9.257121555272171
9,China,APAC,2,2013,0,0,0,tranquil,,0,0,0,0,10.709292903479607,44769.971,7.771,7.848,9.451,194.0,162.8,284.0,213.3,1.514,36.438,-0.318,2.625,45.736,87.2,1.2775842044134844,131.93904569746235,14.23,0.11,2.35,0.0,,0,,2.9859872,,8.124370510767594
9,China,APAC,2,2014,0,0,0,tranquil,,0,0,0,0,10.774826649651434,47802.186,7.491,7.771,7.848,176.0,146.8,194.0,162.8,2.206,39.308,-0.126,1.995,45.198,89.6,2.752293577981635,137.6237263084617,14.18,0.09,2.54,0.0,,0,,2.5115588,,8.394089252372485
9,China,APAC,2,2015,0,0,0,tranquil,,0,0,0,0,10.837729198342988,50905.65,7.018,7.491,7.771,194.0,173.2,176.0,146.8,2.592,40.782,-1.996,1.442,42.635,100.0,11.60714285714286,149.62883203870828,16.67,0.13,2.14,0.0,,0,,2.1495728,,13.9922330435439
9,China,APAC,2,2016,0,0,0,tranquil,,0,0,0,0,10.896759566082313,54001.093,6.776,7.018,7.491,194.0,167.4,194.0,173.2,1.671,50.033,-2.659,1.996,42.167,99.8,-0.2000000000000001,153.19276182731318,15.83,0.4,1.84,0.0,,0,,1.5253947,,21.328570062278555
9,China,APAC,2,2017,0,0,0,tranquil,,0,0,0,0,10.957819216261251,57401.127,6.891,6.776,7.018,157.0,146.1,194.0,167.4,1.507,53.891,-2.596,1.579,42.666,94.3,-5.511022044088176,152.08974745844293,11.09,1.0,2.33,0.0,,0,,1.3246897,,24.179405553328138
9,China,APAC,2,2018,0,0,0,tranquil,,0,0,0,0,11.019441108504314,61049.55,6.759,6.891,6.776,191.0,180.1,157.0,146.1,0.171,55.875,-3.409,2.092,43.427,91.5,-2.969247083775184,154.9915602247636,16.64,1.83,2.91,0.0,,0,,1.6636199,,26.85637020389684
9,China,APAC,2,2019,0,0,0,tranquil,,0,0,0,0,11.075003123724992,64537.59,6.065,6.759,6.891,187.0,180.2,191.0,180.1,0.705,59.838,-5.166,2.905,42.634,92.7,1.3114754098360717,162.20756623275776,15.39,2.16,2.14,0.0,,0,,1.2854923,,28.842205373600464
9,China,APAC,2,2020,0,0,0,tranquil,,0,0,0,0,11.096654432593215,65950.15,2.337,6.065,6.759,250.0,213.2,187.0,180.2,1.647,70.134,-8.622,2.49,42.271,98.5,6.256742179072283,179.10410022195785,29.25,0.38,0.89,0.0,,0,,1.6877075,,32.87315907698937
9,China,APAC,2,2021,0,0,0,tranquil,,0,0,0,0,11.178407866798022,71568.325,8.556,2.337,6.065,205.0,195.8,250.0,213.2,1.941,72.131,-5.011,0.919,42.708,89.2,-9.441624365482228,173.55451872048766,19.66,0.08,1.45,0.0,,0,,1.8903455,,32.8134670259787
9,China,APAC,2,2022,0,0,0,tranquil,,0,0,0,0,11.209656153575391,73840.021,3.112,8.556,2.337,206.0,191.2,205.0,195.8,2.418,77.294,-6.399,1.976,42.377,89.5,0.3363228699551523,181.7851624297152,25.64,1.68,2.95,0.0,,0,,1.0384136,,36.45460389129765
9,China,APAC,2,2023,0,0,0,tranquil,,0,0,0,0,11.263503067098982,77925.075,5.377,3.112,8.556,172.0,159.4,206.0,191.2,1.434,84.084,-5.794,0.228,41.13,90.2,0.7821229050279266,189.6067089893081,16.85,5.02,3.96,0.0,,0,,0.2809911,,40.40085814187075
9,China,APAC,2,2024,0,0,0,tranquil,,0,0,0,0,11.313306295349838,81904.261,5.003,5.377,3.112,145.0,112.2,172.0,159.4,2.238,90.421,-6.154,0.212,40.607,,,194.1659968448106,15.55,5.14,4.21,0.0,,0,,0.09899881,,45.95775523288885
9,China,APAC,2,2025,0,0,0,tranquil,,0,0,0,0,11.363978964877797,86161.521,4.959,5.003,5.377,96.0,68.8,145.0,112.2,3.715,99.238,-6.905,0.049,38.805,,,,18.93,4.21,4.29,0.0,,0,,,,
10,Colombia,,0,1994,0,0,0,tranquil,,0,0,0,0,16.209351392625216,10955491.47,5.147,,,,,,,-3.759,,1.719,22.851,28.856,82.1133309189,,31.073612725016748,13.93,4.2,7.09,0.0,,0,,1.7704226,20.572,-0.5783850831022088
10,Colombia,,0,1995,0,0,0,tranquil,,0,0,0,0,16.243200548333732,11332673.236,5.202,5.147,,,,,,-4.16,,0.928,20.884,28.914,78.4750680059,-4.430782276501932,33.663429584506865,12.39,5.84,6.57,0.0,,0,,1.0468023,22.196,-0.7883787594205903
10,Colombia,,0,1996,0,0,0,tranquil,,0,0,0,0,16.24740166052431,11380383.215,2.056,5.202,5.147,,,,,-3.997,23.286,-0.215,20.803,25.32,81.2077948063,3.4822866291680743,35.323482630152185,16.44,5.3,6.44,0.0,,0,,3.2026277,25.069,-0.7652957700742267
10,Colombia,LatAM,1,1997,0,0,0,tranquil,,0,0,0,0,16.268091374927607,11618292.747,3.43,2.056,5.202,286.0,191.6,,,-4.511,25.263,-1.065,18.476,23.877,81.2922822538,0.1040385934644838,36.47584514318473,22.36,5.46,6.35,0.0,,0,,5.2149277,26.176,-0.5624072160022413
10,Colombia,LatAM,1,1998,0,0,0,tranquil,,0,0,0,0,16.258348574260875,11505647.667,0.57,3.43,2.056,950.0,493.1,286.0,191.6,-4.126,27.453,-1.072,18.65,22.489,74.6159099509,-8.212799687497895,35.218550519470206,25.6,5.35,5.26,0.0,,0,,2.8735461,26.341,0.7505992960502458
10,Colombia,LatAM,1,1999,0,0,0,tranquil,,0,0,0,0,16.202724718693005,10883133.013,-4.204,0.57,3.43,707.0,582.3,950.0,493.1,0.65,33.982,-2.213,10.876,14.867,80.3706010507,7.712418308088442,31.654183439448968,24.37,4.97,5.65,0.0,,0,,1.7495931,28.259,2.3399702814907704
10,Colombia,LatAM,1,2000,0,0,0,tranquil,,0,0,0,0,16.21665273377251,11035773.979,2.925,-4.204,0.57,818.0,683.3,707.0,582.3,0.852,37.988,0.776,9.218,15.821,90.416926181,12.4999999987091,20.947474392953566,23.32,6.24,6.03,0.0,,0,,2.4395075,26.579,3.2072949519016354
10,Colombia,LatAM,1,2001,0,0,0,tranquil,,0,0,0,0,16.2205199034516,11078533.816,1.678,2.925,-4.204,697.0,592.3,818.0,683.3,-1.066,41.095,1.505,7.958,17.04,87.5229430984,-3.2007094300094963,21.90661259926572,25.75,3.89,5.02,0.0,,0,,2.5885193,27.507,10.691402273618051
10,Colombia,LatAM,1,2002,1,0,0,onset,Colombia_ep,1,1,1,0,16.23271271496679,11214439.141,2.504,1.678,2.925,1066.0,698.8,697.0,592.3,-1.324,47.545,0.295,6.35,18.345,87.4423843206,-0.0920430403139382,21.52330895696547,27.29,1.67,4.61,0.0,9.0,1,,2.1784475,28.074,8.837897394106301
10,Colombia,LatAM,1,2003,0,0,0,tranquil,,0,0,0,0,16.25864347418734,11509041.182,3.918,2.504,1.678,686.0,506.0,1066.0,698.8,-0.969,45.04,1.289,7.12,19.866,89.6354901025,2.508058076114628,21.07623501353129,21.98,1.13,4.01,1.0,,0,,1.8178393,28.014,12.95317657123968
10,Colombia,LatAM,1,2004,0,0,0,tranquil,,0,0,0,0,16.298274373522016,11974313.52,5.333,3.918,2.504,521.0,416.3,686.0,506.0,-0.666,41.482,1.387,5.906,20.672,100.5720985433,12.201203371894051,22.199138656600063,15.48,1.35,4.27,1.0,,0,,2.6608348,26.631,15.191786894412143
10,Colombia,LatAM,1,2005,0,0,0,tranquil,,0,0,0,0,16.329560598236863,12354866.577,4.447,5.333,3.918,406.0,316.8,521.0,416.3,-1.338,38.532,2.062,5.048,21.656,114.1,13.4509487746999,22.75271860895064,12.81,3.21,4.29,1.0,,0,,7.029794,25.889,18.136079947048717
10,Colombia,LatAM,1,2006,0,0,0,tranquil,,0,0,0,0,16.382691967696584,13029049.087,6.717,4.447,5.333,239.0,192.8,406.0,316.8,-1.849,35.969,1.692,4.303,22.939,119.0,4.294478527607359,27.329327199608755,12.81,4.96,4.8,1.0,,0,,4.172385,28.441,16.396605565257545
10,Colombia,LatAM,1,2007,0,0,0,tranquil,,0,0,0,0,16.436371635517233,13747556.202,6.738,6.717,4.447,200.0,163.2,239.0,192.8,-2.982,32.663,1.846,5.543,23.454,125.0,5.042016806722693,30.56656822340691,17.54,5.02,4.63,0.0,,0,,4.3086767,28.162,13.122055712058991
10,Colombia,LatAM,1,2008,0,0,0,tranquil,,0,0,0,0,16.457605285227636,14042588.213,3.283,6.738,6.717,575.0,308.8,200.0,163.2,-2.679,32.382,2.2,7.001,23.721,132.4,5.920000000000014,31.342882128383145,32.69,1.93,3.66,0.0,,0,,4.3562784,28.429,16.063817567728755
10,Colombia,LatAM,1,2009,0,0,0,tranquil,,0,0,0,0,16.45798531914551,14047925.887,1.14,3.283,6.738,486.0,319.7,575.0,308.8,-1.907,35.387,-1.052,4.193,21.988,125.0,-5.58912386706949,30.058849809334014,31.48,0.16,3.26,1.0,,0,,3.4562707,30.914,19.1616292548601
10,Colombia,LatAM,1,2010,0,0,0,tranquil,,0,0,0,0,16.49107393439936,14520528.059,4.495,1.14,3.283,241.0,193.8,486.0,319.7,-2.996,36.497,-1.252,2.268,21.889,145.1,16.080000000000005,32.35295863779694,22.55,0.18,3.22,1.0,,0,,2.244336,30.35,18.87425286109032
10,Colombia,LatAM,1,2011,0,0,0,tranquil,,0,0,0,0,16.547705230625738,15366574.641,6.948,4.495,1.14,240.0,165.8,241.0,193.8,-2.906,35.783,0.089,3.415,22.996,166.5,14.748449345279123,34.959973887777515,24.2,0.1,2.78,1.0,,0,,4.3726954,30.233,17.212787380815577
10,Colombia,LatAM,1,2012,0,0,0,tranquil,,0,0,0,0,16.576059569191194,15808519.621,3.913,6.948,4.495,207.0,149.7,240.0,165.8,-3.14,33.967,1.821,3.174,22.105,157.3,-5.525525525525521,37.74485152628765,17.8,0.14,1.8,1.0,,0,,4.0572805,29.093,17.7415372670152
10,Colombia,LatAM,1,2013,0,0,0,tranquil,,0,0,0,0,16.616549248681164,16461736.547,5.134,3.913,6.948,198.0,166.7,207.0,149.7,-3.236,37.592,0.947,2.022,22.182,145.9,-7.24729815638907,39.48369169134581,14.23,0.11,2.35,1.0,,0,,4.2425246,29.998,16.72659070311346
10,Colombia,LatAM,1,2014,0,0,0,tranquil,,0,0,0,0,16.651116762492066,17040727.336,4.499,5.134,3.913,208.0,167.6,198.0,166.7,-5.198,43.319,-0.161,2.905,24.003,132.8,-8.97875257025359,42.38460569700119,14.18,0.09,2.54,1.0,,0,,4.2410727,31.261,15.032763645334729
10,Colombia,LatAM,1,2015,0,0,0,tranquil,,0,0,0,0,16.670525862305116,17374703.114,2.956,4.499,5.134,318.0,253.9,208.0,167.6,-6.372,50.375,-1.715,4.991,23.774,100.0,-24.6987951807229,46.90539359985684,16.67,0.13,2.14,1.0,,0,,3.9593985,31.277,15.216746861692549
10,Colombia,LatAM,1,2016,0,0,0,tranquil,,0,0,0,0,16.680105082014368,17541938.928,2.087,2.956,4.499,378.0,275.8,318.0,253.9,-4.452,49.904,-0.351,7.507,23.167,98.9,-1.09999999999999,47.05419780523523,15.83,0.4,1.84,1.0,,0,,4.9016457,29.994,17.50244425728274
10,Colombia,LatAM,1,2017,0,0,0,tranquil,,0,0,0,0,16.681109358335554,17559564.731,1.359,2.087,2.956,209.0,192.2,378.0,275.8,-3.182,49.449,-0.497,4.311,21.599,115.7,16.986855409504553,49.80542139861615,11.09,1.0,2.33,1.0,,0,,4.3931823,29.32,18.821889439670016
10,Colombia,LatAM,1,2018,0,0,0,tranquil,,0,0,0,0,16.68889067317585,17696734.22,2.564,1.359,2.087,228.0,187.3,209.0,192.2,-4.202,51.761,-2.493,3.242,21.196,126.5,9.334485738980124,45.87070747287139,16.64,1.83,2.91,1.0,,0,,3.3808358,34.658,18.11984523150069
10,Colombia,LatAM,1,2019,0,0,0,tranquil,,0,0,0,0,16.696952958826635,17839987.043,3.187,2.564,1.359,212.0,183.2,228.0,187.3,-4.584,50.971,-1.184,3.523,21.381,124.8,-1.3438735177865646,46.041578106770885,15.39,2.16,2.14,1.0,,0,,4.3305826,32.879,19.462576831547693
10,Colombia,LatAM,1,2020,0,0,0,tranquil,,0,0,0,0,16.602100745049906,16225599.111,-7.186,3.187,2.564,392.0,265.0,212.0,183.2,-3.428,65.274,-4.563,2.525,19.128,105.3,-15.625,51.99877906108159,29.25,0.38,0.89,1.0,,0,,2.7588942,33.713,25.2024573396327
10,Colombia,LatAM,1,2021,0,0,0,tranquil,,0,0,0,0,16.690700917040623,17728798.638,10.801,-7.186,3.187,359.0,270.9,392.0,265.0,-5.635,64.417,-4.543,3.505,18.917,126.4,20.037986704653378,47.9124060650503,19.66,0.08,1.45,1.0,,0,,3.001757,34.474,22.059305614098374
10,Colombia,LatAM,1,2022,0,0,0,tranquil,,0,0,0,0,16.750411096445987,18819631.213,7.328,10.801,-7.186,460.0,397.6,359.0,270.9,-6.041,61.3,-2.551,10.18,19.787,154.1,21.914556962025312,44.18831295917582,25.64,1.68,2.95,1.0,,0,,4.9712415,34.085,17.299793793164948
10,Colombia,LatAM,1,2023,0,0,0,tranquil,,0,0,0,0,16.74853502213818,18784357.285,0.842,7.328,10.801,422.0,351.1,460.0,397.6,-2.268,55.364,0.922,11.73,16.381,139.1,-9.733939000648927,41.65792119671865,16.85,5.02,3.96,1.0,,0,,4.584788,35.091,19.906125974986463
10,Colombia,LatAM,1,2024,0,0,0,tranquil,,0,0,0,0,16.754206084882444,18891187.187,1.493,0.842,7.328,337.0,312.8,422.0,351.1,-1.668,61.008,-2.199,6.602,16.473,,,39.53257606072829,15.55,5.14,4.21,1.0,,0,,3.267256,34.364,22.051798710026503
10,Colombia,LatAM,1,2025,0,0,0,tranquil,,0,0,0,0,16.773624664102357,19261612.125,2.642,1.493,0.842,388.0,312.8,337.0,312.8,-2.379,59.868,-3.455,5.143,16.719,,,,18.93,4.21,4.29,1.0,,0,,,33.174,
11,Costa Rica,,0,1994,0,0,0,tranquil,,0,0,0,1,15.328881424363052,4542015.546,4.519,,,,,,,-4.893,,-2.214,13.534,20.771,103.8208904774,,,13.93,4.2,7.09,1.0,,0,,2.8370137,17.422,3.3900287318680187
11,Costa Rica,,0,1995,0,0,0,tranquil,,0,0,0,1,15.341173294239296,4598189.947,4.154,4.519,,,,,,-3.222,,0.856,23.186,19.542,113.1693864774,9.004445980970477,,12.39,5.84,6.57,1.0,,0,,2.9096797,16.402,4.0864713022828445
11,Costa Rica,,0,1996,0,0,0,tranquil,,0,0,0,1,15.327620181641366,4536290.573,1.35,4.154,4.519,,,,,-2.357,33.685,0.597,17.512,17.75,110.9057664077,-2.00020530300572,,16.44,5.3,6.44,1.0,,0,,3.655887,17.287,10.629232129426752
11,Costa Rica,,0,1997,0,0,0,tranquil,,0,0,0,1,15.355483942413269,4664466.122,5.476,1.35,4.154,,,,,-3.642,30.559,0.872,13.248,20.054,115.7860170355,4.400357876667771,,22.36,5.46,6.35,1.0,,0,,3.2457623,16.256,14.203475020514755
11,Costa Rica,,0,1998,0,0,0,tranquil,,0,0,0,1,15.39952418679704,4874480.959,7.089,5.476,1.35,,,,,-3.584,40.691,0.761,11.66,22.662,127.4897815258,10.10809836105826,,25.6,5.35,5.26,0.0,,0,,4.490562,16.027,13.55119319418105
11,Costa Rica,,0,1999,0,0,0,tranquil,,0,0,0,1,15.41625571120639,4956724.568,4.148,7.089,5.476,,,,,-4.865,38.984,1.581,10.045,21.08,104.0135420845,-18.414212621855608,,24.37,4.97,5.65,0.0,,0,,4.3456683,16.712,8.995825472318732
11,Costa Rica,,0,2000,0,0,0,tranquil,,0,0,0,1,15.460759648070482,5182300.606,3.802,4.148,7.089,,,,,-4.559,38.85,0.529,10.961,20.687,105.9182822044,1.831242434136704,,23.32,6.24,6.03,0.0,,0,,4.8184643,16.87,7.885121323630983
11,Costa Rica,,0,2001,0,0,0,tranquil,,0,0,0,1,15.458179830245674,5168948.445,3.491,3.802,4.148,,,,,-3.218,39.644,1.088,11.256,20.115,103.9058460805,-1.899989389949153,,25.75,3.89,5.02,0.0,,0,,3.8923361,17.28,3.828097586481217
11,Costa Rica,,0,2002,0,0,0,tranquil,,0,0,0,1,15.474465561340129,5253817.753,3.417,3.491,3.802,,,,,-5.186,41.438,0.002,9.167,19.886,102.8294170718,-1.0359657798908128,,27.29,1.67,4.61,0.0,,0,,4.362027,18.551,5.582570761897866
11,Costa Rica,,0,2003,0,0,0,tranquil,,0,0,0,1,15.500952272045454,5394833.38,4.317,3.417,3.491,,,,,-5.208,40.566,1.416,9.448,18.965,101.4563448802,-1.3352912334816058,,21.98,1.13,4.01,0.0,,0,,4.4835396,17.567,6.491602889410716
11,Costa Rica,,0,2004,0,0,0,tranquil,,0,0,0,1,15.528365455082838,5544768.647,4.425,4.317,3.417,,,,,-3.626,41.002,1.361,12.315,18.93,98.8197172894,-2.598780385705146,,15.48,1.35,4.27,0.0,,0,,5.8231263,17.006,9.169241692531685
11,Costa Rica,,0,2005,0,0,0,tranquil,,0,0,0,1,15.552200872858418,5678518.18,3.977,4.425,4.317,,,,,-4.29,37.321,2.021,13.798,18.964,95.4,-3.460561700844711,35.86021913381689,12.81,3.21,4.29,0.0,,0,,7.6284356,15.889,9.993287890839905
11,Costa Rica,,0,2006,0,0,0,tranquil,,0,0,0,1,15.607977584814384,6004246.848,7.327,3.977,4.425,,,,,-4.132,33.037,2.718,11.471,21.086,92.3,-3.249475890985332,37.86298409256849,12.81,4.96,4.8,0.0,,0,,7.9285045,15.15,7.99095266632167
11,Costa Rica,,0,2007,0,0,0,tranquil,,0,0,0,1,15.67260334021164,6405088.69,8.215,7.327,3.977,,,,,-5.575,26.975,3.58,9.357,23.287,89.2,-3.358613217768136,43.77237764398468,17.54,5.02,4.63,0.0,,0,,8.337426,14.595,5.448628509296053
11,Costa Rica,,0,2008,0,0,0,tranquil,,0,0,0,1,15.704327371179668,6611541.363,4.738,8.215,7.327,,,,,-8.378,24.007,2.281,13.425,24.611,86.5,-3.026905829596416,49.380606242038674,32.69,1.93,3.66,0.0,,0,,7.909007,15.18,5.3990533215661864
11,Costa Rica,,0,2009,0,0,0,tranquil,,0,0,0,1,15.680848015989202,6458114.861,-0.873,4.738,8.215,,,,,-1.823,26.026,-1.208,7.843,18.453,94.0,8.670520231213864,47.65335107895759,31.48,0.16,3.26,1.0,,0,,5.2515106,16.659,8.352726545071096
11,Costa Rica,,0,2010,0,0,0,tranquil,,0,0,0,1,15.714317363118573,6677921.625,5.36,-0.873,4.738,,,,,-3.224,28.09,-2.928,5.663,19.834,94.0,0.0,44.31413316511183,22.55,0.18,3.22,1.0,,0,,5.0637116,18.042,9.548669759255523
11,Costa Rica,,0,2011,0,0,0,tranquil,,0,0,0,1,15.744585379976046,6883139.166,4.403,5.36,-0.873,,,,,-5.297,29.513,-1.831,4.878,20.048,91.7,-2.446808510638298,46.02004275416414,24.2,0.1,2.78,0.0,,0,,6.3917255,17.18,11.197411179568727
11,Costa Rica,LatAM,1,2012,0,0,0,tranquil,,0,0,0,1,15.779277994348742,7126123.774,4.883,4.403,5.36,484.0,389.7,,,-5.105,33.741,-2.229,4.496,19.854,91.7,0.0,47.45132058238665,17.8,0.14,1.8,0.0,,0,,5.708661,17.343,10.594239643591138
11,Costa Rica,LatAM,1,2013,0,0,0,tranquil,,0,0,0,1,15.79113644992727,7211131.631,2.495,4.883,4.403,345.0,296.4,484.0,389.7,-4.772,35.076,-2.766,5.231,19.59,90.7,-1.0905125408942171,49.72992436114036,14.23,0.11,2.35,0.0,,0,,6.2912774,18.519,12.99398032043344
11,Costa Rica,LatAM,1,2014,0,0,0,tranquil,,0,0,0,1,15.813438487846303,7373761.308,3.542,2.495,4.883,418.0,356.1,345.0,296.4,-4.716,37.436,-2.967,4.519,19.223,93.0,2.5358324145534628,53.09844531196806,14.18,0.09,2.54,0.0,,0,,6.232937,18.4,14.3787697855335
11,Costa Rica,LatAM,1,2015,0,0,0,tranquil,,0,0,0,1,15.837213771097892,7551175.248,3.652,3.542,2.495,530.0,455.3,418.0,356.1,-3.404,39.786,-2.871,0.802,18.854,100.0,7.526881720430101,55.12724843020936,16.67,0.13,2.14,0.0,,0,,5.2363944,18.759,15.772645387904017
11,Costa Rica,LatAM,1,2016,0,0,0,tranquil,,0,0,0,1,15.866437506356585,7775104.888,4.204,3.652,3.542,577.0,477.0,530.0,455.3,-2.137,44.056,-2.366,-0.017,18.889,103.3,3.299999999999992,58.63805377255198,15.83,0.4,1.84,0.0,,0,,4.452962,18.756,16.870111600907638
11,Costa Rica,LatAM,1,2017,0,0,0,tranquil,,0,0,0,1,15.895606110232556,8005233.796,4.158,4.204,3.652,411.0,371.9,577.0,477.0,-3.617,47.064,-2.902,1.626,18.065,100.6,-2.61374636979671,59.68590601344474,11.09,1.0,2.33,0.0,,0,,4.8332753,19.157,18.04996523441606
11,Costa Rica,LatAM,1,2018,0,0,0,tranquil,,0,0,0,1,15.912543210299836,8141973.964,2.853,4.158,4.204,540.0,408.8,411.0,371.9,-2.984,51.717,-2.243,2.221,18.154,98.8,-1.789264413518887,60.304459465327,16.64,1.83,2.91,0.0,,0,,4.8294387,18.851,18.26268494816128
11,Costa Rica,LatAM,1,2019,0,0,0,tranquil,,0,0,0,1,15.928754755588104,8275043.662,2.708,2.853,4.158,489.0,455.1,540.0,408.8,-1.184,56.138,-2.615,2.096,15.69,98.6,-0.2024291497975783,56.17810650507448,15.39,2.16,2.14,0.0,,0,,4.22094,21.574,20.488705084415805
11,Costa Rica,LatAM,1,2020,0,0,0,tranquil,,0,0,0,1,15.876061479123294,7850293.512,-4.142,2.708,2.853,839.0,687.1,489.0,455.1,-1.039,66.474,-3.725,0.725,15.53,100.9,2.332657200811372,60.13553308680761,29.25,0.38,0.89,0.0,,0,,3.3704352,22.146,27.58229465241002
11,Costa Rica,LatAM,1,2021,0,0,0,tranquil,,0,0,0,1,15.9450229672912,8410764.801,8.218,-4.142,2.708,545.0,490.0,839.0,687.1,-3.145,66.98,-0.275,1.727,17.765,97.3,-3.567888999008928,56.58956958111104,19.66,0.08,1.45,1.0,,0,,5.53073,20.574,30.408044837542707
11,Costa Rica,LatAM,1,2022,0,0,0,tranquil,,0,0,0,1,15.988731768472904,8786541.805,5.461,8.218,-4.142,521.0,432.7,545.0,490.0,-3.201,61.426,2.018,8.275,18.38,87.8,-9.76361767728674,52.66219906053434,25.64,1.68,2.95,1.0,,0,,5.417531,18.713,24.855955032725994
11,Costa Rica,LatAM,1,2023,0,0,0,tranquil,,0,0,0,1,16.026246615965828,9122428.559,4.792,5.461,8.218,342.0,279.7,521.0,432.7,-1.266,60.411,1.533,0.525,15.847,89.6,2.050113895216388,51.11969327656033,16.85,5.02,3.96,1.0,,0,,5.419181,18.299,23.346866046157146
11,Costa Rica,LatAM,1,2024,0,0,0,tranquil,,0,0,0,1,16.05739926203544,9411089.275,4.083,4.792,5.461,251.0,215.2,342.0,279.7,-0.933,58.91,1.045,-0.412,16.194,,,51.96112371995898,15.55,5.14,4.21,1.0,,0,,5.5568004,18.603,22.832612057349706
11,Costa Rica,LatAM,1,2025,0,0,0,tranquil,,0,0,0,1,16.09357385929972,9757764.249,4.56,4.083,4.792,233.0,191.2,251.0,215.2,-0.727,60.412,0.942,-0.074,15.785,,,,18.93,4.21,4.29,1.0,,0,,,17.769,
12,Cote d'Ivoire,,0,1994,0,0,0,tranquil,,0,0,0,1,13.857143698296795,1042511.953,0.171,,,,,,,-0.12,,,25.956,8.762,71.3736192296,,18.522067135136787,13.93,4.2,7.09,1.0,,0,,1.413818,,10.974284031000604
12,Cote d'Ivoire,,0,1995,0,0,0,tranquil,,0,0,0,1,13.8827256361127,1069525.485,5.572,0.171,,,,,,-3.239,,,14.1,16.584,70.8558105993,-0.725490224384262,18.50463230948156,12.39,5.84,6.57,1.0,,0,,1.9250729,,9.290230224730168
12,Cote d'Ivoire,,0,1996,0,0,0,tranquil,,0,0,0,1,13.93298405505187,1124651.823,8.136,5.572,0.171,,,,,-0.967,,,2.7,14.497,68.8338172078,-2.853673360586717,11.235645369763306,16.44,5.3,6.44,1.0,,0,,1.4896368,,5.841163077088366
12,Cote d'Ivoire,,0,1997,0,0,0,tranquil,,0,0,0,1,13.95351279383328,1147978.117,5.723,8.136,5.572,,,,,-0.955,84.182,2.457,6.301,16.711,68.1533809018,-0.9885203721098912,11.101281947502152,22.36,5.46,6.35,1.0,,0,,2.3020182,15.172,5.126947995820602
12,Cote d'Ivoire,Sub-Saharan Africa,5,1998,1,1,0,onset,Cote_d'Ivoire_ep,1,1,1,1,13.966522267231328,1163010.276,4.931,5.723,8.136,2373.0,1045.3,,,-1.665,75.16,2.087,4.503,17.401,67.7582888438,-0.579710137299394,10.25233579267229,25.6,5.35,5.26,0.0,8.0,1,,3.8741717,14.565,5.271215908892281
12,Cote d'Ivoire,Sub-Saharan Africa,5,1999,0,0,1,continuation,Cote_d'Ivoire_ep,1,0,1,1,13.954375744461,1148969.193,1.618,4.931,5.723,1392.0,1094.9,2373.0,1045.3,-0.698,78.018,1.567,0.744,14.391,68.638266612,1.2987012854302815,9.471890153657665,24.37,4.97,5.65,0.0,,0,,1.2471457,13.668,5.810395362387486
12,Cote d'Ivoire,Sub-Saharan Africa,5,2000,0,0,1,continuation,Cote_d'Ivoire_ep,1,1,1,1,13.905282461608342,1093924.735,-2.068,1.618,4.931,2443.0,1792.2,1392.0,1094.9,-1.625,73.987,2.091,2.534,12.154,58.0785332781,-15.38461539769398,9.761974871572754,23.32,6.24,6.03,0.0,,0,,1.415782,12.877,4.650118048033863
12,Cote d'Ivoire,Sub-Saharan Africa,5,2001,0,0,1,continuation,Cote_d'Ivoire_ep,1,0,1,1,13.87830307290727,1064805.885,0.121,-2.068,1.618,2879.0,2334.0,2443.0,1792.2,-0.396,71.172,2.989,4.355,11.494,64.9298952871,11.79672009999515,9.855996938032128,25.75,3.89,5.02,0.0,,0,,1.6220772,11.439,3.6348355485823896
12,Cote d'Ivoire,Sub-Saharan Africa,5,2002,0,0,1,continuation,Cote_d'Ivoire_ep,1,1,1,1,13.833293663083884,1017942.166,-1.668,0.121,-2.068,3195.0,2223.6,2879.0,2334.0,4.48,62.982,1.422,3.08,8.979,83.1665429465,28.0866734479752,9.650183034727256,27.29,1.67,4.61,1.0,,0,,1.1774449,13.098,3.771143495123751
12,Cote d'Ivoire,Sub-Saharan Africa,5,2003,0,0,1,continuation,Cote_d'Ivoire_ep,1,0,1,1,13.791412668141254,976190.146,-1.36,-1.668,0.121,3013.0,2761.5,3195.0,2223.6,1.387,56.381,0.155,3.297,11.559,79.6696111683,-4.204733844052577,8.826843810967313,21.98,1.13,4.01,1.0,,0,,0.7782443,12.675,3.312946923893424
12,Cote d'Ivoire,Sub-Saharan Africa,5,2004,0,0,1,continuation,Cote_d'Ivoire_ep,1,0,1,1,13.775462779286572,960743.535,1.232,-1.36,-1.668,3368.0,3019.6,3013.0,2761.5,1.051,56.718,0.463,1.459,10.984,75.5122168145,-5.2182937670143925,9.469117106397452,15.48,1.35,4.27,1.0,,0,,1.2036278,13.508,2.772337682054708
12,Cote d'Ivoire,Sub-Saharan Africa,5,2005,0,0,1,continuation,Cote_d'Ivoire_ep,1,0,1,1,13.764336424897785,950113.21,1.721,1.232,-1.36,3476.0,3210.4,3368.0,3019.6,0.168,58.164,0.4,3.884,12.623,81.8,8.326842265730727,9.384668664965597,12.81,3.21,4.29,1.0,,0,,1.4521811,13.597,2.992535765266178
12,Cote d'Ivoire,Sub-Saharan Africa,5,2006,0,0,1,continuation,Cote_d'Ivoire_ep,1,1,1,1,13.751188735479188,937703.177,1.516,1.721,1.232,3325.0,2872.3,3476.0,3210.4,1.947,57.471,0.225,2.466,10.219,83.0,1.4669926650366705,9.76765137157879,12.81,4.96,4.8,0.0,,0,,1.3882318,14.461,2.614456679086702
12,Cote d'Ivoire,Sub-Saharan Africa,5,2007,0,0,1,continuation,Cote_d'Ivoire_ep,1,0,1,1,13.740492773441384,927726.987,1.765,1.516,1.721,3420.0,2671.5,3325.0,2872.3,-0.494,53.533,0.845,1.896,12.78,87.0,4.819277108433728,11.127341675476158,17.54,5.02,4.63,0.0,,0,,1.5431167,14.842,3.1291108823225167
12,Cote d'Ivoire,Sub-Saharan Africa,5,2008,0,0,1,continuation,Cote_d'Ivoire_ep,1,0,1,1,13.737410892361268,924872.244,2.543,1.765,1.516,2525.0,798.9,3420.0,2671.5,1.349,51.24,1.045,1.706,14.015,89.7,3.103448275862064,11.211470466794744,32.69,1.93,3.66,0.0,,0,,1.3744189,14.589,2.6294310130474727
12,Cote d'Ivoire,Sub-Saharan Africa,5,2009,0,0,1,continuation,Cote_d'Ivoire_ep,0,0,0,1,13.741215646184584,928397.858,3.251,2.543,1.765,0.0,0.0,2525.0,798.9,4.82,46.476,0.062,0.518,11.542,94.3,5.128205128205132,11.821120015109374,31.48,0.16,3.26,1.0,,0,,1.1733907,14.386,3.9022597429337433
12,Cote d'Ivoire,Sub-Saharan Africa,5,2010,0,0,1,continuation,Cote_d'Ivoire_ep,1,1,1,1,13.73299881406117,920800.624,2.018,3.251,2.543,1154.0,558.2,0.0,0.0,1.35,45.612,-0.195,1.751,15.67,101.0,7.104984093319189,11.830092079651898,22.55,0.18,3.22,1.0,,0,,1.0260624,14.465,4.560263888894163
12,Cote d'Ivoire,Sub-Saharan Africa,5,2011,0,0,1,continuation,Cote_d'Ivoire_ep,1,0,1,1,13.655013725003524,851720.521,-4.857,2.018,3.251,1355.0,1086.8,1154.0,558.2,7.504,50.028,-1.579,4.895,7.197,100.0,-0.990099009900991,11.867290189135376,24.2,0.1,2.78,1.0,,0,,0.8229543,13.197,4.757622731355508
12,Cote d'Ivoire,Sub-Saharan Africa,5,2012,0,0,1,continuation,Cote_d'Ivoire_ep,1,0,1,1,13.729955641275772,918002.728,10.864,-4.857,2.018,1012.0,712.2,1355.0,1086.8,-0.866,24.693,-1.044,1.3,17.825,88.7,-11.3,12.435371681253043,17.8,0.14,1.8,1.0,,0,,0.9097371,16.142,6.103818204075818
12,Cote d'Ivoire,Sub-Saharan Africa,5,2013,0,0,0,tranquil,,0,0,0,1,13.79043274579407,975234.024,9.272,10.864,-4.857,573.0,481.0,1012.0,712.2,-0.978,24.624,-0.615,2.584,23.192,87.7,-1.1273957158962844,13.39488710146176,14.23,0.11,2.35,1.0,,0,,0.9532036,15.857,6.174974118042461
12,Cote d'Ivoire,Sub-Saharan Africa,5,2014,0,0,0,tranquil,,0,0,0,1,13.846527085557277,1031502.552,8.794,9.272,10.864,517.0,391.2,573.0,481.0,1.045,26.71,-0.683,0.515,23.399,94.4,7.639680729760556,14.279921035879498,14.18,0.09,2.54,1.0,,0,,0.8995289,15.214,6.179443585836789
12,Cote d'Ivoire,Sub-Saharan Africa,5,2015,0,0,0,tranquil,,0,0,0,1,13.903069768282489,1091506.891,8.843,8.794,9.272,562.0,462.2,517.0,391.2,-0.44,29.172,-0.944,1.055,23.388,100.0,5.932203389830493,16.48257701005085,16.67,0.13,2.14,1.0,,0,,1.0791415,16.503,5.334776716272064
12,Cote d'Ivoire,Sub-Saharan Africa,5,2016,0,0,0,tranquil,,0,0,0,1,13.94414218846066,1137271.111,7.172,8.843,8.794,575.0,481.8,562.0,462.2,-0.856,31.118,-1.723,0.763,23.195,98.8,-1.200000000000001,,15.83,0.4,1.84,1.0,,0,,1.193758,17.581,
12,Cote d'Ivoire,Sub-Saharan Africa,5,2017,0,0,0,tranquil,,0,0,0,1,13.98745251173928,1187608.895,7.412,7.172,8.843,430.0,383.2,575.0,481.8,-1.998,32.595,-2.03,0.737,20.819,85.4,-13.562753036437236,,11.09,1.0,2.33,1.0,,0,,1.8567349,18.109,
12,Cote d'Ivoire,Sub-Saharan Africa,5,2018,0,0,0,tranquil,,0,0,0,1,14.00654276498354,1210498.438,4.842,7.412,7.172,528.0,400.8,430.0,383.2,-3.904,35.317,-1.569,0.616,22.253,86.3,1.053864168618257,,16.64,1.83,2.91,1.0,,0,,1.059987,17.561,
12,Cote d'Ivoire,Sub-Saharan Africa,5,2019,0,0,0,tranquil,,0,0,0,1,14.043402824262788,1255950.01,6.721,4.842,7.412,513.0,433.7,528.0,400.8,-2.234,37.216,-0.748,0.77,21.99,87.3,1.1587485515643037,,15.39,2.16,2.14,1.0,,0,,1.4058305,17.198,
12,Cote d'Ivoire,Sub-Saharan Africa,5,2020,0,0,0,tranquil,,0,0,0,1,14.022194138563808,1229593.443,0.701,6.721,4.842,735.0,535.8,513.0,433.7,-3.128,46.315,-3.589,2.288,21.743,91.2,4.467353951890041,,29.25,0.38,0.89,1.0,,0,,1.1311125,20.37,
12,Cote d'Ivoire,Sub-Saharan Africa,5,2021,0,0,0,tranquil,,0,0,0,1,14.062242290941189,1279835.729,7.062,0.701,6.721,420.0,381.1,735.0,535.8,-3.946,50.165,-2.938,4.182,23.575,85.9,-5.811403508771928,,19.66,0.08,1.45,0.0,,0,,1.9128265,20.455,
12,Cote d'Ivoire,Sub-Saharan Africa,5,2022,0,0,0,tranquil,,0,0,0,1,14.096084216650846,1323889.055,6.4,7.062,0.701,627.0,461.8,420.0,381.1,-7.589,56.035,-4.547,5.239,27.485,80.8,-5.937136204889415,,25.64,1.68,2.95,0.0,,0,,2.2547266,21.85,
12,Cote d'Ivoire,Sub-Saharan Africa,5,2023,0,0,0,tranquil,,0,0,0,1,14.131805175145685,1372034.421,6.6,6.4,7.062,468.0,390.7,627.0,461.8,-8.049,56.701,-2.59,4.437,24.544,91.8,13.613861386138604,,16.85,5.02,3.96,1.0,,0,,3.0764143,20.98,
12,Cote d'Ivoire,Sub-Saharan Africa,5,2024,0,0,0,tranquil,,0,0,0,1,14.162065982949338,1414187.873,6.02,6.6,6.4,409.0,370.9,468.0,390.7,-4.467,59.459,-1.302,3.443,20.87,,,,15.55,5.14,4.21,1.0,,0,,3.5834668,20.365,
12,Cote d'Ivoire,Sub-Saharan Africa,5,2025,0,0,0,tranquil,,0,0,0,1,14.196848410637587,1464242.22,6.5,6.02,6.6,495.0,370.7,409.0,370.9,-1.099,56.322,-0.205,0.125,21.399,,,,18.93,4.21,4.29,1.0,,0,,,20.185,
13,Dominican Republic,,0,1994,0,0,0,tranquil,,0,0,0,1,11.984208544120747,160204.843,2.594,,,,,,,-1.932,,,8.261,21.004,88.5004014631,,,13.93,4.2,7.09,1.0,,0,,1.4209886,,-0.14937538795183128
13,Dominican Republic,,0,1995,0,0,0,tranquil,,0,0,0,1,12.022905555373612,166525.804,5.7,2.594,,,,,,-1.099,,,12.536,20.05,90.6184909443,2.393310590893916,,12.39,5.84,6.57,0.0,,0,,2.5088098,,-0.46344865935296536
13,Dominican Republic,,0,1996,0,0,0,tranquil,,0,0,0,1,12.064663274389131,173626.77,5.961,5.7,2.594,,,,,-1.166,,,5.399,20.054,89.3796512997,-1.3670936601244854,,16.44,5.3,6.44,0.0,,0,,0.73568016,,-0.2772535953761361
13,Dominican Republic,,0,1997,0,0,0,tranquil,,0,0,0,1,12.13411103061058,186113.323,8.9,5.961,5.7,,,,,-0.814,13.848,0.088,8.297,22.101,93.5880552746,4.70845870811103,,22.36,5.46,6.35,0.0,,0,,2.0417185,13.172,0.1767602398586056
13,Dominican Republic,,0,1998,0,0,0,tranquil,,0,0,0,1,12.183066706705542,195451.336,6.706,8.9,5.961,,,,,-1.561,13.249,0.353,4.832,28.069,99.2331788533,6.031884690985878,,25.6,5.35,5.26,0.0,,0,,3.0864403,12.596,0.48421618914476094
13,Dominican Republic,,0,1999,0,0,0,tranquil,,0,0,0,1,12.225831649325842,203991.101,5.957,6.706,8.9,,,,,-1.939,15.977,-0.122,6.471,27.113,98.00604993,-1.2366115219528684,,24.37,4.97,5.65,0.0,,0,,6.0754642,13.402,0.991087196570543
13,Dominican Republic,,0,2000,0,0,0,tranquil,,0,0,0,1,12.256675865120872,210381.087,4.652,5.957,6.706,,,,,-4.223,16.707,-0.111,7.723,27.893,93.8104255524,-4.280985082652233,,23.32,6.24,6.03,0.0,,0,,4.0689907,14.093,1.5775980601523476
13,Dominican Republic,LatAM,1,2001,0,0,0,tranquil,,0,0,0,1,12.267445674279084,212659.096,2.469,4.652,5.957,533.0,489.5,,,-2.894,20.351,0.048,8.884,26.771,98.6288244178,5.136314899998573,,25.75,3.89,5.02,0.0,,0,,4.2493067,14.892,-0.3516792077667235
13,Dominican Republic,LatAM,1,2002,0,0,0,tranquil,,0,0,0,1,12.297971517981628,219250.791,4.487,2.469,4.652,521.0,418.3,533.0,489.5,-2.928,21.487,-1.183,5.223,26.957,95.8534153976,-2.813993816293636,,27.29,1.67,4.61,0.0,,0,,3.4122598,16.475,0.07384831532075854
13,Dominican Republic,LatAM,1,2003,1,1,0,onset,Dominican_Republic_ep,1,1,1,1,12.270850184975592,213384.33,-1.349,4.487,2.469,1141.0,710.9,521.0,418.3,4.815,48.15,-2.622,27.45,19.409,90.4895498183,-5.595904493387827,,21.98,1.13,4.01,1.0,12.0,1,,2.880555,17.224,0.3698486200798423
13,Dominican Republic,LatAM,1,2004,0,0,1,continuation,Dominican_Republic_ep,1,0,1,1,12.283587690585197,216119.698,2.586,-1.349,4.487,1730.0,1229.5,1141.0,710.9,4.628,34.346,-1.826,51.461,20.627,95.0350386677,5.0232196519124805,23.64075829822308,15.48,1.35,4.27,1.0,,0,,4.1862907,17.333,5.21812319068223
13,Dominican Republic,LatAM,1,2005,0,0,0,tranquil,,0,0,0,1,12.361321457903408,233589.705,9.432,2.586,-1.349,704.0,482.0,1730.0,1229.5,-1.316,38.322,0.515,4.19,24.773,92.0,-3.193599655714696,19.64943663424493,12.81,3.21,4.29,1.0,,0,,3.1259818,15.501,9.470621917752576
13,Dominican Republic,LatAM,1,2006,0,0,0,tranquil,,0,0,0,1,12.437614365300664,252108.383,9.171,9.432,2.586,324.0,259.3,704.0,482.0,-3.388,36.022,-0.401,7.573,26.927,94.9,3.1521739130434767,18.692621405301534,12.81,4.96,4.8,1.0,,0,,4.035657,16.95,16.532538857011982
13,Dominican Republic,LatAM,1,2007,0,0,0,tranquil,,0,0,0,1,12.497929003516846,267782.136,7.418,9.171,9.432,282.0,212.2,324.0,259.3,-4.916,32.907,1.402,6.144,27.633,98.1,3.3719704952581475,20.70826660240636,17.54,5.02,4.63,1.0,,0,,5.12425,16.321,16.014133508163262
13,Dominican Republic,LatAM,1,2008,1,1,0,onset,Dominican_Republic_ep,1,1,1,1,12.51864826891945,273388.262,3.268,7.418,9.171,1705.0,770.1,282.0,212.2,-9.382,33.629,-1.91,10.644,29.898,92.1,-6.11620795107034,20.740112543988666,32.69,1.93,3.66,1.0,10.0,1,,5.67336,18.492,16.539181387524202
13,Dominican Republic,LatAM,1,2009,0,0,1,continuation,Dominican_Republic_ep,1,0,1,1,12.517855477413011,273171.608,1.003,3.268,7.418,1159.0,797.3,1705.0,770.1,-4.77,36.763,-1.054,1.442,23.372,97.8,6.188925081433228,21.56646248185291,31.48,0.16,3.26,1.0,,0,,3.5154853,16.156,18.112088283518705
13,Dominican Republic,LatAM,1,2010,0,0,0,tranquil,,0,0,0,1,12.588082022877492,293045.165,8.401,1.003,3.268,471.0,383.4,1159.0,797.3,-7.47,37.352,-1.136,6.33,26.071,95.8,-2.0449897750511203,22.73509618590869,22.55,0.18,3.22,1.0,,0,,3.3832052,16.067,16.391296575138913
13,Dominican Republic,LatAM,1,2011,0,0,0,tranquil,,0,0,0,1,12.608848591079685,299194.335,3.192,8.401,1.003,597.0,452.8,471.0,383.4,-7.514,39.108,-1.037,8.459,24.603,94.1,-1.7745302713987554,22.93743723887224,24.2,0.1,2.78,1.0,,0,,3.7921758,15.988,15.501099528874818
13,Dominican Republic,LatAM,1,2012,0,0,0,tranquil,,0,0,0,1,12.62575778800373,304296.486,2.776,3.192,8.401,557.0,458.7,597.0,452.8,-6.549,42.404,-4.391,3.694,23.753,94.7,0.6376195536663243,22.537408826704453,17.8,0.14,1.8,1.0,,0,,5.6403694,19.824,18.705561694204285
13,Dominican Republic,LatAM,1,2013,0,0,0,tranquil,,0,0,0,1,12.66326965332452,315928.011,4.935,2.776,3.192,429.0,382.8,557.0,458.7,-4.1,46.809,-2.183,4.831,22.106,92.4,-2.428722280887008,23.437140484568893,14.23,0.11,2.35,0.0,,0,,2.5575724,18.515,18.87797341262023
13,Dominican Republic,LatAM,1,2014,0,0,0,tranquil,,0,0,0,1,12.72191987291365,335011.411,7.111,4.935,2.776,392.0,341.2,429.0,382.8,-3.234,45.022,-0.4,2.999,22.395,92.1,-0.3246753246753386,25.26616485169907,14.18,0.09,2.54,0.0,,0,,3.559388,17.042,18.03447891163699
13,Dominican Republic,LatAM,1,2015,0,0,0,tranquil,,0,0,0,1,12.779721510494351,354946.201,6.988,7.111,4.935,437.0,387.2,392.0,341.2,-1.802,44.812,2.287,0.837,22.651,100.0,8.577633007600438,26.039272054265105,16.67,0.13,2.14,0.0,,0,,3.1385107,16.728,19.565694914343606
13,Dominican Republic,LatAM,1,2016,0,0,0,tranquil,,0,0,0,1,12.835303343446483,375233.337,6.72,6.988,7.111,498.0,415.9,437.0,387.2,-1.077,46.685,-0.572,1.614,22.173,104.5,4.499999999999993,26.9063969746819,15.83,0.4,1.84,0.0,,0,,3.3302493,17.009,20.558752554890486
13,Dominican Republic,LatAM,1,2017,0,0,0,tranquil,,0,0,0,1,12.864588693679954,386384.665,3.934,6.72,6.988,371.0,309.5,498.0,415.9,-0.168,49.48,-0.548,3.28,21.181,99.7,-4.593301435406694,27.58276785142264,11.09,1.0,2.33,0.0,,0,,4.5502563,17.264,20.682632877644373
13,Dominican Republic,LatAM,1,2018,0,0,0,tranquil,,0,0,0,1,12.923667108589523,409899.427,7.098,3.934,6.72,371.0,318.5,371.0,309.5,-1.553,50.798,0.431,3.564,25.202,95.0,-4.714142427281853,27.391153658012552,16.64,1.83,2.91,0.0,,0,,3.2290237,16.46,19.36914044430062
13,Dominican Republic,LatAM,1,2019,0,0,0,tranquil,,0,0,0,1,12.962509441888733,426134.133,4.894,7.098,3.934,358.0,331.1,371.0,318.5,-1.331,53.456,-0.718,1.811,25.235,99.3,4.526315789473689,28.09780720050752,15.39,2.16,2.14,0.0,,0,,3.1736655,17.82,20.98485407715469
13,Dominican Republic,LatAM,1,2020,0,0,0,tranquil,,0,0,0,1,12.871230434653928,388959.473,-7.929,4.894,7.098,696.0,490.2,358.0,331.1,-1.691,71.812,-4.683,3.781,24.88,110.2,10.976837865055389,30.62762843461105,29.25,0.38,0.89,0.0,,0,,3.1326597,22.177,24.37285665623608
13,Dominican Republic,LatAM,1,2021,0,0,0,tranquil,,0,0,0,1,12.99407221930797,439798.62,14.012,-7.929,4.894,396.0,356.4,696.0,490.2,-2.825,62.821,0.175,8.243,30.275,100.4,-8.892921960072597,27.77002980323821,19.66,0.08,1.45,0.0,,0,,3.5315495,18.419,23.693402315481066
13,Dominican Republic,LatAM,1,2022,0,0,0,tranquil,,0,0,0,1,13.036958416346527,459070.199,5.238,14.012,-7.929,512.0,422.9,396.0,356.4,-5.754,59.578,-0.399,8.812,30.671,93.8,-6.573705179282873,27.965795472560945,25.64,1.68,2.95,0.0,,0,,3.568971,18.522,22.68648258099402
13,Dominican Republic,LatAM,1,2023,0,0,0,tranquil,,0,0,0,1,13.050476893455953,465318.266,2.192,5.238,14.012,369.0,321.1,512.0,422.9,-3.658,60.511,-0.121,4.786,27.815,99.2,5.756929637526653,30.842195690075023,16.85,5.02,3.96,0.0,,0,,3.9437559,19.126,23.093377478965305
13,Dominican Republic,LatAM,1,2024,0,0,0,tranquil,,0,0,0,1,13.09065908171684,484396.508,4.954,2.192,5.238,256.0,216.8,369.0,321.1,-3.344,58.792,0.296,3.302,26.998,,,31.92208648763233,15.55,5.14,4.21,0.0,,0,,3.6013994,19.465,25.680513474156154
13,Dominican Republic,LatAM,1,2025,0,0,0,tranquil,,0,0,0,1,13.103441859217485,490628.185,2.117,4.954,2.192,253.0,202.7,256.0,216.8,-1.188,59.004,-0.108,3.873,24.704,,,,18.93,4.21,4.29,0.0,,0,,,19.316,
14,Ecuador,,0,1994,0,0,0,tranquil,,0,0,0,1,8.357976098967695,4264.056,4.258,,,,,,,-4.439,,,27.443,15.098,77.6282229172,,,13.93,4.2,7.09,1.0,,0,,2.537929,,14.404576872413303
14,Ecuador,LatAM,1,1995,1,1,0,onset,Ecuador_ep,1,0,1,1,8.361272679693377,4278.136,2.253,4.258,,2092.0,1668.9,,,-4.55,,1.707,22.886,13.938,73.7528462889,-4.992226387088062,,12.39,5.84,6.57,1.0,2.0,0,,1.8519304,21.952,-1.280501649710102
14,Ecuador,LatAM,1,1996,0,0,1,continuation,Ecuador_ep,1,0,1,1,8.361295586603667,4278.234,1.732,2.253,4.258,1316.0,1060.7,2092.0,1668.9,-0.238,,0.255,24.4,12.498,78.6429559203,6.630401235288952,,16.44,5.3,6.44,1.0,,0,,1.9807826,22.735,-1.2535410488068273
14,Ecuador,LatAM,1,1997,0,0,1,continuation,Ecuador_ep,0,0,0,1,8.387839346390304,4393.315,4.328,1.732,2.253,849.0,673.6,1316.0,1060.7,-1.767,,1.098,30.6,14.726,79.5112964807,1.1041555473576103,,22.36,5.46,6.35,0.0,,0,,2.5706577,21.963,-0.3206584251319097
14,Ecuador,LatAM,1,1998,0,0,1,continuation,Ecuador_ep,1,1,1,1,8.40497051825225,4469.226,3.267,4.328,1.732,2079.0,1132.1,849.0,673.6,-7.982,,-1.372,36.1,18.489,71.5589015511,-10.001591322976722,,25.6,5.35,5.26,0.0,,0,,3.1090815,21.532,2.407964810681951
14,Ecuador,LatAM,1,1999,0,0,1,continuation,Ecuador_ep,1,1,1,1,8.34181046515987,4195.679,-4.739,3.267,4.328,4764.0,2729.2,2079.0,1132.1,4.86,,2.311,52.2,12.779,76.9383302069,7.51748355438151,,24.37,4.97,5.65,0.0,,0,,3.3005905,24.129,7.8052705693019515
14,Ecuador,LatAM,1,2000,0,0,1,continuation,Ecuador_ep,1,1,1,1,8.33786028415682,4179.138,1.092,-4.739,3.267,4499.0,2648.3,4764.0,2729.2,6.347,,5.709,96.1,17.167,88.4600679762,14.975289609634256,,23.32,6.24,6.03,1.0,,0,,-0.13363795,24.259,4.6063801842312495
14,Ecuador,LatAM,1,2001,0,0,1,continuation,Ecuador_ep,1,0,1,1,8.363101943156222,4285.969,4.206,1.092,-4.739,1558.0,1381.7,4499.0,2648.3,-2.383,63.803,4.34,37.674,18.491,82.6655095877,-6.550479240032924,,25.75,3.89,5.02,1.0,,0,,2.3287382,21.391,0.2877157943369789
14,Ecuador,LatAM,1,2002,0,0,1,continuation,Ecuador_ep,1,1,1,1,8.394061703253277,4420.737,4.928,4.206,1.092,1975.0,1465.3,1558.0,1381.7,-4.506,55.043,3.849,12.485,19.656,86.7037998413,4.885096908905839,19.07193963181425,27.29,1.67,4.61,0.0,,0,,2.8951552,22.774,-1.0531243819888647
14,Ecuador,LatAM,1,2003,0,0,1,continuation,Ecuador_ep,1,0,1,1,8.404744502798545,4468.216,2.885,4.928,4.206,1524.0,1161.2,1975.0,1465.3,-1.249,47.198,3.692,7.929,15.773,90.249446458,4.0893785776284775,18.05512023365062,21.98,1.13,4.01,1.0,,0,,2.8144925,21.271,-2.376348604052651
14,Ecuador,LatAM,1,2004,0,0,0,tranquil,,0,0,0,1,8.453110033251875,4689.635,6.832,2.885,4.928,952.0,794.8,1524.0,1161.2,-1.362,40.2,4.205,2.741,16.25,90.2533765619,0.0043547124710885,20.54139802202288,15.48,1.35,4.27,1.0,,0,,2.3780107,21.29,-4.079482866588775
14,Ecuador,LatAM,1,2005,0,0,0,tranquil,,0,0,0,1,8.488058467240878,4856.428,5.399,6.832,2.885,875.0,707.3,952.0,794.8,1.177,35.758,2.664,2.17,17.465,99.0,9.691186935373164,21.984301048125776,12.81,3.21,4.29,0.0,,0,,1.2249949,22.045,-3.159612023397193
14,Ecuador,LatAM,1,2006,0,0,0,tranquil,,0,0,0,1,8.512487336227881,4976.526,4.341,5.399,6.832,920.0,559.2,875.0,707.3,3.808,33.094,4.883,3.299,18.118,107.9,8.989898989898993,22.331216549047703,12.81,4.96,4.8,0.0,,0,,0.5940563,21.729,-3.834619582641235
14,Ecuador,LatAM,1,2007,0,0,0,tranquil,,0,0,0,1,8.513133160634105,4979.741,1.902,4.341,5.399,822.0,660.7,920.0,559.2,3.784,29.648,4.387,2.276,18.318,113.8,5.468025949953659,23.38045985938457,17.54,5.02,4.63,0.0,,0,,0.38892174,24.686,-1.9902195263369324
14,Ecuador,LatAM,1,2008,1,1,0,onset,Ecuador_ep,1,1,1,1,8.558990198457264,5213.414,6.565,1.902,4.341,4731.0,1459.0,822.0,660.7,2.894,24.873,1.72,8.4,21.566,131.2,15.289982425307546,23.96487556184275,32.69,1.93,3.66,0.0,9.0,1,,1.7294958,35.593,-3.567931116818575
14,Ecuador,LatAM,1,2009,0,0,1,continuation,Ecuador_ep,1,0,1,1,8.552080683559508,5177.516,1.091,6.565,1.902,3842.0,2015.8,4731.0,1459.0,0.521,19.667,-3.133,5.16,21.173,108.5,-17.30182926829268,24.88963322111541,31.48,0.16,3.26,0.0,,0,,0.5135702,34.296,-6.003069134096363
14,Ecuador,LatAM,1,2010,0,0,1,continuation,Ecuador_ep,1,0,1,1,8.573461231213058,5289.406,4.029,1.091,6.565,1226.0,954.0,3842.0,2015.8,-2.322,18.436,-0.78,3.554,23.49,124.1,14.377880184331794,27.08433368589188,22.55,0.18,3.22,0.0,,0,,0.24341905,35.396,-3.6292565815847846
14,Ecuador,LatAM,1,2011,0,0,0,tranquil,,0,0,0,1,8.636435428586731,5633.214,8.481,4.029,1.091,886.0,819.3,1226.0,954.0,-0.507,18.607,0.508,4.475,23.532,140.0,12.812248186946018,27.591548690393854,24.2,0.1,2.78,0.0,,0,,0.8179665,39.615,-2.959693320154566
14,Ecuador,LatAM,1,2012,0,0,0,tranquil,,0,0,0,1,8.674358978379063,5850.948,5.783,8.481,4.029,948.0,827.2,886.0,819.3,-0.167,19.341,-2.313,5.102,23.013,140.2,0.1428571428571334,28.444372783439974,17.8,0.14,1.8,0.0,,0,,0.6467396,43.169,-1.383138348929837
14,Ecuador,LatAM,1,2013,0,0,0,tranquil,,0,0,0,1,8.726211367696871,6162.337,7.211,5.783,8.481,704.0,625.9,948.0,827.2,-0.966,23.426,-7.931,2.722,24.883,140.8,0.4279600570613606,28.55223320554116,14.23,0.11,2.35,0.0,,0,,0.7529033,46.73,-0.19005313973543883
14,Ecuador,LatAM,1,2014,0,0,0,tranquil,,0,0,0,1,8.750142587898537,6311.588,4.226,7.211,5.783,883.0,511.8,704.0,625.9,-0.651,28.163,-7.869,3.589,24.706,131.9,-6.321022727272729,29.20843098027397,14.18,0.09,2.54,0.0,,0,,0.7519534,45.934,1.4906415998380962
14,Ecuador,LatAM,1,2015,1,1,0,onset,Ecuador_ep,1,1,1,1,8.734303378537462,6212.405,0.12,4.226,7.211,1451.0,1020.5,883.0,511.8,-2.285,36.438,-6.401,3.966,22.686,100.0,-24.184988627748293,29.93626136821855,16.67,0.13,2.14,0.0,8.0,1,,1.3606701,44.088,1.817359958791295
14,Ecuador,LatAM,1,2016,0,0,1,continuation,Ecuador_ep,1,0,1,1,8.711358005818475,6071.482,-0.688,0.12,4.226,1509.0,948.2,1451.0,1020.5,0.913,46.066,-9.678,1.728,20.246,95.4,-4.5999999999999925,31.50465580003316,15.83,0.4,1.84,0.0,,0,,0.78469807,44.128,4.912534758889019
14,Ecuador,LatAM,1,2017,0,0,0,tranquil,,0,0,0,1,8.7537112242846,6334.152,5.97,-0.688,0.12,706.0,612.2,1509.0,948.2,-0.387,47.391,-4.684,0.417,22.48,103.4,8.385744234800828,34.220846104021305,11.09,1.0,2.33,0.0,,0,,0.6052796,40.486,3.7679240270221492
14,Ecuador,LatAM,1,2018,0,0,0,tranquil,,0,0,0,1,8.747266119052359,6293.459,1.044,5.97,-0.688,826.0,651.1,706.0,612.2,-1.533,49.505,-1.396,-0.224,22.54,113.1,9.381044487427449,38.33749474866993,16.64,1.83,2.91,0.0,,0,,1.2934288,40.925,2.15826897038947
14,Ecuador,LatAM,1,2019,1,1,0,onset,Ecuador_ep,1,0,1,1,8.732714164557656,6202.54,0.165,1.044,5.97,1146.0,698.0,826.0,651.1,-0.506,52.064,-1.924,0.266,21.049,109.0,-3.625110521662245,42.69158201941469,15.39,2.16,2.14,1.0,11.0,1,,0.91505826,39.753,1.947842284603409
14,Ecuador,LatAM,1,2020,0,0,1,continuation,Ecuador_ep,1,1,1,1,8.6259839171708,5574.645,-9.245,0.165,1.044,5129.0,2432.1,1146.0,698.0,2.093,63.551,-5.761,-0.339,17.585,94.5,-13.30275229357798,49.055705065274125,29.25,0.38,0.89,1.0,,0,,1.1675475,40.2,3.027677501231335
14,Ecuador,LatAM,1,2021,0,0,1,continuation,Ecuador_ep,1,0,1,1,8.71101964567585,6069.428,9.422,-9.245,0.165,1273.0,912.8,5129.0,2432.1,2.839,61.756,-1.421,0.133,20.748,107.4,13.650793650793648,49.753398123275446,19.66,0.08,1.45,1.0,,0,,0.60751146,37.457,5.081775422485923
14,Ecuador,LatAM,1,2022,0,0,1,continuation,Ecuador_ep,1,1,1,1,8.762334292753696,6389.008,5.868,9.422,-9.245,1753.0,1159.0,1273.0,912.8,1.954,57.203,0.475,3.466,22.406,114.4,6.517690875232773,52.37994877031677,25.64,1.68,2.95,1.0,,0,,0.7594679,38.853,3.6787377228758023
14,Ecuador,LatAM,1,2023,0,0,1,continuation,Ecuador_ep,1,0,1,1,8.773772137772006,6462.504,1.833,5.868,9.422,2055.0,1822.2,1753.0,1159.0,1.991,54.491,-2.622,2.216,20.728,108.0,-5.594405594405593,54.49472516746321,16.85,5.02,3.96,0.0,,0,,0.39702767,39.569,4.908357901504772
14,Ecuador,LatAM,1,2024,0,0,1,continuation,Ecuador_ep,1,0,1,1,8.746780099649696,6290.401,-1.944,1.833,5.868,1786.0,1309.7,2055.0,1822.2,5.69,54.134,-0.176,1.547,19.506,,,56.18051591577738,15.55,5.14,4.21,1.0,,0,,0.35536504,38.341,4.309546206670878
14,Ecuador,LatAM,1,2025,0,0,1,continuation,Ecuador_ep,1,0,1,1,8.775761182223608,6475.371,3.726,-1.944,1.833,1630.0,929.1,1786.0,1309.7,5.826,54.416,-1.743,0.711,19.599,,,,18.93,4.21,4.29,1.0,,0,,,38.386,
15,Egypt,,0,1994,0,0,0,tranquil,,0,0,0,0,10.565442757202158,38771.579,4.188,,,,,,,0.35,,,9.046,15.76,90.2364415396,,,13.93,4.2,7.09,1.0,,0,,2.4201326,,29.687673572074285
15,Egypt,,0,1995,0,0,0,tranquil,,0,0,0,0,10.586477825907483,39595.78,4.484,4.188,,,,,,0.611,,,9.361,16.317,87.4384123691,-3.1007751666183303,,12.39,5.84,6.57,1.0,,0,,0.99402845,,25.892326553609017
15,Egypt,,0,1996,0,0,0,tranquil,,0,0,0,0,10.613493153013172,40680.053,4.879,4.484,4.188,,,,,-0.259,,,7.095,15.754,83.5522606765,-4.444444480756992,,16.44,5.3,6.44,1.0,,0,,0.940415,,22.871584426920094
15,Egypt,,0,1997,0,0,0,tranquil,,0,0,0,0,10.649131424361062,42155.963,5.919,4.879,4.484,,,,,0.149,,,6.167,18.845,80.5682513425,-3.5714286003027063,,22.36,5.46,6.35,1.0,,0,,1.1353759,,21.60159340857698
15,Egypt,,0,1998,0,0,0,tranquil,,0,0,0,0,10.702079835176368,44448.204,7.543,5.919,4.879,,,,,-2.779,73.824,,5.041,20.285,73.7079844258,-8.514851448787974,,25.6,5.35,5.26,1.0,,0,,1.268437,,23.40009200213963
15,Egypt,,0,1999,0,0,0,tranquil,,0,0,0,0,10.740399631203768,46184.505,6.11,7.543,5.919,,,,,-1.814,72.398,6.626,3.745,19.788,72.8471272846,-1.1679292927438634,,24.37,4.97,5.65,0.0,,0,,1.1743928,,22.309175180708063
15,Egypt,,0,2000,0,0,0,tranquil,,0,0,0,0,10.770715868183622,47606.085,5.383,6.11,7.543,,,,,-1.11,71.687,5.879,2.849,18.596,75.1970346164,3.225806451666036,,23.32,6.24,6.03,0.0,,0,,1.2369972,,25.49836482555242
15,Egypt,Middle East & Central Asia,4,2001,0,0,0,tranquil,,0,0,0,0,10.785241041070291,48302.618,3.524,5.383,6.11,543.0,425.5,,,-0.033,79.146,2.672,2.417,17.366,71.9653934464,-4.297564639996054,,25.75,3.89,5.02,0.0,,0,,0.5273847,,26.220434903819346
15,Egypt,Middle East & Central Asia,4,2002,0,0,0,tranquil,,0,0,0,0,10.796886740920788,48868.424,3.186,3.524,5.383,514.0,390.4,543.0,425.5,0.68,85.776,-2.762,2.258,19.908,70.2999753262,-2.314193031460887,,27.29,1.67,4.61,0.0,,0,,0.7597532,,33.56558458696226
15,Egypt,Middle East & Central Asia,4,2003,0,0,0,tranquil,,0,0,0,0,10.80751884361359,49390.77,3.193,3.186,3.524,310.0,200.7,514.0,390.4,2.281,97.095,-1.421,3.412,19.32,73.032810292,3.8873910739218864,,21.98,1.13,4.01,0.0,,0,,0.29568383,,37.877820359281436
15,Egypt,Middle East & Central Asia,4,2004,0,0,0,tranquil,,0,0,0,0,10.82868726136145,50447.439,4.092,3.193,3.186,148.0,120.5,310.0,200.7,4.125,96.512,-1.45,8.151,19.194,79.4660635911,8.80871662117142,,15.48,1.35,4.27,0.0,,0,,1.5908362,,38.39937648732742
15,Egypt,Middle East & Central Asia,4,2005,0,0,0,tranquil,,0,0,0,0,10.852433065857534,51659.69,4.472,4.092,3.193,93.0,67.1,148.0,120.5,3.092,98.263,-2.297,8.703,21.205,110.6,39.17890858304314,,12.81,3.21,4.29,0.0,,0,,5.995516,,33.24710433296193
15,Egypt,Middle East & Central Asia,4,2006,0,0,0,tranquil,,0,0,0,0,10.89763671906467,54048.481,6.844,4.472,4.092,106.0,80.3,93.0,67.1,1.552,85.924,-2.583,4.292,23.104,108.3,-2.079566003616629,,12.81,4.96,4.8,0.0,,0,,9.348567,,30.930431372429982
15,Egypt,Middle East & Central Asia,4,2007,0,0,0,tranquil,,0,0,0,0,10.946910863222316,56778.378,7.088,6.844,4.472,178.0,90.5,106.0,80.3,1.656,76.268,-0.59,10.882,27.51,106.3,-1.846722068328721,,17.54,5.02,4.63,0.0,,0,,8.876336,,26.31928416883727
15,Egypt,Middle East & Central Asia,4,2008,0,0,0,tranquil,,0,0,0,0,10.994522841438146,59547.098,7.156,7.088,6.844,404.0,268.1,178.0,90.5,0.52,66.761,-2.377,11.742,28.487,118.2,11.194731890874898,,32.69,1.93,3.66,0.0,,0,,5.831413,,25.572534612562812
15,Egypt,Middle East & Central Asia,4,2009,0,0,0,tranquil,,0,0,0,0,11.017844950510852,60952.183,4.674,7.156,7.088,244.0,130.2,404.0,268.1,-2.231,69.45,-3.196,16.161,21.895,101.9,-13.790186125211502,,31.48,0.16,3.26,0.0,,0,,3.5483513,,29.930483333333335
15,Egypt,Middle East & Central Asia,4,2010,0,0,0,tranquil,,0,0,0,0,11.04489907968867,62623.7,5.147,4.674,7.156,303.0,193.2,244.0,130.2,-1.877,69.59,-3.159,11.658,21.298,101.3,-0.5888125613346507,,22.55,0.18,3.22,0.0,,0,,2.9160166,,27.618896754483675
15,Egypt,Middle East & Central Asia,4,2011,0,0,0,tranquil,,0,0,0,0,11.039776895580411,62303.75,1.765,5.147,4.674,607.0,389.8,303.0,193.2,-2.457,72.83,-4.756,11.056,17.084,104.8,3.455083909180656,,24.2,0.1,2.78,0.0,,0,,-0.20454285,,36.6044844851307
15,Egypt,Middle East & Central Asia,4,2012,0,0,0,tranquil,,0,0,0,0,11.037253609640263,62146.738,2.226,1.765,5.147,564.0,495.6,607.0,389.8,-3.445,69.862,-4.68,8.692,18.603,105.7,0.8587786259542041,,17.8,0.14,1.8,0.0,,0,,1.0023407,,39.63998675668621
15,Egypt,Middle East & Central Asia,4,2013,0,0,0,tranquil,,0,0,0,0,11.044603636704077,62605.201,3.302,2.226,1.765,764.0,580.5,564.0,495.6,-2.108,79.812,-5.616,6.916,16.553,105.7,0.0,,14.23,0.11,2.35,0.0,,0,,1.4534342,,49.055968690528765
15,Egypt,Middle East & Central Asia,4,2014,0,0,0,tranquil,,0,0,0,0,11.04781308603252,62806.452,2.93,3.302,2.226,430.0,357.1,764.0,580.5,-0.854,80.874,-4.031,10.093,15.892,104.7,-0.9460737937559084,,14.18,0.09,2.54,0.0,,0,,1.5092504,,55.03035233599953
15,Egypt,Middle East & Central Asia,4,2015,0,0,0,tranquil,,0,0,0,0,11.065461404373426,63924.719,4.36,2.93,3.302,558.0,420.4,430.0,357.1,-3.468,83.754,-3.908,10.988,16.618,100.0,-4.489016236867238,,16.67,0.13,2.14,0.0,,0,,2.1025813,,60.64297617486313
15,Egypt,Middle East & Central Asia,4,2016,0,0,0,tranquil,,0,0,0,0,11.085720248961914,65232.967,4.34,4.36,2.93,613.0,541.5,558.0,420.4,-5.643,91.586,-4.084,10.212,17.445,100.1,0.0999999999999889,,15.83,0.4,1.84,1.0,,0,,2.4385629,,69.3383772298638
15,Egypt,Middle East & Central Asia,4,2017,0,0,0,tranquil,,0,0,0,0,11.081641454119994,64967.437,4.19,4.34,4.36,465.0,426.0,613.0,541.5,-5.832,97.8,-2.381,23.534,18.734,100.2,0.0999000999001076,,11.09,1.0,2.33,1.0,,0,,2.9830155,,52.43389985302689
15,Egypt,Middle East & Central Asia,4,2018,0,0,0,tranquil,,0,0,0,0,11.11378428858787,67089.598,5.327,4.19,4.34,574.0,451.2,465.0,426.0,-2.266,87.949,-0.401,20.851,20.625,101.9,1.6966067864271572,,16.64,1.83,2.91,1.0,,0,,3.1004007,,48.06389288642193
15,Egypt,Middle East & Central Asia,4,2019,0,0,0,tranquil,,0,0,0,0,11.149423858015648,69523.761,5.549,5.327,4.19,552.0,496.8,574.0,451.2,-3.427,80.092,1.288,13.875,20.65,100.9,-0.981354268891066,,15.39,2.16,2.14,1.0,,0,,2.8273294,,44.17406749117905
15,Egypt,Middle East & Central Asia,4,2020,0,0,0,tranquil,,0,0,0,0,11.16751880902294,70793.241,3.576,5.549,5.327,878.0,655.8,552.0,496.8,-2.919,86.222,1.188,5.7,18.82,98.1,-2.7750247770069514,,29.25,0.38,0.89,1.0,,0,,1.5246295,,49.26520784086305
15,Egypt,Middle East & Central Asia,4,2021,0,0,0,tranquil,,0,0,0,0,11.184720631001309,72021.548,3.252,3.576,5.549,746.0,592.2,878.0,655.8,-4.355,89.903,1.071,4.5,18.212,103.3,5.300713557594294,,19.66,0.08,1.45,1.0,,0,,1.2061787,,50.57578327182528
15,Egypt,Middle East & Central Asia,4,2022,1,0,0,onset,Egypt_ep,1,0,1,0,11.234530889884642,75699.807,6.651,3.252,3.576,1161.0,879.8,746.0,592.2,-3.483,88.534,0.463,8.5,19.856,118.7,14.9080348499516,,25.64,1.68,2.95,1.0,6.0,0,,2.3911808,,56.4836604088218
15,Egypt,Middle East & Central Asia,4,2023,0,0,1,continuation,Egypt_ep,1,1,1,0,11.256117975989271,77351.711,3.76,6.651,3.252,1374.0,1106.4,1161.0,879.8,-1.196,95.93,1.051,24.392,16.49,110.2,-7.160909856781805,,16.85,5.02,3.96,1.0,,0,,2.485464,,58.978838572312654
15,Egypt,Middle East & Central Asia,4,2024,0,0,0,tranquil,,0,0,0,0,11.266602573927988,78166.979,2.399,3.76,6.651,978.0,627.1,1374.0,1106.4,-5.431,90.926,1.705,33.302,12.997,,,,15.55,5.14,4.21,1.0,,0,,11.971935,,55.659918465759674
15,Egypt,Middle East & Central Asia,4,2025,0,0,0,tranquil,,0,0,0,0,11.297467776595326,80617.238,4.392,2.399,3.76,681.0,515.8,978.0,627.1,-4.23,86.833,3.265,20.419,13.905,,,,18.93,4.21,4.29,1.0,,0,,,,
16,El Salvador,,0,1994,0,0,0,tranquil,,0,0,0,1,7.876891559873026,2635.667,4.69,,,,,,,-0.234,30.549,1.107,10.584,20.358,103.2389065976,,,13.93,4.2,7.09,1.0,,0,,,18.909,7.050450921584335
16,El Salvador,,0,1995,0,0,0,tranquil,,0,0,0,1,7.914789049859724,2737.469,4.735,4.69,,,,,,-2.932,28.041,1.576,10.03,20.944,128.0466492067,24.02945113104937,,12.39,5.84,6.57,1.0,,0,,0.42633316,18.564,5.7048125076126155
16,El Salvador,,0,1996,0,0,0,tranquil,,0,0,0,1,7.915463168126907,2739.315,0.818,4.735,4.69,,,,,-1.763,28.548,-0.8,9.79,15.355,120.5055769252,-5.889316376664244,,16.44,5.3,6.44,1.0,,0,,,21.035,5.372228444950245
16,El Salvador,,0,1997,0,0,0,tranquil,,0,0,0,1,7.939584395834881,2806.194,3.135,0.818,4.735,,,,,-0.956,27.791,-0.282,4.49,15.083,120.1944403781,-0.2581926538496537,,22.36,5.46,6.35,1.0,,0,,0.577629,18.625,4.318145379957293
16,El Salvador,,0,1998,0,0,0,tranquil,,0,0,0,1,7.959605395713757,2862.943,2.654,3.135,0.818,,,,,-0.829,25.652,-1.317,2.549,18.651,117.5938615315,-2.1636432088033897,,25.6,5.35,5.26,1.0,,0,,10.082449,19.287,-0.3720062377659163
16,El Salvador,,0,1999,0,0,0,tranquil,,0,0,0,1,7.975367664187631,2908.427,2.161,2.654,3.135,,,,,-2.121,27.995,-1.541,0.513,17.301,111.2331843489,-5.409021440201755,,24.37,4.97,5.65,0.0,,0,,1.9124091,19.65,-0.029121453798410912
16,El Salvador,,0,2000,0,0,0,tranquil,,0,0,0,1,7.981589443070496,2926.579,1.126,2.161,2.654,,,,,-3.653,29.551,-1.721,2.274,17.669,105.7265910978,-4.950495019388934,,23.32,6.24,6.03,0.0,,0,,1.4713709,20.963,1.120569400809086
16,El Salvador,,0,2001,0,0,0,tranquil,,0,0,0,1,7.98617744528755,2940.037,0.877,1.126,2.161,,,,,-1.224,37.842,-3.316,3.745,17.714,103.4078451828,-2.193153009969928,45.91287289502827,25.75,3.89,5.02,0.0,,0,,2.270704,21.675,5.5203502453155995
16,El Salvador,LatAM,1,2002,0,0,0,tranquil,,0,0,0,1,7.998767090393936,2977.285,1.581,0.877,1.126,411.0,355.2,,,-3.199,43.8,-3.567,1.869,17.065,104.6476663863,1.1989624204123972,45.56045823756407,27.29,1.67,4.61,0.0,,0,,3.711252,22.509,3.242287327114557
16,El Salvador,LatAM,1,2003,0,0,0,tranquil,,0,0,0,1,8.012266136835594,3017.748,1.562,1.581,0.877,396.0,333.2,411.0,355.2,-5.302,45.962,-1.912,2.121,18.429,100.051434961,-4.392101213545763,47.42865241463639,21.98,1.13,4.01,0.0,,0,,1.0661519,22.626,5.043739133767421
16,El Salvador,LatAM,1,2004,0,0,0,tranquil,,0,0,0,1,8.020118258736906,3041.537,0.891,1.562,1.581,294.0,266.6,396.0,333.2,-4.677,46.813,-0.323,4.452,18.141,93.99566335,-6.052658428497837,48.15518973508874,15.48,1.35,4.27,0.0,,0,,2.6468124,21.498,5.178320334212918
16,El Salvador,LatAM,1,2005,0,0,0,tranquil,,0,0,0,1,8.04668319398777,3123.418,2.707,0.891,1.562,265.0,241.3,294.0,266.6,-4.229,46.286,-0.901,4.69,18.605,89.1,-5.208392786984895,49.92391910509688,12.81,3.21,4.29,0.0,,0,,3.477616,22.428,11.515657073680575
16,El Salvador,LatAM,1,2006,0,0,0,tranquil,,0,0,0,1,8.089745016580645,3260.856,4.343,2.707,0.891,217.0,192.6,265.0,241.3,-4.785,52.559,-0.573,4.035,20.075,86.8,-2.581369248035914,50.27641697624171,12.81,4.96,4.8,0.0,,0,,1.5070728,23.412,15.806934887470476
16,El Salvador,LatAM,1,2007,0,0,0,tranquil,,0,0,0,1,8.106931196621249,3317.382,1.861,4.343,2.707,201.0,163.9,217.0,192.6,-7.151,52.197,0.658,4.58,20.8,84.6,-2.5345622119815725,51.53429706038474,17.54,5.02,4.63,0.0,,0,,9.114347,22.827,19.123373790103898
16,El Salvador,LatAM,1,2008,1,1,0,onset,El_Salvador_ep,0,1,1,1,8.124740947537699,3376.993,2.127,1.861,4.343,861.0,427.4,201.0,163.9,-8.518,54.212,-0.912,7.258,20.173,80.6,-4.728132387706852,51.05486772988549,32.69,1.93,3.66,0.0,11.0,1,,5.0206013,24.548,20.76541467269626
16,El Salvador,LatAM,1,2009,0,0,0,tranquil,,0,0,0,1,8.100540434292403,3296.249,-2.083,2.127,1.861,678.0,487.8,861.0,427.4,-1.774,65.778,-3.629,0.537,14.055,91.1,13.027295285359797,54.55257925793281,31.48,0.16,3.26,1.0,,0,,2.094864,25.958,23.776369159577204
16,El Salvador,LatAM,1,2010,0,0,0,tranquil,,0,0,0,1,8.118099144925585,3354.638,2.106,-2.083,2.127,374.0,322.2,678.0,487.8,-2.888,66.794,-2.213,1.179,16.672,88.4,-2.963776070252455,52.31042774589222,22.55,0.18,3.22,1.0,,0,,-0.6134062,25.591,27.595188857360803
16,El Salvador,LatAM,1,2011,0,0,0,tranquil,,0,0,0,1,8.151906126536193,3469.987,3.812,2.106,-2.083,510.0,382.8,374.0,322.2,-5.481,65.598,-1.917,5.129,17.79,85.1,-3.7330316742081537,49.99771767905193,24.2,0.1,2.78,1.0,,0,,0.60393083,25.275,29.63027294345531
16,El Salvador,LatAM,1,2012,0,0,0,tranquil,,0,0,0,1,8.175741497851305,3553.689,2.814,3.812,2.106,508.0,449.7,510.0,382.8,-5.797,69.994,-1.3,1.73,17.71,86.4,1.52761457109285,49.29607920345644,17.8,0.14,1.8,1.0,,0,,2.0112395,27.383,28.42290400114961
16,El Salvador,LatAM,1,2013,0,0,0,tranquil,,0,0,0,1,8.193833093741889,3618.566,2.239,2.814,3.812,436.0,383.2,508.0,449.7,-6.905,69.655,-1.757,0.758,17.019,87.5,1.27314814814814,51.50418570380801,14.23,0.11,2.35,1.0,,0,,1.1149086,28.495,31.22760394867355
16,El Salvador,LatAM,1,2014,0,0,0,tranquil,,0,0,0,1,8.206852609516199,3665.986,1.71,2.239,2.814,482.0,400.3,436.0,383.2,-5.371,71.791,-1.316,1.141,16.397,89.5,2.285714285714291,53.2701980017235,14.18,0.09,2.54,0.0,,0,,2.240895,27.608,31.428859023868398
16,El Salvador,LatAM,1,2015,0,0,0,tranquil,,0,0,0,1,8.227171851677635,3741.238,2.395,1.71,2.239,634.0,505.5,482.0,400.3,-3.216,73.464,-0.902,-0.731,16.017,100.0,11.731843575418988,54.091895426789726,16.67,0.13,2.14,0.0,,0,,2.109978,27.108,34.59157024287632
16,El Salvador,LatAM,1,2016,0,0,0,tranquil,,0,0,0,1,8.249513464877637,3825.764,2.542,2.395,1.71,759.0,597.7,634.0,505.5,-2.274,75.214,-0.189,0.604,15.968,104.1,4.0999999999999925,55.0597980078069,15.83,0.4,1.84,0.0,,0,,1.9819803,27.462,35.54257468636621
16,El Salvador,LatAM,1,2017,0,0,0,tranquil,,0,0,0,1,8.269748238478666,3903.966,2.253,2.542,2.395,596.0,516.2,759.0,597.7,-1.86,77.136,0.674,1.014,16.677,101.4,-2.5936599423631024,56.0486779897987,11.09,1.0,2.33,0.0,,0,,2.0168846,28.092,36.89768887113639
16,El Salvador,LatAM,1,2018,0,0,0,tranquil,,0,0,0,1,8.292573050479946,3994.098,2.412,2.253,2.542,515.0,433.8,596.0,516.2,-3.302,76.961,0.899,1.088,18.372,97.4,-3.944773175542404,57.27701563561529,16.64,1.83,2.91,0.0,,0,,1.5862048,27.606,38.789492036388324
16,El Salvador,LatAM,1,2019,0,0,0,tranquil,,0,0,0,1,8.316214670803008,4089.65,2.433,2.412,2.253,496.0,448.9,515.0,433.8,-0.422,77.906,0.616,0.074,18.345,99.0,1.642710472279263,59.07431321283249,15.39,2.16,2.14,0.0,,0,,2.5902436,27.781,40.00036318455936
16,El Salvador,LatAM,1,2020,0,0,0,tranquil,,0,0,0,1,8.232003477124557,3759.358,-7.893,2.433,2.412,967.0,779.2,496.0,448.9,1.11,95.365,-3.805,-0.37,17.212,103.3,4.343434343434338,65.33322271111452,29.25,0.38,0.89,0.0,,0,,1.55102,32.705,48.96658411581878
16,El Salvador,LatAM,1,2021,1,1,0,onset,El_Salvador_ep,1,1,1,1,8.34110282039756,4192.711,11.905,-7.893,2.433,1491.0,851.4,967.0,779.2,-4.306,87.955,-1.042,3.468,23.355,94.5,-8.518877057115192,61.13956858091101,19.66,0.08,1.45,0.0,9.0,1,,2.7560499,31.088,45.46317525669955
16,El Salvador,LatAM,1,2022,0,0,1,continuation,El_Salvador_ep,1,1,1,1,8.366312160456602,4299.75,2.955,11.905,-7.893,2704.0,2083.8,1491.0,851.4,-6.726,83.657,1.996,7.196,24.472,91.6,-3.0687830687830764,62.61340499684345,25.64,1.68,2.95,0.0,,0,,0.08231876,28.66,44.90423935706169
16,El Salvador,LatAM,1,2023,0,0,1,continuation,El_Salvador_ep,1,0,1,1,8.39643721595037,4431.251,3.539,2.955,11.905,1521.0,1073.8,2704.0,2083.8,-1.087,84.984,-0.124,4.047,20.685,97.0,5.895196506550215,61.90071804534419,16.85,5.02,3.96,0.0,,0,,1.8992883,30.525,46.99634129875018
16,El Salvador,LatAM,1,2024,0,0,0,tranquil,,0,0,0,1,8.417602222092837,4526.038,2.602,3.539,2.955,751.0,629.2,1521.0,1073.8,-1.789,87.369,0.033,0.854,20.344,,,62.487565722794514,15.55,5.14,4.21,0.0,,0,,2.6124187,31.362,47.457799582311445
16,El Salvador,LatAM,1,2025,0,0,0,tranquil,,0,0,0,1,8.446958477733785,4660.875,3.7,2.602,3.539,470.0,399.6,751.0,629.2,-3.934,87.228,1.893,0.258,25.222,,,,18.93,4.21,4.29,1.0,,0,,,30.23,
17,Ghana,,0,1994,0,0,0,tranquil,,0,0,0,1,7.786342066826926,2407.495,3.508,,,,,,,-1.894,50.587,-3.199,24.874,23.18,54.852796028,,5.250032660902978,13.93,4.2,7.09,0.0,,0,,4.278068,12.703,9.721104707012488
17,Ghana,,0,1995,0,0,0,tranquil,,0,0,0,1,7.804195078393437,2450.862,4.233,3.508,,,,,,-0.918,47.556,-2.774,59.317,22.055,62.0918725305,13.197278947831135,5.073564508430409,12.39,5.84,6.57,1.0,,0,,1.6474891,12.969,10.778323464530361
17,Ghana,,0,1996,0,0,0,tranquil,,0,0,0,1,7.82738762145147,2508.368,4.765,4.233,3.508,,,,,-1.846,42.871,-3.483,44.487,20.568,63.2006559654,1.7857142806497972,6.005079065501336,16.44,5.3,6.44,1.0,,0,,1.7308545,12.435,10.561290094984434
17,Ghana,,0,1997,0,0,0,tranquil,,0,0,0,1,7.859952777410821,2591.398,5.797,4.765,4.233,,,,,-2.379,45.151,-3.603,24.825,23.55,66.3606887462,4.999999972357871,8.195094024118923,22.36,5.46,6.35,1.0,,0,,1.1869793,11.968,15.752893916419856
17,Ghana,,0,1998,0,0,0,tranquil,,0,0,0,1,7.884514385172604,2655.835,5.01,5.797,4.765,,,,,-2.816,37.59,-2.461,19.208,22.81,72.3043515333,8.956602017546643,9.358847165659402,25.6,5.35,5.26,1.0,,0,,2.237349,11.787,13.308016079340945
17,Ghana,,0,1999,0,0,0,tranquil,,0,0,0,1,7.904393533607454,2709.159,4.529,5.01,5.797,,,,,-5.033,51.661,-3.394,12.471,6.934,63.7845365975,-11.783267196409565,12.56208323977614,24.37,4.97,5.65,1.0,,0,,3.1575089,11.106,17.500282297520286
17,Ghana,,0,2000,0,0,0,tranquil,,0,0,0,1,7.914598709956288,2736.948,3.596,4.529,5.01,,,,,-3.13,74.463,-0.959,25.113,32.184,58.2111304791,-8.737864090116233,13.97149132403602,23.32,6.24,6.03,1.0,,0,,3.3294194,11.983,19.27815259534345
17,Ghana,,0,2001,0,0,0,tranquil,,0,0,0,1,7.925530544591756,2767.032,3.828,3.596,4.529,,,,,-3.26,57.769,-1.178,32.932,32.826,62.9800360719,8.192429099984967,11.884391260895466,25.75,3.89,5.02,1.0,,0,,1.680567,13.784,15.510077259521914
17,Ghana,,0,2002,0,0,0,tranquil,,0,0,0,1,7.943169658601699,2816.273,4.617,3.828,3.596,,,,,-0.691,54.061,-0.893,14.846,26.946,79.0669258845,25.5428399473044,12.149537304832345,27.29,1.67,4.61,1.0,,0,,0.95569426,10.654,17.469345661980046
17,Ghana,,0,2003,0,0,0,tranquil,,0,0,0,1,7.966028095586194,2881.39,5.112,4.617,3.828,,,,,0.541,49.299,0.519,26.626,30.309,75.7372940436,-4.211156313025088,12.493048761649044,21.98,1.13,4.01,1.0,,0,,1.791641,12.124,10.397642421281954
17,Ghana,,0,2004,0,0,0,tranquil,,0,0,0,1,7.992171613546611,2957.713,5.404,5.112,4.617,,,,,-2.713,38.364,-0.25,12.666,38.654,70.9716759244,-6.292300483374225,13.17248936717412,15.48,1.35,4.27,1.0,,0,,1.5681055,13.746,16.857508573906465
17,Ghana,,0,2005,0,0,0,tranquil,,0,0,0,1,8.026382590689508,3060.65,6.23,5.404,5.112,,,,,-4.182,31.695,-0.393,15.095,39.845,81.8,15.257247253304929,15.54406881362739,12.81,3.21,4.29,1.0,,0,,1.3492398,12.884,12.637096105511542
17,Ghana,,0,2006,0,0,0,tranquil,,0,0,0,1,8.056923790467273,3155.568,5.817,6.23,5.404,,,,,-3.36,17.291,-1.719,11.683,36.187,88.5,8.190709046454781,10.857587016057163,12.81,4.96,4.8,1.0,,0,,3.0452902,14.372,8.02261389069548
17,Ghana,Sub-Saharan Africa,5,2007,0,0,0,tranquil,,0,0,0,1,8.071080761031734,3200.559,4.074,5.817,6.23,383.0,368.3,,,-5.9,21.061,-3.624,10.729,34.605,94.4,6.666666666666665,14.488430226033715,17.54,5.02,4.63,0.0,,0,,5.571189,16.802,5.712431609791547
17,Ghana,Sub-Saharan Africa,5,2008,1,1,0,onset,Ghana_ep,1,1,1,1,8.131908874385433,3401.286,9.003,4.074,5.817,1485.0,665.4,383.0,368.3,-8.241,23.186,-3.994,16.505,37.737,97.3,3.072033898305082,12.61349047034922,32.69,1.93,3.66,0.0,10.0,1,,9.466439,16.631,14.073475621441725
17,Ghana,Sub-Saharan Africa,5,2009,0,0,1,continuation,Ghana_ep,1,0,1,1,8.162207961962727,3505.919,5.681,9.003,4.074,1398.0,845.7,1485.0,665.4,-3.767,25.39,-3.069,13.139,36.036,111.0,14.080164439876675,17.736973258453833,31.48,0.16,3.26,1.0,,0,,9.108087,16.568,10.749761196732816
17,Ghana,Sub-Saharan Africa,5,2010,0,0,0,tranquil,,0,0,0,1,8.212785624435407,3687.801,7.778,5.681,9.003,509.0,423.0,1398.0,845.7,-6.094,32.924,-4.913,6.698,45.718,117.5,5.855855855855863,16.66077480867122,22.55,0.18,3.22,1.0,,0,,7.8494844,18.968,11.532118531199199
17,Ghana,Sub-Saharan Africa,5,2011,0,0,0,tranquil,,0,0,0,1,8.319368641835606,4102.569,13.955,7.778,5.681,613.0,443.3,509.0,423.0,-6.604,31.221,-3.489,7.676,23.201,116.2,-1.106382978723397,17.195282647350265,24.2,0.1,2.78,1.0,,0,,8.255879,19.499,10.9051325374497
17,Ghana,Sub-Saharan Africa,5,2012,0,0,0,tranquil,,0,0,0,1,8.376029316793133,4341.735,8.422,13.955,7.778,529.0,453.5,613.0,443.3,-8.8,35.473,-5.743,7.072,31.185,112.6,-3.0981067125645523,18.071712863712285,17.8,0.14,1.8,1.0,,0,,7.982516,22.053,13.119871539563174
17,Ghana,Sub-Saharan Africa,5,2013,0,0,0,tranquil,,0,0,0,1,8.42184197076975,4545.268,7.241,8.422,13.955,552.0,477.6,529.0,453.5,-9.076,42.93,-5.585,11.666,24.772,107.6,-4.440497335701599,15.292371647932212,14.23,0.11,2.35,0.0,,0,,5.1347966,21.564,11.101381113959729
17,Ghana,Sub-Saharan Africa,5,2014,0,0,0,tranquil,,0,0,0,1,8.426354061555188,4565.823,2.856,7.241,8.422,705.0,605.8,552.0,477.6,-6.757,50.111,-3.35,15.486,27.165,107.2,-0.3717472118959009,16.504890626902583,14.18,0.09,2.54,0.0,,0,,6.1512065,20.966,10.89861140891017
17,Ghana,Sub-Saharan Africa,5,2015,0,0,0,tranquil,,0,0,0,1,8.424268803346141,4556.312,2.121,2.856,7.241,967.0,765.2,705.0,605.8,-5.711,53.896,0.938,17.153,27.71,100.0,-6.716417910447758,17.93356704721863,16.67,0.13,2.14,1.0,,0,,6.457376,18.623,9.103531586452988
17,Ghana,Sub-Saharan Africa,5,2016,1,1,0,onset,Ghana_ep,1,0,1,1,8.434684679477918,4604.018,3.373,2.121,2.856,1213.0,893.2,967.0,765.2,-5.06,55.942,-1.496,17.455,25.456,100.7,0.7000000000000117,17.43563865604135,15.83,0.4,1.84,1.0,1.0,0,,6.2078266,19.891,9.630801336729983
17,Ghana,Sub-Saharan Africa,5,2017,0,0,0,tranquil,,0,0,0,1,8.490884944391144,4870.174,8.129,3.373,2.121,638.0,516.2,1213.0,893.2,-3.316,56.984,1.198,12.372,19.566,94.8,-5.858987090367429,16.099520144414083,11.09,1.0,2.33,1.0,,0,,5.3903584,17.582,7.523203010523603
17,Ghana,Sub-Saharan Africa,5,2018,0,0,0,tranquil,,0,0,0,1,8.530287880520246,5065.904,6.2,8.129,3.373,660.0,456.4,638.0,516.2,-3.037,61.976,-1.351,9.837,21.709,99.5,4.957805907173007,13.71414321922028,16.64,1.83,2.91,1.0,,0,,4.4440436,20.895,11.68254788067159
17,Ghana,Sub-Saharan Africa,5,2019,0,0,0,tranquil,,0,0,0,1,8.573257595935047,5288.329,6.508,6.2,8.129,652.0,588.2,660.0,456.4,-2.232,62.927,-1.975,7.208,18.647,100.0,0.5025125628140614,13.937211385640078,15.39,2.16,2.14,1.0,,0,,5.6761994,22.491,11.50416981144122
17,Ghana,Sub-Saharan Africa,5,2020,1,1,0,onset,Ghana_ep,1,0,1,1,8.558465644464814,5210.68,0.514,6.508,6.2,1202.0,833.0,652.0,588.2,-2.534,79.089,-11.167,9.918,18.224,99.5,-0.5000000000000004,13.058528858536988,29.25,0.38,0.89,0.0,3.0,0,,2.6793745,31.511,21.318949955966982
17,Ghana,Sub-Saharan Africa,5,2021,0,0,1,continuation,Ghana_ep,1,0,1,1,8.58839341158226,5368.981,5.076,0.514,6.508,1024.0,738.6,1202.0,833.0,-2.821,86.875,-4.771,9.976,17.037,108.9,9.447236180904529,13.054431123137162,19.66,0.08,1.45,0.0,,0,,3.186332,27.214,20.801211059733177
17,Ghana,Sub-Saharan Africa,5,2022,0,0,1,continuation,Ghana_ep,1,1,1,1,8.606654847352381,5467.927,3.818,5.076,0.514,3400.0,2002.0,1024.0,738.6,-2.302,92.723,-4.323,31.921,15.522,111.1,2.020202020202011,13.288523788086454,25.64,1.68,2.95,0.0,,0,,1.9324013,27.493,23.213062188179897
17,Ghana,Sub-Saharan Africa,5,2023,0,0,1,continuation,Ghana_ep,1,0,1,1,8.618364886200755,5532.333,3.128,3.818,5.076,3296.0,2793.0,3400.0,2002.0,-0.815,79.092,-0.319,39.21,10.117,117.8,6.030603060306028,9.446194973728833,16.85,5.02,3.96,1.0,,0,,1.6379421,18.536,15.925986522294245
17,Ghana,Sub-Saharan Africa,5,2024,0,0,1,continuation,Ghana_ep,1,0,1,1,8.656443872684925,5747.061,5.847,3.128,3.818,2950.0,2002.2,3296.0,2793.0,1.766,70.342,-2.239,22.875,9.9,,,9.03066314422754,15.55,5.14,4.21,1.0,,0,,2.145053,22.001,12.95907258390395
17,Ghana,Sub-Saharan Africa,5,2025,0,0,0,tranquil,,0,0,0,1,8.695953079658972,5978.668,5.954,5.847,3.128,843.0,519.9,2950.0,2002.2,7.913,48.815,2.133,14.195,9.717,,,,18.93,4.21,4.29,1.0,,0,,,17.027,
18,Guatemala,,0,1994,0,0,0,tranquil,,0,0,0,1,9.973340753833234,21447.015,3.5,,,,,,,-5.01,,,12.51,17.717,121.6414986587,,,13.93,4.2,7.09,0.0,,0,,0.5021862,,13.630522526505592
18,Guatemala,,0,1995,0,0,0,tranquil,,0,0,0,1,9.989942733210594,21806.05,4.4,3.5,,,,,,-4.071,,0.531,8.414,17.412,132.9769788636,9.31876072713058,,12.39,5.84,6.57,0.0,,0,,0.5131213,9.775,10.750300038072169
18,Guatemala,,0,1996,0,0,0,tranquil,,0,0,0,1,9.991664121259468,21843.619,2.8,4.4,3.5,,,,,-3.012,,1.204,11.06,15.28,106.2709204458,-20.08321940085097,,16.44,5.3,6.44,0.0,,0,,0.49059525,9.852,11.427172915629695
18,Guatemala,,0,1997,0,0,0,tranquil,,0,0,0,1,10.006265055086034,22164.896,4.1,2.8,4.4,,,,,-3.73,,-0.001,9.231,16.9,112.1991536574,5.578415230367284,,22.36,5.46,6.35,0.0,,0,,3.5491798,11.186,7.52465515543028
18,Guatemala,,0,1998,0,0,0,tranquil,,0,0,0,1,10.025652440506564,22598.808,4.6,4.1,2.8,,,,,-5.629,,-1.138,6.61,20.143,132.1128363707,17.748514194774057,,25.6,5.35,5.26,0.0,,0,,6.9413037,13.159,4.274384524347809
18,Guatemala,,0,1999,0,0,0,tranquil,,0,0,0,1,10.036824026165178,22852.688,3.7,4.6,4.1,,,,,-5.889,,-1.569,5.212,20.723,116.7859449253,-11.60136430830516,,24.37,4.97,5.65,0.0,,0,,5.0473804,14.582,4.553579698030047
18,Guatemala,,0,2000,0,0,0,tranquil,,0,0,0,1,10.037759452167649,22874.075,2.5,3.7,4.6,,,,,-5.791,17.999,-0.575,5.976,20.09,114.6237198679,-1.8514428759240145,,23.32,6.24,6.03,0.0,,0,,-4.0883555,13.582,6.070332906261683
18,Guatemala,,0,2001,0,0,0,tranquil,,0,0,0,1,10.045350807346232,23048.381,3.104,2.5,3.7,,,,,-6.138,19.11,-0.526,7.294,19.934,110.8940212642,-3.2538628200152075,22.76671319178674,25.75,3.89,5.02,0.0,,0,,-5.0882,13.76,4.8962856255815135
18,Guatemala,,0,2002,0,0,0,tranquil,,0,0,0,1,10.060106184462764,23390.99,3.839,3.104,2.5,,,,,-5.754,17.362,0.291,8.134,20.661,109.7905549094,-0.9950638837156522,21.56157222042786,27.29,1.67,4.61,1.0,,0,,-4.9744987,13.148,5.50247939918914
18,Guatemala,,0,2003,0,0,0,tranquil,,0,0,0,1,10.062867876761318,23455.678,2.56,3.839,3.104,,,,,-4.416,19.803,-1.232,5.602,20.484,106.5931971843,-2.9122338690595773,26.654408129856165,21.98,1.13,4.01,1.0,,0,,0.09032397,14.367,5.542469599983149
18,Guatemala,,0,2004,0,0,0,tranquil,,0,0,0,1,10.07153534715213,23659.863,3.138,2.56,3.839,,,,,-4.662,20.553,0.263,7.573,21.082,105.6149236243,-0.917763596403387,26.630845251031538,15.48,1.35,4.27,1.0,,0,,1.3631757,12.864,5.309841561481536
18,Guatemala,,0,2005,0,0,0,tranquil,,0,0,0,1,10.082126294417998,23911.775,3.276,3.138,2.56,,,,,-4.403,20.017,-0.312,9.111,20.066,101.5,-3.8961573640273306,25.766444051519805,12.81,3.21,4.29,0.0,,0,,2.016175,13.245,6.528690901699381
18,Guatemala,,0,2006,0,0,0,tranquil,,0,0,0,1,10.11310163190648,24664.041,5.351,3.276,3.138,,,,,-4.868,20.86,-0.541,6.561,21.085,99.7,-1.7733990147783207,28.828493127966905,12.81,4.96,4.8,0.0,,0,,2.1358752,14.167,7.2611923572305646
18,Guatemala,,0,2007,0,0,0,tranquil,,0,0,0,1,10.153485865116595,25680.465,6.338,5.351,3.276,,,,,-5.098,20.779,0.045,6.822,21.281,97.8,-1.905717151454367,28.641025951501696,17.54,5.02,4.63,0.0,,0,,2.559592,13.906,5.87492992169573
18,Guatemala,,0,2008,0,0,0,tranquil,,0,0,0,1,10.165363159168283,25987.298,3.294,6.338,5.351,,,,,-3.861,19.57,-0.247,11.351,16.677,95.2,-2.658486707566454,27.7613592965688,32.69,1.93,3.66,0.0,,0,,1.8995221,13.26,5.3144708077749625
18,Guatemala,,0,2009,0,0,0,tranquil,,0,0,0,1,10.150196251822983,25596.125,0.477,3.294,6.338,,,,,0.19,22.78,-1.709,1.862,13.53,103.3,8.50840336134453,25.756360064817475,31.48,0.16,3.26,1.0,,0,,1.3462782,14.1,8.06238645022567
18,Guatemala,,0,2010,0,0,0,tranquil,,0,0,0,1,10.158814265272152,25817.666,2.884,0.477,3.294,,,,,-1.848,24.006,-1.8,3.95,14.47,102.9,-0.3872216844143183,24.21806010374728,22.55,0.18,3.22,1.0,,0,,2.7103071,14.468,8.493931559765558
18,Guatemala,,0,2011,0,0,0,tranquil,,0,0,0,1,10.17967111983112,26361.796,4.164,2.884,0.477,,,,,-3.332,23.769,-1.322,6.197,16.038,102.0,-0.8746355685131268,23.963937661401832,24.2,0.1,2.78,0.0,,0,,1.8703824,14.488,8.615522430262093
18,Guatemala,LatAM,1,2012,0,0,0,tranquil,,0,0,0,1,10.189070473309847,26610.748,2.975,4.164,2.884,370.0,288.0,,,-3.701,24.557,-0.876,3.8,15.917,96.3,-5.588235294117649,32.172083037967944,17.8,0.14,1.8,0.0,,0,,2.822563,14.151,7.231268226354952
18,Guatemala,LatAM,1,2013,0,0,0,tranquil,,0,0,0,1,10.205816410214249,27060.122,3.695,2.975,4.164,303.0,263.0,370.0,288.0,-4.225,25.035,-0.586,4.341,15.843,94.4,-1.973001038421596,33.13095853215845,14.23,0.11,2.35,0.0,,0,,2.8721628,13.994,7.867217051858693
18,Guatemala,LatAM,1,2014,0,0,0,tranquil,,0,0,0,1,10.230345938117065,27732.102,4.444,3.695,2.975,286.0,220.3,303.0,263.0,-3.301,24.697,-0.45,3.423,15.071,95.0,0.6355932203389703,33.496148619357754,14.18,0.09,2.54,0.0,,0,,2.433021,13.596,8.71367398418256
18,Guatemala,LatAM,1,2015,0,0,0,tranquil,,0,0,0,1,10.252127426587911,28342.775,4.092,4.444,3.695,295.0,259.8,286.0,220.3,-1.244,24.77,0.128,2.388,14.828,100.0,5.263157894736836,35.262205320577465,16.67,0.13,2.14,0.0,,0,,1.9350879,12.582,8.540350279701228
18,Guatemala,LatAM,1,2016,0,0,0,tranquil,,0,0,0,1,10.26012761586654,28570.432,2.678,4.092,4.444,345.0,262.6,295.0,259.8,0.965,24.906,0.429,4.45,13.862,108.0,8.000000000000007,35.702846750568504,15.83,0.4,1.84,0.0,,0,,1.2804586,12.566,7.774694801198753
18,Guatemala,LatAM,1,2017,0,0,0,tranquil,,0,0,0,1,10.272273738401797,28919.568,3.08,2.678,4.092,241.0,203.2,345.0,262.6,1.197,25.07,0.136,4.423,13.596,102.3,-5.277777777777781,35.16762327310985,11.09,1.0,2.33,0.0,,0,,1.3932893,12.778,7.462973763039626
18,Guatemala,LatAM,1,2018,0,0,0,tranquil,,0,0,0,1,10.289114784726888,29410.728,3.407,3.08,2.678,272.0,211.3,241.0,203.2,0.886,26.405,-0.342,3.752,13.79,97.9,-4.3010752688172005,35.04890704484643,16.64,1.83,2.91,0.0,,0,,1.2579006,13.187,8.838038713754285
18,Guatemala,LatAM,1,2019,0,0,0,tranquil,,0,0,0,1,10.313301258439106,30130.742,4.018,3.407,3.08,268.0,237.8,272.0,211.3,2.361,26.414,-0.605,3.701,14.33,96.7,-1.2257405515832542,34.077226637507444,15.39,2.16,2.14,0.0,,0,,1.5170708,13.441,9.330304204916258
18,Guatemala,LatAM,1,2020,0,0,0,tranquil,,0,0,0,1,10.280570641388632,29160.509,-1.786,4.018,3.407,454.0,321.8,268.0,237.8,5.049,31.491,-3.188,3.212,13.501,103.9,7.445708376421933,35.850727668634015,29.25,0.38,0.89,0.0,,0,,1.2923038,15.585,11.874317798132324
18,Guatemala,LatAM,1,2021,0,0,0,tranquil,,0,0,0,1,10.344110194355329,31073.486,8.042,-1.786,4.018,294.0,250.9,454.0,321.8,2.167,30.585,0.565,4.263,16.768,99.9,-3.849855630413857,35.661489322919714,19.66,0.08,1.45,0.0,,0,,4.1944857,13.469,10.247518746725403
18,Guatemala,LatAM,1,2022,0,0,0,tranquil,,0,0,0,1,10.37104115165767,31921.695,4.185,8.042,-1.786,361.0,284.6,294.0,250.9,1.167,28.983,-0.039,6.882,16.569,94.0,-5.905905905905906,36.59484076871301,25.64,1.68,2.95,0.0,,0,,1.5161552,14.267,9.360048878956452
18,Guatemala,LatAM,1,2023,0,0,0,tranquil,,0,0,0,1,10.39036418490696,32544.517,3.533,4.185,8.042,261.0,232.4,361.0,284.6,3.078,27.208,0.381,6.209,16.475,95.3,1.382978723404249,37.13209966004773,16.85,5.02,3.96,0.0,,0,,1.5812303,13.732,7.776702216836641
18,Guatemala,LatAM,1,2024,0,0,0,tranquil,,0,0,0,1,10.410818908452791,33217.061,3.652,3.533,4.185,226.0,203.5,261.0,232.4,2.887,26.322,0.65,2.869,16.684,,,36.78348609461819,15.55,5.14,4.21,0.0,,0,,1.6325185,13.377,6.747274110640203
18,Guatemala,LatAM,1,2025,0,0,0,tranquil,,0,0,0,1,10.437272052693723,34107.482,4.118,3.652,3.533,225.0,181.8,226.0,203.5,4.843,27.179,-0.296,1.577,16.371,,,,18.93,4.21,4.29,0.0,,0,,,14.737,
19,Honduras,,0,1994,0,0,0,tranquil,,0,0,0,1,9.636485108323669,15313.424,0.212,,,,,,,-6.658,85.496,1.606,21.694,35.704,102.346198567,,,13.93,4.2,7.09,1.0,,0,,0.8476048,19.029,3.0541161340404765
19,Honduras,,0,1995,0,0,0,tranquil,,0,0,0,1,9.668194493951994,15806.784,6.189,0.212,,,,,,-3.265,65.378,2.187,29.477,27.905,125.8209926872,22.93665465731241,,12.39,5.84,6.57,1.0,,0,,1.0701262,17.213,0.823963684894148
19,Honduras,,0,1996,0,0,0,tranquil,,0,0,0,1,9.658503409937122,15654.339,1.871,6.189,0.212,,,,,-3.717,64.643,2.515,23.838,26.98,118.3173572701,-5.9637388458336,,16.44,5.3,6.44,0.0,,0,,1.89421,18.666,-0.9454716974490568
19,Honduras,,0,1997,0,0,0,tranquil,,0,0,0,1,9.675483018264508,15922.413,4.598,1.871,6.189,,,,,-2.96,70.841,2.563,20.177,27.572,113.8071559317,-3.811952398585039,,22.36,5.46,6.35,0.0,,0,,2.1816502,19.393,-3.29794073028223
19,Honduras,,0,1998,0,0,0,tranquil,,0,0,0,1,9.68426611217926,16062.877,3.59,4.598,1.871,,,,,-2.014,67.421,5.288,13.687,26.622,116.0136603011,1.938809867741731,,25.6,5.35,5.26,0.0,,0,,1.6061761,19.419,-7.236012738824731
19,Honduras,,0,1999,0,0,0,tranquil,,0,0,0,1,9.650599422349964,15531.095,-0.736,3.59,4.598,,,,,-3.76,75.758,3.784,11.65,32.647,116.2246355167,0.1818537705408518,,24.37,4.97,5.65,1.0,,0,,3.7112393,23.321,-11.619135726498335
19,Honduras,,0,2000,0,0,0,tranquil,,0,0,0,1,9.693649958035726,16214.318,7.291,-0.736,3.59,,,,,-7.155,65.758,3.467,11.058,28.288,114.8274422981,-1.2021489354546055,,23.32,6.24,6.03,1.0,,0,,4.869843,22.099,-10.89384005941632
19,Honduras,,0,2001,0,0,0,tranquil,,0,0,0,1,9.69348977812565,16211.721,2.723,7.291,-0.736,,,,,-6.255,63.417,-1.534,9.68,26.001,112.0560467491,-2.4135306800662337,36.683566205737925,25.75,3.89,5.02,1.0,,0,,4.049407,25.066,-2.385131114193473
19,Honduras,,0,2002,0,0,0,tranquil,,0,0,0,1,9.70393240683912,16381.901,3.754,2.723,7.291,,,,,-3.584,64.248,-4.952,7.681,24.258,109.5070760668,-2.2747283669638074,36.03206560031494,27.29,1.67,4.61,1.0,,0,,3.6562173,26.809,-2.7425990095659403
19,Honduras,,0,2003,0,0,0,tranquil,,0,0,0,1,9.72274121443352,16692.941,4.547,3.754,2.723,,,,,-6.718,67.757,-4.913,7.677,25.281,106.7458055079,-2.5215453266377086,37.19104638184407,21.98,1.13,4.01,0.0,,0,,4.740556,26.441,-0.1364101462072662
19,Honduras,,0,2004,0,0,0,tranquil,,0,0,0,1,9.758259043173044,17296.493,6.232,4.547,3.754,,,,,-7.652,60.906,-2.617,8.12,29.666,104.663827986,-1.950406867973764,37.81436818520831,15.48,1.35,4.27,1.0,,0,,6.676064,25.544,-1.836225758353513
19,Honduras,,0,2005,0,0,0,tranquil,,0,0,0,1,9.792731842288037,17903.148,6.051,6.232,4.547,,,,,-2.976,55.606,-0.32,8.803,27.623,103.4,-1.2075117166257754,38.84175806553535,12.81,3.21,4.29,1.0,,0,,6.1602826,23.61,-1.8694928523978787
19,Honduras,,0,2006,0,0,0,tranquil,,0,0,0,1,9.832750124480617,18634.13,6.567,6.051,6.232,,,,,-3.7,39.202,-1.851,5.578,28.342,101.2,-2.127659574468088,44.72935315802344,12.81,4.96,4.8,1.0,,0,,6.572873,24.394,-4.183946827135282
19,Honduras,,0,2007,0,0,0,tranquil,,0,0,0,1,9.869815974414502,19337.78,6.188,6.567,6.051,,,,,-9.03,24.022,-0.943,6.944,33.665,98.7,-2.4703557312252933,52.270420067944045,17.54,5.02,4.63,1.0,,0,,7.8222327,24.449,-3.8209941282426088
19,Honduras,,0,2008,0,0,0,tranquil,,0,0,0,1,9.888826350432677,19708.915,4.232,6.188,6.567,,,,,-15.341,22.323,-1.318,11.394,36.066,92.9,-5.876393110435663,51.291832674053,32.69,1.93,3.66,1.0,,0,,8.650204,26.409,-2.296587602906783
19,Honduras,,0,2009,0,0,0,tranquil,,0,0,0,1,9.842317857194104,18813.272,-2.432,4.232,6.188,,,,,-3.816,23.79,-5.764,5.5,20.599,92.3,-0.6458557588805314,50.33822017489793,31.48,0.16,3.26,1.0,,0,,3.389872,28.352,0.3593816811791605
19,Honduras,,0,2010,0,0,0,tranquil,,0,0,0,1,9.857692221872687,19104.749,3.731,-2.432,4.232,,,,,-5.077,21.816,-4.063,4.7,21.88,95.9,3.900325027085594,47.4622470777193,22.55,0.18,3.22,1.0,,0,,3.8346057,26.463,0.9180941223244756
19,Honduras,,0,2011,0,0,0,tranquil,,0,0,0,1,9.874662575978643,19431.73,3.836,3.731,-2.432,,,,,-7.954,24.647,-3.196,6.761,26.0,100.2,4.483837330552665,47.30923103066969,24.2,0.1,2.78,1.0,,0,,5.886814,25.912,2.666486838727419
19,Honduras,,0,2012,0,0,0,tranquil,,0,0,0,1,9.894895345015817,19828.892,4.129,3.836,3.731,,,,,-8.534,27.086,-3.596,5.196,24.564,97.2,-2.9940119760479056,51.27564823074455,17.8,0.14,1.8,1.0,,0,,5.83611,26.356,2.4883557335678437
19,Honduras,LatAM,1,2013,0,0,0,tranquil,,0,0,0,1,9.90263639040039,19982.984,2.792,4.129,3.836,770.0,660.4,,,-9.53,37.317,-5.332,5.159,21.76,91.5,-5.864197530864201,54.722686817914415,14.23,0.11,2.35,0.0,,0,,5.778621,27.976,-0.46210422397997125
19,Honduras,LatAM,1,2014,0,0,0,tranquil,,0,0,0,1,9.913391644696542,20199.066,3.058,2.792,4.129,597.0,471.7,770.0,660.4,-6.946,35.227,-2.544,6.129,22.184,94.8,3.60655737704918,55.08693720491614,14.18,0.09,2.54,1.0,,0,,8.628997,26.392,-0.8070105891188386
19,Honduras,LatAM,1,2015,0,0,0,tranquil,,0,0,0,1,9.932036427497025,20579.206,3.84,3.058,2.792,509.0,442.3,597.0,471.7,-4.671,38.32,-0.005,3.157,25.118,100.0,5.485232067510548,54.59360022381523,16.67,0.13,2.14,1.0,,0,,6.2759433,26.022,-1.8116194550634352
19,Honduras,LatAM,1,2016,0,0,0,tranquil,,0,0,0,1,9.951452328547406,20982.674,3.893,3.84,3.058,529.0,421.8,509.0,442.3,-3.144,39.422,0.216,2.727,23.377,100.3,0.2999999999999891,57.83540236422671,15.83,0.4,1.84,1.0,,0,,5.28157,27.383,1.4157142029390093
19,Honduras,LatAM,1,2017,0,0,0,tranquil,,0,0,0,1,9.980244035714668,21595.582,4.843,3.893,3.84,353.0,303.0,529.0,421.8,-1.246,41.286,0.281,3.935,24.821,100.6,0.2991026919242134,57.79019749797554,11.09,1.0,2.33,1.0,,0,,4.1059203,26.858,0.06249462564178575
19,Honduras,LatAM,1,2018,0,0,0,tranquil,,0,0,0,1,9.999673757609155,22019.281,3.845,4.843,3.893,356.0,274.4,353.0,303.0,-6.572,42.416,0.977,4.346,26.572,94.4,-6.163021868787267,62.81495971493012,16.64,1.83,2.91,0.0,,0,,5.993861,26.156,-1.2463048878439205
19,Honduras,LatAM,1,2019,0,0,0,tranquil,,0,0,0,1,10.006841160701631,22177.669,2.56,3.845,4.843,296.0,272.6,356.0,274.4,-2.624,43.285,1.008,4.367,22.968,93.6,-0.8474576271186529,64.46303283252053,15.39,2.16,2.14,1.0,,0,,3.838464,25.939,-1.5035938983834924
19,Honduras,LatAM,1,2020,0,0,0,tranquil,,0,0,0,1,9.89536893557032,19838.285,-8.965,2.56,3.845,688.0,390.6,296.0,272.6,2.852,53.476,-3.569,3.469,19.666,99.0,5.769230769230771,71.2304636812084,29.25,0.38,0.89,1.0,,0,,1.0106822,28.428,1.78223239520568
19,Honduras,LatAM,1,2021,0,0,0,tranquil,,0,0,0,1,9.99704870368118,21961.555,12.565,-8.965,2.56,391.0,329.0,688.0,390.6,-5.464,52.736,-1.997,4.481,24.231,95.2,-3.838383838383841,67.72704718619856,19.66,0.08,1.45,1.0,,0,,2.8436134,28.802,4.648578139420522
19,Honduras,LatAM,1,2022,0,0,0,tranquil,,0,0,0,1,10.020881356896282,22491.244,4.144,12.565,-8.965,899.0,661.2,391.0,329.0,-6.863,46.936,2.707,9.091,26.326,95.2,0.0,70.08416262394839,25.64,1.68,2.95,1.0,,0,,2.412924,24.042,3.6718618917711776
19,Honduras,LatAM,1,2023,0,0,0,tranquil,,0,0,0,1,10.038868040779136,22899.447,3.576,4.144,12.565,585.0,469.0,899.0,661.2,-3.981,41.698,-0.726,6.663,22.186,93.9,-1.36554621848739,75.63082477568341,16.85,5.02,3.96,1.0,,0,,3.1613636,27.22,4.763749456882259
19,Honduras,LatAM,1,2024,0,0,0,tranquil,,0,0,0,1,10.056944248755316,23317.146,3.554,3.576,4.144,427.0,378.2,585.0,469.0,-4.428,41.503,-0.366,4.605,22.492,,,78.22344042274,15.55,5.14,4.21,1.0,,0,,3.5290375,25.664,3.6870362383753754
19,Honduras,LatAM,1,2025,0,0,0,tranquil,,0,0,0,1,10.076772443041632,23784.097,3.7,3.554,3.576,421.0,335.2,427.0,378.2,2.412,41.209,-0.35,4.596,21.613,,,,18.93,4.21,4.29,1.0,,0,,,24.926,
20,Hungary,,0,1994,0,0,0,tranquil,,0,0,0,0,14.823419327521334,2739865.33,2.947,,,,,,,-11.722,,,18.866,24.204,,,25.41922524961529,13.93,4.2,7.09,1.0,,0,,2.641741,,62.82321443390416
20,Hungary,,0,1995,0,0,0,tranquil,,0,0,0,0,14.849800500527309,2813108.058,2.541,2.947,,,,,,-3.482,83.868,-0.51,28.303,23.304,,,21.63589489963768,12.39,5.84,6.57,0.0,,0,,10.314292,55.05,56.56631067857296
20,Hungary,,0,1996,0,0,0,tranquil,,0,0,0,0,14.852361402378117,2820321.384,0.101,2.541,2.947,,,,,-3.815,71.168,3.068,23.455,25.0,,,21.28063706633916,16.44,5.3,6.44,1.0,,0,,7.022575,50.893,48.08121339284965
20,Hungary,,0,1997,0,0,0,tranquil,,0,0,0,0,14.883645024197786,2909945.831,2.978,0.101,2.541,,,,,-4.052,62.196,1.611,18.295,26.344,,,23.466037313888005,22.36,5.46,6.35,1.0,,0,,8.7853365,49.495,39.50623709255699
20,Hungary,,0,1998,0,0,0,tranquil,,0,0,0,0,14.923444922088644,3028096.984,3.848,2.978,0.101,,,,,-7.055,60.422,-1.276,14.227,28.727,,,23.33968260888396,25.6,5.35,5.26,1.0,,0,,6.6858544,50.713,37.19845407400802
20,Hungary,Europe,3,1999,0,0,0,tranquil,,0,0,0,0,14.956468805728507,3129766.02,3.086,3.848,2.978,176.0,137.8,,,-7.876,60.297,0.823,9.973,27.201,,,25.46515154738288,24.37,4.97,5.65,0.0,,0,,6.8855815,48.935,26.0734805549539
20,Hungary,Europe,3,2000,0,0,0,tranquil,,0,0,0,0,15.00264617535228,3277679.221,4.409,3.086,3.848,136.0,106.6,176.0,137.8,-8.493,55.638,1.714,9.788,28.093,97.5122279627,,31.845911288806,23.32,6.24,6.03,0.0,,0,,5.8120723,47.289,22.008645527255887
20,Hungary,Europe,3,2001,0,0,0,tranquil,,0,0,0,0,15.044617684922091,3418176.176,4.062,4.409,3.086,104.0,65.7,136.0,106.6,-5.819,52.205,-0.025,9.151,26.247,97.2320818261,-0.2872933399769684,32.612563833927574,25.75,3.89,5.02,0.0,,0,,7.544265,47.208,15.993746528694357
20,Hungary,Europe,3,2002,0,0,0,tranquil,,0,0,0,0,15.093287665333992,3588653.661,4.73,4.062,4.409,86.0,66.8,104.0,65.7,-6.341,55.557,-5.231,5.261,25.637,97.1583830203,-0.0757967991797392,34.34431074701076,27.29,1.67,4.61,0.0,,0,,5.3867807,50.974,17.792044784517117
20,Hungary,Europe,3,2003,0,0,0,tranquil,,0,0,0,0,15.135168095916509,3742139.617,3.939,4.73,4.062,39.0,29.8,86.0,66.8,-7.995,58.174,-3.512,4.665,24.6,98.3118515374,1.1872043165426227,36.510013854313456,21.98,1.13,4.01,0.0,,0,,4.880253,49.176,13.761846787407295
20,Hungary,Europe,3,2004,0,0,0,tranquil,,0,0,0,0,15.186075000295247,3937572.601,4.963,3.939,4.73,44.0,26.1,39.0,29.8,-8.537,58.907,-2.665,6.75,27.393,97.6104639264,-0.7134313920770574,38.94909665154714,15.48,1.35,4.27,0.0,,0,,4.3629127,48.771,11.191243179725255
20,Hungary,Europe,3,2005,0,0,0,tranquil,,0,0,0,0,15.230058709245412,4114626.857,4.3,4.963,3.939,74.0,54.5,44.0,26.1,-7.195,60.579,-4.042,3.562,26.059,96.3,-1.3425445118139367,43.25453180072025,12.81,3.21,4.29,0.0,,0,,24.306028,49.368,9.669396855783665
20,Hungary,Europe,3,2006,0,0,0,tranquil,,0,0,0,0,15.270725732841688,4285405.478,3.934,4.3,4.963,90.0,72.6,74.0,54.5,-7.46,64.489,-5.668,3.904,26.244,92.9,-3.53063343717549,47.2791787368685,12.81,4.96,4.8,0.0,,0,,16.157488,51.407,10.918618816279896
20,Hungary,Europe,3,2007,0,0,0,tranquil,,0,0,0,0,15.275135979341409,4304346.91,0.332,3.934,4.3,88.0,73.2,90.0,72.6,-7.375,65.58,-1.352,7.952,24.8,92.8,-0.1076426264800978,53.19802284920734,17.54,5.02,4.63,0.0,,0,,50.406525,49.884,10.575849958441925
20,Hungary,Europe,3,2008,0,0,0,tranquil,,0,0,0,0,15.287109715881344,4356195.819,0.993,0.332,3.934,504.0,225.4,88.0,73.2,-7.482,71.801,-0.184,6.056,25.027,92.1,-0.7543103448275912,59.36028567935985,32.69,1.93,3.66,1.0,,0,,47.23642,48.775,8.123240028922062
20,Hungary,Europe,3,2009,0,0,0,tranquil,,0,0,0,0,15.218723765317083,4068251.122,-6.74,0.993,0.332,540.0,336.6,504.0,225.4,-1.318,78.188,-0.793,4.198,20.88,94.8,2.931596091205213,59.90283990358096,31.48,0.16,3.26,1.0,,0,,-2.282805,50.66,8.416052373072185
20,Hungary,Europe,3,2010,0,0,0,tranquil,,0,0,0,0,15.231042808430908,4118678.051,1.068,-6.74,0.993,420.0,290.9,540.0,336.6,-0.263,80.174,-0.686,4.872,21.075,96.9,2.2151898734177333,60.3209175671504,22.55,0.18,3.22,1.0,,0,,-15.885438,48.915,8.187557827300287
20,Hungary,Europe,3,2011,0,0,0,tranquil,,0,0,0,0,15.2528285507785,4209391.047,1.917,1.068,-6.74,605.0,382.6,420.0,290.9,0.321,80.468,-1.493,3.929,20.917,97.4,0.5159958720330149,58.44700532091949,24.2,0.1,2.78,0.0,,0,,7.4544215,49.14,7.24920283076676
20,Hungary,Europe,3,2012,0,0,0,tranquil,,0,0,0,0,15.244765382568904,4175586.488,-1.339,1.917,1.068,651.0,483.2,605.0,382.6,1.136,78.364,1.865,5.661,20.181,96.8,-0.6160164271047264,50.41666169591939,17.8,0.14,1.8,0.0,,0,,8.305498,49.247,8.677894988286845
20,Hungary,Europe,3,2013,0,0,0,tranquil,,0,0,0,0,15.268615664030484,4276372.511,2.032,-1.339,1.917,429.0,340.8,651.0,483.2,3.084,77.22,1.656,1.713,21.783,98.8,2.066115702479343,46.09688240030499,14.23,0.11,2.35,0.0,,0,,-2.7498639,50.079,12.593716104592822
20,Hungary,Europe,3,2014,0,0,0,tranquil,,0,0,0,0,15.315604305870629,4482109.239,4.334,2.032,-1.339,332.0,235.3,429.0,340.8,0.881,76.491,0.966,-0.229,24.316,99.4,0.6072874493927127,42.532027671318254,14.18,0.09,2.54,0.0,,0,,9.126502,50.016,12.940052588181869
20,Hungary,Europe,3,2015,0,0,0,tranquil,,0,0,0,0,15.355006384049505,4662239.099,3.66,4.334,2.032,220.0,191.7,332.0,235.3,2.165,75.724,1.314,-0.066,23.724,100.0,0.6036217303822866,35.097671257094696,16.67,0.13,2.14,0.0,,0,,-4.3672557,50.354,17.049915027274025
20,Hungary,Europe,3,2016,0,0,0,tranquil,,0,0,0,0,15.382774420387896,4793514.519,2.439,3.66,4.334,228.0,193.0,220.0,191.7,4.372,74.646,1.196,0.397,21.889,101.2,1.200000000000001,33.31915431978987,15.83,0.4,1.84,0.0,,0,,53.846764,46.663,17.316081369920923
20,Hungary,Europe,3,2017,0,0,0,tranquil,,0,0,0,0,15.4272868636246,5011705.647,4.124,2.439,3.66,161.0,117.5,228.0,193.0,1.785,72.002,0.121,2.354,23.095,102.0,0.7905138339920903,32.39086027433088,11.09,1.0,2.33,0.0,,0,,-8.631355,46.647,19.68876744444752
20,Hungary,Europe,3,2018,0,0,0,tranquil,,0,0,0,0,15.484506147137168,5306834.877,5.606,4.124,2.439,148.0,120.0,161.0,117.5,0.243,68.816,0.212,2.839,26.952,101.1,-0.8823529411764786,32.26497879045922,16.64,1.83,2.91,0.0,,0,,-40.108246,45.922,16.418174116795996
20,Hungary,Europe,3,2019,0,0,0,tranquil,,0,0,0,0,15.535473394552218,5584320.928,5.077,5.606,4.124,127.0,103.4,148.0,120.0,-0.64,64.988,0.13,3.373,28.547,101.8,0.6923837784371889,33.172105269832834,15.39,2.16,2.14,0.0,,0,,59.57755,45.846,15.320048790619708
20,Hungary,Europe,3,2020,0,0,0,tranquil,,0,0,0,0,15.492251415804269,5348097.327,-4.339,5.077,5.606,253.0,150.7,127.0,103.4,-1.126,78.687,-5.318,3.305,27.348,104.1,2.259332023575644,37.62960632125634,29.25,0.38,0.89,0.0,,0,,105.63576,51.031,17.887833490435415
20,Hungary,Europe,3,2021,0,0,0,tranquil,,0,0,0,0,15.565920944132534,5756964.77,7.223,-4.339,5.077,132.0,104.2,253.0,150.7,-4.514,76.215,-5.032,5.105,30.788,100.0,-3.9385206532180574,38.41258530840976,19.66,0.08,1.45,0.0,,0,,18.26391,48.087,20.218924550138585
20,Hungary,Europe,3,2022,0,0,0,tranquil,,0,0,0,0,15.610863061506638,6021596.982,4.152,7.223,-4.339,313.0,208.2,132.0,104.2,-9.077,74.081,-3.916,14.62,34.203,93.8,-6.2000000000000055,36.04204659851769,25.64,1.68,2.95,0.0,,0,,-1.0832449,48.859,19.2833119835457
20,Hungary,Europe,3,2023,0,0,0,tranquil,,0,0,0,0,15.603699563499577,5978615.417,-0.817,4.152,7.223,233.0,197.1,313.0,208.2,-0.115,73.234,-3.166,17.14,25.895,102.2,8.955223880597018,32.87346943264117,16.85,5.02,3.96,0.0,,0,,-33.191032,49.334,15.645885825748532
20,Hungary,Europe,3,2024,0,0,0,tranquil,,0,0,0,0,15.610848818173672,6021511.215,0.56,-0.817,4.152,169.0,150.8,233.0,197.1,1.484,73.513,-0.747,3.707,23.327,,,32.384486423085136,15.55,5.14,4.21,0.0,,0,,-27.922928,46.908,17.11030042238265
20,Hungary,Europe,3,2025,0,0,0,tranquil,,0,0,0,0,15.617548014426289,6061985.923,0.409,0.56,-0.817,184.0,144.2,169.0,150.8,1.284,75.162,-1.152,4.436,22.221,,,,18.93,4.21,4.29,0.0,,0,,,47.505,
21,India,,0,1994,0,0,0,tranquil,,0,0,0,0,10.847606658285049,51410.96,6.659,,,,,,,-1.03,74.753,-4.446,10.272,26.752,113.9325827913,,23.64734140464552,13.93,4.2,7.09,0.0,,0,,0.2973866,26.208,21.970021878477294
21,India,,0,1995,0,0,0,tranquil,,0,0,0,0,10.90048816024687,54202.817,7.574,6.659,,,,,,-1.637,70.876,-3.45,9.96,27.348,103.6186858228,-9.052631578968809,22.510774702358244,12.39,5.84,6.57,0.0,,0,,0.5949863,24.98,20.06034098283025
21,India,,0,1996,0,0,0,tranquil,,0,0,0,0,10.953293556904876,57141.936,7.55,7.574,6.659,,,,,-1.144,67.133,-3.279,9.433,25.623,95.0206965804,-8.297720796327768,23.40244203685776,16.44,5.3,6.44,0.0,,0,,0.6174793,24.364,20.83325701279789
21,India,,0,1997,0,0,0,tranquil,,0,0,0,0,10.973329447420385,58298.372,4.05,7.55,7.574,,,,,-1.323,69.008,-4.871,6.845,27.665,108.9840546587,14.695070211872396,23.55532534622629,22.36,5.46,6.35,0.0,,0,,0.860209,25.231,21.15814932009763
21,India,,0,1998,0,0,0,tranquil,,0,0,0,0,11.01397551211961,60716.788,6.184,4.05,7.55,,,,,-0.958,69.284,-6.219,13.126,26.186,112.8123665517,3.51272661398856,23.67774685787448,25.6,5.35,5.26,0.0,,0,,0.6252862,26.034,21.488612920108835
21,India,,0,1999,0,0,0,tranquil,,0,0,0,0,11.07971640817709,64842.492,8.846,6.184,4.05,,,,,-1.024,71.267,-4.874,3.425,30.957,100.9402706866,-10.523753935841071,25.422862207347148,24.37,4.97,5.65,0.0,,0,,0.47264418,25.85,22.118020122642136
21,India,,0,2000,0,0,0,tranquil,,0,0,0,0,11.098614855509952,66079.567,3.841,8.846,6.184,,,,,-0.569,74.941,-4.145,3.817,25.677,95.9432276137,-4.950495019391077,28.339551157518265,23.32,6.24,6.03,0.0,,0,,0.7652117,26.086,22.762084018447105
21,India,,0,2001,0,0,0,tranquil,,0,0,0,0,11.127020910743193,67983.541,4.824,3.841,8.846,,,,,0.7,80.11,-6.447,4.441,29.91,93.8531780462,-2.178423239955252,28.61941542541017,25.75,3.89,5.02,0.0,,0,,1.0563802,28.276,24.334617645381933
21,India,,0,2002,0,0,0,tranquil,,0,0,0,0,11.146240386390115,69302.786,3.804,4.824,3.841,,,,,1.232,84.304,-6.229,4.993,30.251,85.0353445784,-9.395348832470384,32.30648907355375,27.29,1.67,4.61,0.0,,0,,1.0115695,29.115,25.21936079905492
21,India,,0,2003,0,0,0,tranquil,,0,0,0,0,11.204564966622607,73465.043,7.86,3.804,4.824,,,,,2.317,85.883,-6.498,4.107,30.839,92.2984402248,8.54126679019176,31.62626561864905,21.98,1.13,4.01,0.0,,0,,0.60588783,29.942,24.790493996697887
21,India,,0,2004,0,0,0,tranquil,,0,0,0,0,11.26377636923523,77946.375,7.923,7.86,3.804,,,,,-0.348,84.89,-4.214,3.996,35.096,87.9574391064,-4.703222619826686,36.19180385459677,15.48,1.35,4.27,0.0,,0,,0.76559687,28.45,22.142527994535712
21,India,,0,2005,0,0,0,tranquil,,0,0,0,0,11.323713278220623,82761.088,7.923,7.923,7.86,,,,,-1.207,82.378,-1.636,3.674,37.429,85.9,-2.339130296769054,40.06798047805727,12.81,3.21,4.29,0.0,,0,,0.8860984,26.026,19.085114428525003
21,India,,0,2006,0,0,0,tranquil,,0,0,0,0,11.385596670685295,88044.414,8.061,7.923,7.923,,,,,-1.017,77.893,-0.219,6.738,38.999,83.9,-2.328288707799764,43.62775243342684,12.81,4.96,4.8,0.0,,0,,2.1301684,25.642,17.654917483360997
21,India,,0,2007,0,0,0,tranquil,,0,0,0,0,11.444351987668098,93372.485,7.661,8.061,7.923,,,,,-1.293,75.414,1.116,5.918,41.951,79.9,-4.767580452920139,45.62776474571382,17.54,5.02,4.63,0.0,,0,,2.073394,26.093,16.220405583710846
21,India,,0,2008,0,0,0,tranquil,,0,0,0,0,11.460363597863394,94879.562,3.087,7.661,8.061,,,,,-2.328,74.341,-3.386,9.211,38.423,79.9,0.0,49.55936668711599,32.69,1.93,3.66,0.0,,0,,3.6205232,28.269,19.485751769278345
21,India,,0,2009,0,0,0,tranquil,,0,0,0,0,11.521585468659737,100869.761,7.862,3.087,7.661,,,,,-2.864,72.735,-4.609,10.605,39.257,93.0,16.39549436795995,48.12444791120459,31.48,0.16,3.26,0.0,,0,,2.6515903,28.101,23.1559644185054
21,India,,0,2010,0,0,0,tranquil,,0,0,0,0,11.588597518311008,107860.879,8.498,7.862,3.087,,,,,-2.857,67.675,-4.232,9.37,39.785,91.5,-1.6129032258064502,50.555374978522416,22.55,0.18,3.22,0.0,,0,,1.6350341,27.721,22.837894852766834
21,India,,0,2011,0,0,0,tranquil,,0,0,0,0,11.62551449286955,111917.189,5.241,8.498,7.862,,,,,-4.29,68.699,-3.682,8.116,39.59,88.1,-3.715846994535521,51.28923313254473,24.2,0.1,2.78,0.0,,0,,2.0020635,27.32,24.819067481835614
21,India,APAC,2,2012,0,0,0,tranquil,,0,0,0,0,11.6649013044028,116413.211,5.456,5.241,8.498,243.0,239.0,,,-4.819,68.146,-2.948,10.037,38.392,88.1,0.0,51.8885076473464,17.8,0.14,1.8,0.0,,0,,1.3129345,27.184,25.253252863033836
21,India,APAC,2,2013,0,0,0,tranquil,,0,0,0,0,11.713478922651207,122207.894,6.386,5.456,5.241,374.0,262.0,243.0,239.0,-1.746,68.018,-2.2,9.81,34.156,90.5,2.724177071509648,52.38570951697198,14.23,0.11,2.35,0.0,,0,,1.5162765,26.488,25.465632019247824
21,India,APAC,2,2014,0,0,0,tranquil,,0,0,0,0,11.77235110050945,129618.539,7.41,6.386,5.456,278.0,185.8,374.0,262.0,-1.324,67.642,-2.369,5.936,34.398,91.8,1.436464088397793,51.88218735896277,14.18,0.09,2.54,0.0,,0,,1.6956596,26.203,23.979733967044233
21,India,APAC,2,2015,0,0,0,tranquil,,0,0,0,0,11.837348818746117,138323.278,7.996,7.41,6.386,174.0,157.5,278.0,185.8,-1.061,69.755,-2.712,4.885,32.315,100.0,8.932461873638342,51.86752407720488,16.67,0.13,2.14,0.0,,0,,2.0921152,27.345,23.696514446144786
21,India,APAC,2,2016,0,0,0,tranquil,,0,0,0,0,11.904764160441818,147969.901,8.256,7.996,7.41,187.0,157.1,174.0,157.5,-0.634,69.815,-2.552,4.518,30.505,105.1,5.099999999999993,38.20365079122308,15.83,0.4,1.84,0.0,,0,,1.9373641,27.593,20.172518172307413
21,India,APAC,2,2017,0,0,0,tranquil,,0,0,0,0,11.95888466104317,156198.773,6.795,8.256,7.996,143.0,122.1,187.0,157.1,-1.865,70.776,-1.601,3.606,31.316,100.4,-4.471931493815406,38.17071386241474,11.09,1.0,2.33,0.0,,0,,1.5073159,26.649,18.564548778390392
21,India,APAC,2,2018,0,0,0,tranquil,,0,0,0,0,12.010453224760884,164465.027,6.454,6.795,8.256,189.0,150.4,143.0,122.1,-2.155,71.683,-1.702,3.387,32.757,95.6,-4.780876494023911,38.89752540103616,16.64,1.83,2.91,0.0,,0,,1.5582148,26.781,18.257231681495643
21,India,APAC,2,2019,0,0,0,tranquil,,0,0,0,0,12.038036701728318,169064.69,3.871,6.454,6.795,173.0,139.9,189.0,150.4,-0.884,76.665,-3.065,4.806,30.675,97.9,2.405857740585793,38.737944976159966,15.39,2.16,2.14,0.0,,0,,1.7848264,27.419,20.345654438478398
21,India,APAC,2,2020,0,0,0,tranquil,,0,0,0,0,11.968788732618926,157753.463,-5.778,3.871,6.454,370.0,222.7,173.0,139.9,0.919,90.562,-7.431,6.154,29.546,103.1,5.311542390194068,40.78678485518212,29.25,0.38,0.89,0.0,,0,,2.4062033,31.766,22.851815384245207
21,India,APAC,2,2021,0,0,0,tranquil,,0,0,0,0,12.05304658058647,171621.471,9.69,-5.778,3.871,148.0,138.8,370.0,222.7,-1.254,85.713,-4.377,5.512,32.761,91.0,-11.736178467507274,36.89208851028968,19.66,0.08,1.45,0.0,,0,,1.412171,30.688,20.362037265144505
21,India,APAC,2,2022,0,0,0,tranquil,,0,0,0,0,12.118482175443951,183227.197,7.609,9.69,-5.778,211.0,169.5,148.0,138.8,-2.061,84.598,-3.997,6.634,34.412,81.4,-10.549450549450546,37.08849231185367,25.64,1.68,2.95,0.0,,0,,1.4924883,29.963,19.4890376020262
21,India,APAC,2,2023,0,0,0,tranquil,,0,0,0,0,12.179270726541349,194710.813,7.21,7.609,9.69,167.0,139.4,211.0,169.5,-0.744,85.01,-3.073,5.37,34.505,87.5,7.493857493857492,39.34773834530034,16.85,5.02,3.96,0.0,,0,,0.77191913,29.702,18.91218423484159
21,India,APAC,2,2024,0,0,0,tranquil,,0,0,0,0,12.238949625845162,206684.68,7.099,7.21,7.609,120.0,95.2,167.0,139.4,-0.61,84.782,-2.958,4.639,34.346,,,40.02152248188802,15.55,5.14,4.21,0.0,,0,,0.69413316,29.278,18.579335258745125
21,India,APAC,2,2025,0,0,0,tranquil,,0,0,0,0,12.303499769390069,220466.221,7.618,7.099,7.21,118.0,86.2,120.0,95.2,-0.923,84.075,-2.078,2.091,33.854,,,,18.93,4.21,4.29,0.0,,0,,,28.463,
22,Indonesia,,0,1994,0,0,0,tranquil,,0,0,0,0,16.752773978963734,18864152.369,7.54,,,,,,,-1.404,,1.379,8.528,31.497,,,,13.93,4.2,7.09,0.0,,0,,1.1922519,13.524,-4.160696060407143
22,Indonesia,,0,1995,0,0,0,tranquil,,0,0,0,0,16.815323210935897,20081774.31,8.22,7.54,,,,,,-2.784,,1.845,9.415,32.399,,,,12.39,5.84,6.57,0.0,,0,,2.1500797,11.907,-4.400083517761056
22,Indonesia,,0,1996,0,0,0,tranquil,,0,0,0,0,16.879113913314374,21404546.556,7.818,8.22,7.54,,,,,-2.657,,1.985,7.981,31.621,,,,16.44,5.3,6.44,0.0,,0,,2.7241979,11.508,-4.293160685583812
22,Indonesia,,0,1997,0,0,0,tranquil,,0,0,0,0,16.913558160553144,22154654.339,4.7,7.818,8.22,,,,,-1.458,,0.451,6.237,32.227,,,,22.36,5.46,6.35,0.0,,0,,2.1677969,15.25,-5.4749450291048625
22,Indonesia,,0,1998,0,0,0,tranquil,,0,0,0,0,16.761354422290943,19026711.577,-13.127,4.7,7.818,,,,,3.469,,0.893,58.447,19.227,,,,25.6,5.35,5.26,0.0,,0,,-0.25229046,15.079,-1.1116883171236098
22,Indonesia,,0,1999,0,0,0,tranquil,,0,0,0,0,16.757751188479386,18958277.253,0.791,-13.127,4.7,,,,,3.4,,2.263,20.47,13.64,,,,24.37,4.97,5.65,0.0,,0,,-1.3325735,15.14,37.56652986965183
22,Indonesia,,0,2000,0,0,0,tranquil,,0,0,0,0,16.794854348494106,19674901.551,4.979,0.791,-13.127,,,,,4.452,87.437,1.444,3.688,25.087,,,,23.32,6.24,6.03,1.0,,0,,-2.7574399,15.303,37.68544782125444
22,Indonesia,,0,2001,0,0,0,tranquil,,0,0,0,0,16.81648072800629,20105032.765,3.643,4.979,0.791,,,,,3.954,73.702,3.103,11.466,25.315,,,,25.75,3.89,5.02,1.0,,0,,-1.8556862,19.509,33.1834580841415
22,Indonesia,,0,2002,0,0,0,tranquil,,0,0,0,0,16.84633230707956,20714247.512,4.499,3.643,4.979,,,,,3.676,62.339,3.848,11.908,24.215,,,,27.29,1.67,4.61,1.0,,0,,0.074151635,16.929,29.835497082224972
22,Indonesia,APAC,2,2003,0,0,0,tranquil,,0,0,0,0,16.878868291030116,21399289.768,4.78,4.499,3.643,0.0,0.0,,,3.175,55.643,1.907,6.791,28.089,88.8506734466,,,21.98,1.13,4.01,0.0,,0,,-0.2542563,18.176,25.12516324136978
22,Indonesia,APAC,2,2004,0,0,0,tranquil,,0,0,0,0,16.91379215659496,22159839.047,5.031,4.78,4.499,424.0,214.0,0.0,0.0,1.882,51.328,2.242,6.062,27.358,90.7017129033,2.083315055358015,,15.48,1.35,4.27,0.0,,0,,0.738244,17.833,21.7925174881318
22,Indonesia,APAC,2,2005,0,0,0,tranquil,,0,0,0,0,16.954996343058234,23091989.56,5.693,5.031,4.78,324.0,273.8,424.0,214.0,0.513,42.612,2.623,10.464,28.579,101.5,11.90527361728262,,12.81,3.21,4.29,0.0,,0,,2.9161148,17.398,18.24632426953328
22,Indonesia,APAC,2,2006,0,0,0,tranquil,,0,0,0,0,16.994385852443155,24019723.239,5.501,5.693,5.031,242.0,206.7,324.0,273.8,2.406,35.848,2.628,13.099,28.986,102.2,0.6896551724137945,,12.81,4.96,4.8,0.0,,0,,1.3479426,18.417,15.442734890779903
22,Indonesia,APAC,2,2007,0,0,0,tranquil,,0,0,0,0,17.041744125097647,25184621.924,6.345,5.501,5.693,280.0,205.6,242.0,206.7,1.446,38.121,0.905,6.319,28.736,104.5,2.2504892367906093,,17.54,5.02,4.63,0.0,,0,,1.6030105,18.735,13.226817601574247
22,Indonesia,APAC,2,2008,1,0,0,onset,Indonesia_ep,0,1,1,0,17.099362723113256,26678344.4,7.442,6.345,5.501,930.0,473.2,280.0,205.6,0.022,30.252,1.687,9.871,32.998,106.8,2.200956937799048,,32.69,1.93,3.66,0.0,11.0,1,,1.826329,19.394,8.212181025675834
22,Indonesia,APAC,2,2009,0,0,0,tranquil,,0,0,0,0,17.131148274429506,27539951.066,4.702,7.442,6.345,794.0,464.4,930.0,473.2,1.837,26.483,-0.084,4.804,31.173,97.9,-8.333333333333325,27.658710487844075,31.48,0.16,3.26,0.0,,0,,0.9039194,17.027,8.101752925067853
22,Indonesia,APAC,2,2010,0,0,0,tranquil,,0,0,0,0,17.178813086635977,28884425.178,6.378,4.702,7.442,274.0,219.3,794.0,464.4,0.702,26.363,0.045,5.137,32.88,108.3,10.623084780388137,27.253041134939533,22.55,0.18,3.22,0.0,,0,,2.0251791,16.887,5.458526678336118
22,Indonesia,APAC,2,2011,0,0,0,tranquil,,0,0,0,0,17.220545658819372,30115352.78,6.17,6.378,4.702,332.0,225.5,274.0,219.3,0.189,23.106,0.487,5.345,32.984,111.7,3.1394275161588325,30.08219935776616,24.2,0.1,2.78,0.0,,0,,2.3029842,17.714,5.139965462332633
22,Indonesia,APAC,2,2012,0,0,0,tranquil,,0,0,0,0,17.26500510267173,31484474.292,6.03,6.17,6.378,326.0,231.6,332.0,225.5,-2.66,22.955,-0.42,3.979,35.072,102.8,-7.967770814682185,33.43417143484216,17.8,0.14,1.8,0.0,,0,,2.3097804,18.836,5.4631810085617145
22,Indonesia,APAC,2,2013,0,0,0,tranquil,,0,0,0,0,17.305358615195516,32780966.497,5.557,6.03,6.17,379.0,266.8,326.0,231.6,-3.19,24.884,-0.771,6.41,33.831,100.0,-2.7237354085603127,36.0581396070456,14.23,0.11,2.35,0.0,,0,,2.5513563,18.82,5.162514835414661
22,Indonesia,APAC,2,2014,0,0,0,tranquil,,0,0,0,0,17.34085155156468,33965353.61,5.007,5.557,6.03,337.0,257.8,379.0,266.8,-3.146,24.645,-0.542,6.399,34.6,100.8,0.8000000000000007,36.4235451552096,14.18,0.09,2.54,0.0,,0,,2.8199725,18.365,4.917331988900599
22,Indonesia,APAC,2,2015,0,0,0,tranquil,,0,0,0,0,17.376568400271907,35200413.944,4.876,5.007,5.557,362.0,288.1,337.0,257.8,-2.035,27.013,-1.37,6.36,34.063,100.0,-0.7936507936507908,39.11879829551194,16.67,0.13,2.14,0.0,,0,,2.2976165,17.602,5.709341496276526
22,Indonesia,APAC,2,2016,0,0,0,tranquil,,0,0,0,0,17.412768885618913,36498031.501,5.033,4.876,5.007,348.0,270.7,362.0,288.1,-1.819,27.955,-1.087,3.53,33.859,105.1,5.099999999999993,39.40242469394136,15.83,0.4,1.84,0.0,,0,,0.48737246,16.92,6.090734589980486
22,Indonesia,APAC,2,2017,0,0,0,tranquil,,0,0,0,0,17.451224061363806,37928905.648,5.07,5.033,4.876,220.0,185.8,348.0,270.7,-1.595,29.396,-0.67,3.807,33.711,108.1,2.8544243577545148,38.73234956130407,11.09,1.0,2.33,0.0,,0,,2.0194893,16.444,5.656732514455693
22,Indonesia,APAC,2,2018,0,0,0,tranquil,,0,0,0,0,17.490993281240026,39467704.239,5.174,5.07,5.033,237.0,194.7,220.0,185.8,-2.939,30.423,0.048,3.291,34.571,103.7,-4.0703052728954585,38.80544966656386,16.64,1.83,2.91,0.0,,0,,1.8142898,16.611,5.155042208437634
22,Indonesia,APAC,2,2019,0,0,0,tranquil,,0,0,0,0,17.529609516422106,41021608.254,5.019,5.174,5.07,212.0,185.1,237.0,194.7,-2.706,30.563,-0.35,2.822,33.78,98.5,-5.014464802314366,38.372693951660935,15.39,2.16,2.14,0.0,,0,,2.233362,16.359,5.52933430184916
22,Indonesia,APAC,2,2020,0,0,0,tranquil,,0,0,0,0,17.496479816812485,39684840.32,-2.066,5.019,5.174,357.0,241.9,212.0,185.1,-0.419,39.747,-4.041,2.031,32.343,102.2,3.756345177664988,38.6795390891453,29.25,0.38,0.89,0.0,,0,,1.8105841,18.427,11.991398048705685
22,Indonesia,APAC,2,2021,0,0,0,tranquil,,0,0,0,0,17.52372066516895,40780747.996,3.703,-2.066,5.019,182.0,170.5,357.0,241.9,0.296,41.14,-2.382,1.561,31.449,115.0,12.524461839530332,36.99082705562535,19.66,0.08,1.45,0.0,,0,,1.7878556,18.124,14.913103563342931
22,Indonesia,APAC,2,2022,0,0,0,tranquil,,0,0,0,0,17.56434254341007,42471445.751,5.307,3.703,-2.066,212.0,181.8,182.0,170.5,1.002,40.141,-0.335,4.139,29.745,124.9,8.608695652173925,35.28843296326886,25.64,1.68,2.95,0.0,,0,,1.872641,17.258,13.560697445539043
22,Indonesia,APAC,2,2023,0,0,0,tranquil,,0,0,0,0,17.60286092613149,44139292.324,5.049,5.307,3.703,150.0,123.0,212.0,181.8,-0.149,39.601,0.464,3.713,30.343,108.3,-13.290632506004808,36.01288885952533,16.85,5.02,3.96,0.0,,0,,1.571167,16.637,12.309784618477277
22,Indonesia,APAC,2,2024,0,0,0,tranquil,,0,0,0,0,17.641582423381966,45881953.298,5.033,5.049,5.307,111.0,93.7,150.0,123.0,-0.615,40.165,-0.077,2.3,31.396,,,36.39245076381127,15.55,5.14,4.21,0.0,,0,,1.7365115,16.866,11.659761259901769
22,Indonesia,APAC,2,2025,0,0,0,tranquil,,0,0,0,0,17.681384550156196,47744982.945,5.108,5.033,5.049,118.0,88.1,111.0,93.7,-0.101,41.021,-0.757,1.913,30.619,,,,18.93,4.21,4.29,0.0,,0,,,16.195,
23,Jamaica,,0,1994,0,0,0,tranquil,,0,0,0,1,13.372995180305091,642418.462,1.875,,,,,,,1.459,,9.905,35.543,24.143,,,19.57969823118241,13.93,4.2,7.09,1.0,,0,,1.448861,19.902,0.6984046828489548
23,Jamaica,,0,1995,0,0,0,tranquil,,0,0,0,1,13.388833214769518,652674.108,2.521,1.875,,,,,,-1.472,,8.778,19.91,25.141,,,21.334035336667416,12.39,5.84,6.57,1.0,,0,,1.5476956,22.056,2.6011049197916485
23,Jamaica,,0,1996,0,0,0,tranquil,,0,0,0,1,13.381816999289228,648110.833,0.236,2.521,1.875,,,,,-1.88,,4.317,26.405,25.407,,,19.9013557629947,16.44,5.3,6.44,1.0,,0,,1.8352987,27.365,9.463289465054762
23,Jamaica,,0,1997,0,0,0,tranquil,,0,0,0,1,13.355576991017472,631325.585,-1.641,0.236,2.521,,,,,-3.855,,1.473,9.658,25.531,,,18.46488454904018,22.36,5.46,6.35,0.0,,0,,1.8535622,27.648,17.031939919098583
23,Jamaica,,0,1998,0,0,0,tranquil,,0,0,0,1,13.33361433776278,617611.154,-1.21,-1.641,0.236,,,,,-3.703,,4.609,8.632,22.45,,,23.367384765795272,25.6,5.35,5.26,0.0,,0,,3.6655607,27.882,19.36317331523296
23,Jamaica,,0,1999,0,0,0,tranquil,,0,0,0,1,13.333772144675386,617708.625,0.981,-1.21,-1.641,,,,,-2.372,80.655,7.93,5.951,21.136,,,23.85852666708936,24.37,4.97,5.65,0.0,,0,,5.341475,27.949,20.929994639491387
23,Jamaica,,0,2000,0,0,0,tranquil,,0,0,0,1,13.332308494516395,616805.177,0.776,0.981,-1.21,,,,,-3.95,89.486,9.808,8.07,23.298,116.3376158068,,25.564360134232693,23.32,6.24,6.03,0.0,,0,,4.6596003,25.71,17.74838990516393
23,Jamaica,,0,2001,0,0,0,tranquil,,0,0,0,1,13.336270855202857,619254.03,1.281,0.776,0.981,,,,,-8.044,105.273,6.705,6.881,25.684,114.6084627746,-1.4863232499723766,12.95205935832291,25.75,3.89,5.02,0.0,,0,,6.2698975,27.848,36.104507676338244
23,Jamaica,,0,2002,0,0,0,tranquil,,0,0,0,1,13.337243296365356,619856.511,0.675,1.281,0.776,,,,,-10.771,115.413,5.91,6.992,27.117,109.6194384573,-4.353102900535266,14.723834195790078,27.29,1.67,4.61,0.0,,0,,4.566309,30.078,32.045914080181916
23,Jamaica,,0,2003,0,0,0,tranquil,,0,0,0,1,13.369657472074463,640277.831,3.667,0.675,1.281,,,,,-7.993,120.084,10.24,10.131,26.045,107.1495517261,-2.2531466735820738,18.352162311068668,21.98,1.13,4.01,0.0,,0,,7.247964,31.094,35.356163523167616
23,Jamaica,,0,2004,0,0,0,tranquil,,0,0,0,1,13.379217163961066,646428.04,1.324,3.667,0.675,,,,,-4.805,116.901,9.978,13.521,26.273,111.4335928705,3.9981885835145934,20.00582612368528,15.48,1.35,4.27,0.0,,0,,5.4976344,30.685,29.056296283210287
23,Jamaica,,0,2005,0,0,0,tranquil,,0,0,0,1,13.384539981187732,649878.032,0.894,1.324,3.667,,,,,-9.296,121.51,9.603,15.099,26.718,105.2,-5.593997922820471,20.978075644460183,12.81,3.21,4.29,0.0,,0,,5.6733336,28.585,26.962540484037724
23,Jamaica,,0,2006,0,0,0,tranquil,,0,0,0,1,13.409562063543769,666344.487,2.899,0.894,1.324,,,,,-9.65,114.157,6.904,8.52,28.19,126.3,20.05703422053231,23.43907815018053,12.81,4.96,4.8,0.0,,0,,7.0606046,30.145,22.66109205748557
23,Jamaica,LatAM,1,2007,0,0,0,tranquil,,0,0,0,1,13.420354576730324,673574.966,1.444,2.899,0.894,388.0,373.3,,,-15.361,111.581,7.673,9.287,26.346,123.9,-1.9002375296912064,27.30668573402949,17.54,5.02,4.63,0.0,,0,,6.343186,30.556,19.40538350014453
23,Jamaica,LatAM,1,2008,1,1,0,onset,Jamaica_ep,1,1,1,1,13.408597774479594,665702.248,-0.818,1.444,2.899,1185.0,557.2,388.0,373.3,-19.816,123.809,4.813,22.026,24.112,113.2,-8.635996771589994,30.19132402420587,32.69,1.93,3.66,0.0,12.0,1,,10.041304,33.92,21.94452360232755
23,Jamaica,LatAM,1,2009,0,0,1,continuation,Jamaica_ep,1,0,1,1,13.370376140738705,640738.144,-3.411,-0.818,1.444,1143.0,844.5,1185.0,557.2,-9.078,138.339,6.032,9.576,20.879,102.3,-9.628975265017669,28.60347586680772,31.48,0.16,3.26,0.0,,0,,4.002857,37.689,25.30044024454693
23,Jamaica,LatAM,1,2010,0,0,0,tranquil,,0,0,0,1,13.35241132482471,629330.179,-1.435,-3.411,-0.818,617.0,492.1,1143.0,844.5,-6.907,137.824,4.503,12.616,20.042,110.4,7.9178885630498685,26.405664822720016,22.55,0.18,3.22,1.0,,0,,1.4052035,32.336,19.336651714419304
23,Jamaica,LatAM,1,2011,0,0,0,tranquil,,0,0,0,1,13.363841231494863,636564.63,1.426,-1.435,-3.411,637.0,484.9,617.0,492.1,-13.289,135.937,3.09,7.522,21.252,110.0,-0.3623188405797117,26.795738299769,24.2,0.1,2.78,1.0,,0,,1.1959932,31.169,18.071583829154786
23,Jamaica,LatAM,1,2012,0,0,0,tranquil,,0,0,0,1,13.35619675320759,631716.978,-0.501,1.426,-1.435,713.0,655.7,637.0,484.9,-9.507,140.255,5.263,6.892,19.758,101.2,-7.9999999999999964,28.98832874473224,17.8,0.14,1.8,1.0,,0,,2.791457,29.052,18.595681464334472
23,Jamaica,LatAM,1,2013,0,0,0,tranquil,,0,0,0,1,13.357187932182638,632343.433,0.224,-0.501,1.426,691.0,652.8,713.0,655.7,-9.305,135.226,7.442,9.36,21.072,97.0,-4.150197628458496,29.76976878645007,14.23,0.11,2.35,1.0,,0,,3.8189828,26.344,17.533132345876254
23,Jamaica,LatAM,1,2014,0,0,0,tranquil,,0,0,0,1,13.362079817391963,635444.363,0.575,0.224,-0.501,626.0,506.6,691.0,652.8,-7.834,134.404,7.285,8.275,22.281,98.1,1.134020618556697,29.322951054638324,14.18,0.09,2.54,1.0,,0,,4.1883564,26.065,18.02333480121642
23,Jamaica,LatAM,1,2015,0,0,0,tranquil,,0,0,0,1,13.374853894932183,643613.645,1.428,0.575,0.224,493.0,431.3,626.0,506.6,-2.881,115.926,6.803,3.681,21.179,100.0,1.936799184505622,28.47486453657913,16.67,0.13,2.14,1.0,,0,,6.181524,25.946,14.92833208020623
23,Jamaica,LatAM,1,2016,0,0,0,tranquil,,0,0,0,1,13.401277691148788,660847.044,2.76,1.428,0.575,507.0,438.6,493.0,431.3,-0.291,106.906,7.146,2.35,21.13,101.1,1.09999999999999,30.25177871338578,15.83,0.4,1.84,1.0,,0,,6.22845,26.472,14.176048656708826
23,Jamaica,LatAM,1,2017,0,0,0,tranquil,,0,0,0,1,13.422400490540952,674954.453,2.293,2.76,1.428,361.0,325.3,507.0,438.6,-2.528,95.102,7.011,4.378,22.342,109.5,8.308605341246288,38.24605194757791,11.09,1.0,2.33,1.0,,0,,5.6313906,26.895,57.702783594835275
23,Jamaica,LatAM,1,2018,0,0,0,tranquil,,0,0,0,1,13.445378467145844,690643.097,2.516,2.293,2.76,346.0,304.3,361.0,325.3,-1.401,88.256,6.988,3.74,23.132,109.8,0.2739726027397138,40.26192404228023,16.64,1.83,2.91,1.0,,0,,4.595669,27.533,59.39999263712976
23,Jamaica,LatAM,1,2019,0,0,0,tranquil,,0,0,0,1,13.462172891970692,702339.997,1.809,2.516,2.293,344.0,315.8,346.0,304.3,-1.78,87.72,6.579,3.91,24.032,100.6,-8.378870673952644,44.90808397918194,15.39,2.16,2.14,1.0,,0,,3.90817,27.484,52.64722094981161
23,Jamaica,LatAM,1,2020,0,0,0,tranquil,,0,0,0,1,13.37433875454374,643282.179,-8.304,1.809,2.516,630.0,443.3,344.0,315.8,-1.041,101.271,3.247,5.21,19.487,98.8,-1.789264413518887,52.3597017235396,29.25,0.38,0.89,0.0,,0,,1.7673118,30.127,63.44366920733373
23,Jamaica,LatAM,1,2021,0,0,0,tranquil,,0,0,0,1,13.428679597687154,679205.898,5.705,-8.304,1.809,317.0,296.0,630.0,443.3,0.934,86.275,6.246,5.882,18.205,107.5,8.805668016194335,50.02269671956155,19.66,0.08,1.45,0.0,,0,,2.0075314,27.563,60.05264416722527
23,Jamaica,LatAM,1,2022,0,0,0,tranquil,,0,0,0,1,13.489946175604535,722119.687,6.439,5.705,-8.304,374.0,288.4,317.0,296.0,-0.727,70.167,5.264,10.347,23.988,113.3,5.395348837209291,46.19045218818676,25.64,1.68,2.95,0.0,,0,,1.6941862,27.121,12.002730999811606
23,Jamaica,LatAM,1,2023,0,0,0,tranquil,,0,0,0,1,13.51590112720115,741107.618,2.746,6.439,5.705,236.0,197.9,374.0,288.4,2.671,66.545,5.191,6.471,24.55,99.4,-12.26831421006177,44.56634599703122,16.85,5.02,3.96,1.0,,0,,2.2989717,27.675,10.352305225133792
23,Jamaica,LatAM,1,2024,0,0,0,tranquil,,0,0,0,1,13.50939823639444,736303.912,-0.535,2.746,6.439,192.0,165.0,236.0,197.9,2.945,62.465,5.368,5.548,20.708,,,45.12887434224669,15.55,5.14,4.21,1.0,,0,,1.3858181,30.06,9.554019401201947
23,Jamaica,LatAM,1,2025,0,0,0,tranquil,,0,0,0,1,13.507659919108765,735025.094,-0.06,-0.535,2.746,206.0,155.1,192.0,165.0,1.21,67.714,1.34,3.883,17.896,,,,18.93,4.21,4.29,1.0,,0,,,33.846,
24,Jordan,,0,1994,0,0,0,tranquil,,0,0,0,1,7.985607562213832,2938.362,5.003,,,,,,,-5.7,112.098,2.775,3.524,48.091,142.4424255993,,64.50129667454615,13.93,4.2,7.09,1.0,,0,,0.04577608,30.635,8.467170036490486
24,Jordan,,0,1995,0,0,0,tranquil,,0,0,0,1,8.00219755187396,2987.516,5.951,5.003,,,,,,-3.464,102.372,2.97,2.353,49.548,145.8272878884,2.376302056679269,68.86251511230832,12.39,5.84,6.57,1.0,,0,,0.1978134,32.068,4.169279063355039
24,Jordan,,0,1996,0,0,0,tranquil,,0,0,0,1,7.987947284476031,2945.245,1.913,5.951,5.003,,,,,-2.847,101.212,1.265,6.501,50.025,143.2635439012,-1.758068756762465,69.36318104080136,16.44,5.3,6.44,1.0,,0,,0.22395961,32.564,-0.9593818714879061
24,Jordan,,0,1997,0,0,0,tranquil,,0,0,0,1,7.997912591530024,2974.742,3.741,1.913,5.951,,,,,0.359,94.681,1.129,3.038,46.181,142.3542804607,-0.6346788692642158,69.99102641465362,22.36,5.46,6.35,1.0,,0,,4.981216,30.672,-4.357931209000837
24,Jordan,,0,1998,0,0,0,tranquil,,0,0,0,1,8.006344234044686,2999.93,3.206,3.741,1.913,,,,,0.156,96.271,-1.879,3.079,42.356,134.9493604675,-5.2017543618889,69.12631466362437,25.6,5.35,5.26,1.0,,0,,3.9181433,32.258,1.9653463581589363
24,Jordan,,0,1999,0,0,0,tranquil,,0,0,0,1,8.01647663177921,3030.481,3.237,3.206,3.741,,,,,4.357,98.679,2.776,0.598,39.111,135.1295331244,0.1335113084462547,71.38786494297631,24.37,4.97,5.65,1.0,,0,,1.9382863,31.786,1.864406486336812
24,Jordan,,0,2000,0,0,0,tranquil,,0,0,0,1,8.036556915392756,3091.949,4.2,3.237,3.206,,,,,0.285,89.861,2.469,0.674,41.412,126.1208976332,-6.666666629349393,72.08740227049194,23.32,6.24,6.03,0.0,,0,,10.794005,31.223,0.5409005284478303
24,Jordan,,0,2001,0,0,0,tranquil,,0,0,0,1,8.064257787728753,3178.796,4.987,4.2,3.237,,,,,-0.243,85.471,2.415,1.768,40.7,124.8904426702,-0.9756154500093706,75.70839291607085,25.75,3.89,5.02,0.0,,0,,3.048505,30.583,3.2130992975784527
24,Jordan,,0,2002,0,0,0,tranquil,,0,0,0,1,8.10652296012786,3316.028,6.584,4.987,4.2,,,,,4.555,85.9,-0.269,1.835,41.78,123.0252249878,-1.4934831221036782,72.73962319693848,27.29,1.67,4.61,1.0,,0,,2.4860172,31.612,6.178834265528407
24,Jordan,,0,2003,0,0,0,tranquil,,0,0,0,1,8.122947212856037,3370.941,3.98,6.584,4.987,,,,,9.678,80.381,1.403,1.627,40.05,111.4663849536,-9.39550408084704,70.80223276661087,21.98,1.13,4.01,1.0,,0,,5.3647265,34.973,8.670148159420089
24,Jordan,,0,2004,0,0,0,tranquil,,0,0,0,1,8.17734080853179,3559.377,8.257,3.98,6.584,,,,,0.301,73.806,2.844,3.365,43.79,107.7183680204,-3.362463880711819,74.69885921220137,15.48,1.35,4.27,1.0,,0,,8.209223,35.148,9.383752116575412
24,Jordan,,0,2005,0,0,0,tranquil,,0,0,0,1,8.235820771176472,3773.736,8.822,8.257,3.98,,,,,-15.66,66.051,0.198,3.491,51.791,111.6,3.603500545853855,88.09189298198442,12.81,3.21,4.29,0.0,,0,,15.763646,36.591,14.911154432195033
24,Jordan,,0,2006,0,0,0,tranquil,,0,0,0,1,8.249962424712159,3827.482,8.515,8.822,8.257,,,,,-9.893,60.026,0.557,6.255,46.65,113.1,1.3440860215053752,91.76859883470408,12.81,4.96,4.8,0.0,,0,,23.53729,33.951,11.324709144388033
24,Jordan,,0,2007,0,0,0,tranquil,,0,0,0,1,8.266932778894082,3892.99,8.373,8.515,8.822,,,,,-14.492,58.168,5.216,4.744,45.264,116.2,2.7409372236958607,91.63205921871524,17.54,5.02,4.63,0.0,,0,,15.324826,32.378,16.095142317806005
24,Jordan,,0,2008,0,0,0,tranquil,,0,0,0,1,8.322381233319842,4114.947,8.304,8.373,8.515,,,,,-8.016,47.912,3.89,13.972,45.409,149.0,28.227194492254725,78.43456367272356,32.69,1.93,3.66,0.0,,0,,12.475307,29.577,23.587414614409834
24,Jordan,,0,2009,0,0,0,tranquil,,0,0,0,1,8.350268098433286,4231.315,5.116,8.304,8.373,,,,,-4.534,51.792,-0.348,-0.742,45.13,156.9,5.3020134228187965,73.3197634332712,31.48,0.16,3.26,0.0,,0,,9.834179,30.692,24.512779668247283
24,Jordan,,0,2010,0,0,0,tranquil,,0,0,0,1,8.354313020207943,4248.465,2.638,5.116,8.304,,,,,-6.24,53.398,1.987,4.848,46.107,108.1,-31.102613129381773,71.25475882404574,22.55,0.18,3.22,0.0,,0,,6.2224755,26.621,22.618893193932355
24,Jordan,Middle East & Central Asia,4,2011,0,0,0,tranquil,,0,0,0,1,8.357513286894092,4262.083,2.907,2.638,5.116,518.0,425.5,,,-9.069,56.143,0.587,4.16,43.749,99.4,-8.048103607770575,71.82594793408055,24.2,0.1,2.78,0.0,,0,,5.0333586,29.35,29.31221845946602
24,Jordan,Middle East & Central Asia,4,2012,0,0,0,tranquil,,0,0,0,1,8.367045654974621,4302.905,2.404,2.907,2.638,530.0,429.8,518.0,425.5,-13.517,64.007,-1.024,4.515,44.095,105.5,6.136820925553321,71.28902891679517,17.8,0.14,1.8,1.0,,0,,4.894807,28.319,37.7413920275145
24,Jordan,Middle East & Central Asia,4,2013,0,0,0,tranquil,,0,0,0,1,8.329095545088956,4142.669,2.723,2.404,2.907,446.0,354.5,530.0,429.8,-9.251,68.761,-5.687,4.828,39.919,98.2,-6.919431279620847,70.52722512409478,14.23,0.11,2.35,1.0,,0,,5.6497717,34.481,36.351086620717034
24,Jordan,Middle East & Central Asia,4,2014,0,0,0,tranquil,,0,0,0,1,8.243843386250719,3804.133,3.323,2.723,2.404,351.0,201.8,446.0,354.5,-6.438,68.189,-3.248,2.896,38.799,94.4,-3.8696537678207688,66.66394155222393,14.18,0.09,2.54,1.0,,0,,5.912049,36.311,32.06197153709093
24,Jordan,Middle East & Central Asia,4,2015,0,0,0,tranquil,,0,0,0,1,8.176558624303695,3556.594,2.523,3.323,2.723,367.0,60.5,351.0,201.8,-8.187,71.381,-1.857,-0.878,37.905,100.0,5.932203389830493,66.71117103170657,16.67,0.13,2.14,1.0,,0,,4.1472025,32.306,31.534712289852195
24,Jordan,Middle East & Central Asia,4,2016,0,0,0,tranquil,,0,0,0,1,8.14909611977681,3460.25,2.112,2.523,3.323,407.0,372.8,367.0,60.5,-8.817,70.704,0.326,-0.777,36.028,90.6,-9.40000000000001,70.95308035614669,15.83,0.4,1.84,1.0,,0,,3.8928514,29.96,28.425910809054177
24,Jordan,Middle East & Central Asia,4,2017,0,0,0,tranquil,,0,0,0,1,8.149013752393671,3459.965,2.508,2.112,2.523,389.0,367.9,407.0,372.8,-9.647,69.132,-0.133,3.325,31.894,92.8,2.428256070640189,74.49296984376426,11.09,1.0,2.33,1.0,,0,,4.8781414,31.697,24.256482813708267
24,Jordan,Middle East & Central Asia,4,2018,0,0,0,tranquil,,0,0,0,1,8.143730693134398,3441.734,1.854,2.508,2.112,486.0,410.2,389.0,367.9,-6.245,67.944,-0.773,4.463,31.688,98.9,6.573275862068972,75.62121457285573,16.64,1.83,2.91,1.0,,0,,2.201777,33.315,25.666068502009843
24,Jordan,Middle East & Central Asia,4,2019,0,0,0,tranquil,,0,0,0,1,8.139548482197837,3427.37,1.856,1.854,2.508,464.0,419.5,486.0,410.2,-2.437,69.376,-1.391,0.758,30.729,95.4,-3.5389282103134523,76.89981395798091,15.39,2.16,2.14,1.0,,0,,1.6397057,32.666,28.819948061264856
24,Jordan,Middle East & Central Asia,4,2020,0,0,0,tranquil,,0,0,0,1,8.11251037723637,3335.942,-1.152,1.856,1.854,762.0,531.6,464.0,419.5,-5.621,77.866,-3.464,0.334,31.379,95.8,0.419287211740027,83.13653179795826,29.25,0.38,0.89,1.0,,0,,1.7397598,33.026,30.913132247304887
24,Jordan,Middle East & Central Asia,4,2021,0,0,0,tranquil,,0,0,0,1,8.131000864378176,3398.199,3.752,-1.152,1.856,479.0,416.0,762.0,531.6,-7.271,79.899,-2.338,1.347,32.259,99.4,3.757828810020891,81.96296220692528,19.66,0.08,1.45,1.0,,0,,1.3431606,33.807,32.22809068812419
24,Jordan,Middle East & Central Asia,4,2022,0,0,0,tranquil,,0,0,0,1,8.141083758124521,3432.636,2.747,3.752,-1.152,630.0,474.6,479.0,416.0,-7.524,80.709,-0.761,4.229,31.242,100.0,0.6036217303822866,84.23330035043342,25.64,1.68,2.95,1.0,,0,,1.9738253,32.826,30.18146418384141
24,Jordan,Middle East & Central Asia,4,2023,0,0,0,tranquil,,0,0,0,1,8.155771858315472,3483.427,3.129,2.747,3.752,427.0,356.3,630.0,474.6,-3.345,81.031,-1.735,2.084,30.159,98.5,-1.500000000000001,81.8151952854052,16.85,5.02,3.96,1.0,,0,,3.9271832,33.898,30.078665839650697
24,Jordan,Middle East & Central Asia,4,2024,0,0,0,tranquil,,0,0,0,1,8.171124091864709,3537.318,2.556,3.129,2.747,389.0,333.2,427.0,356.3,-5.372,82.122,-1.687,1.556,33.855,,,80.15705125556131,15.55,5.14,4.21,1.0,,0,,3.063876,34.576,29.742644441176303
24,Jordan,Middle East & Central Asia,4,2025,0,0,0,tranquil,,0,0,0,1,8.200389024019065,3642.367,2.683,2.556,3.129,384.0,292.1,389.0,333.2,-5.557,82.847,-0.729,1.767,32.966,,,,18.93,4.21,4.29,1.0,,0,,,33.713,
25,Kazakhstan,,0,1994,0,0,0,tranquil,,0,0,0,1,12.551897874095705,282631.123,-12.58,,,,,,,-7.663,,,1401.987,28.704,,,,13.93,4.2,7.09,1.0,,0,,3.1043549,,2.557685477655024
25,Kazakhstan,,0,1995,0,0,0,tranquil,,0,0,0,1,12.474231802512774,261511.046,-8.2,-12.58,,,,,,-1.281,,,176.379,23.319,,,,12.39,5.84,6.57,1.0,,0,,4.732432,,2.417101332097536
25,Kazakhstan,,0,1996,0,0,0,tranquil,,0,0,0,1,12.491749839555643,266132.568,0.5,-8.2,-12.58,,,,,-3.57,,,39.18,16.147,,,,16.44,5.3,6.44,1.0,,0,,5.4051847,,1.5930782114945883
25,Kazakhstan,,0,1997,0,0,0,tranquil,,0,0,0,1,12.527675772092463,275867.449,1.7,0.5,-8.2,,,,,-3.606,,,17.401,15.599,,,,22.36,5.46,6.35,1.0,,0,,5.9614005,,1.3306398228619871
25,Kazakhstan,,0,1998,0,0,0,tranquil,,0,0,0,1,12.52394601190603,274840.446,-1.9,1.7,0.5,,,,,-5.534,,,7.132,15.804,,,,25.6,5.35,5.26,1.0,,0,,5.201659,,2.2133236995148113
25,Kazakhstan,,0,1999,0,0,0,tranquil,,0,0,0,1,12.55418510681874,283278.306,2.7,-1.9,1.7,,,,,-1.014,,,8.323,17.776,,,,24.37,4.97,5.65,1.0,,0,,9.406776,,1.7346776886983963
25,Kazakhstan,,0,2000,0,0,0,tranquil,,0,0,0,1,12.648885075268502,311416.049,9.8,2.7,-1.9,,,,,2.003,,,13.154,18.139,68.4705711072,,,23.32,6.24,6.03,0.0,,0,,7.492466,,1.0127731979317294
25,Kazakhstan,,0,2001,0,0,0,tranquil,,0,0,0,1,12.77721366777858,354057.167,13.499,9.8,2.7,,,,,-6.272,,,8.373,26.876,63.043849235,-7.925626710055811,,25.75,3.89,5.02,0.0,,0,,12.71549,,-5.42937085953648
25,Kazakhstan,,0,2002,0,0,0,tranquil,,0,0,0,1,12.870654342419297,388735.461,9.799,13.499,9.8,,,,,-4.158,17.592,2.208,5.959,27.288,63.7779993942,1.1645071931813744,,27.29,1.67,4.61,0.0,,0,,10.50669,,-6.5535005284069126
25,Kazakhstan,,0,2003,0,0,0,tranquil,,0,0,0,1,12.95621865205771,423461.827,9.3,9.799,13.499,,,,,-0.884,14.962,3.685,6.379,25.704,68.6933814665,7.707018280581268,,21.98,1.13,4.01,0.0,,0,,8.0537,,1.102778714263062
25,Kazakhstan,,0,2004,0,0,0,tranquil,,0,0,0,1,13.040924124348422,460894.352,9.599,9.3,9.799,,,,,0.777,11.392,2.74,6.995,26.311,80.0414443466,16.51987809864064,,15.48,1.35,4.27,0.0,,0,,13.012859,,0.8360753869546058
25,Kazakhstan,,0,2005,0,0,0,tranquil,,0,0,0,1,13.12461600034312,501127.581,9.7,9.599,9.3,,,,,0.628,8.104,5.599,7.412,30.97,103.0,28.68333504076157,,12.81,3.21,4.29,0.0,,0,,4.4571114,,1.0825013687757081
25,Kazakhstan,,0,2006,0,0,0,tranquil,,0,0,0,1,13.215706970197958,548919.44,10.702,9.7,9.599,,,,,-1.016,6.677,7.195,8.612,33.901,120.1,16.601941747572813,,12.81,4.96,4.8,0.0,,0,,9.396056,,-1.2346089658990633
25,Kazakhstan,APAC,2,2007,0,0,0,tranquil,,0,0,0,1,13.28952823285526,590974.55,8.9,10.702,9.7,394.0,278.1,,,-4.547,4.092,4.183,10.795,35.527,126.4,5.245628642797673,,17.54,5.02,4.63,0.0,,0,,11.41903,,-1.0432009534502265
25,Kazakhstan,APAC,2,2008,1,1,0,onset,Kazakhstan_ep,1,1,1,1,13.309811767831937,603083.999,3.3,8.9,10.702,1303.0,682.8,394.0,278.1,0.965,6.766,1.54,17.156,27.506,142.7,12.895569620253156,,32.69,1.93,3.66,0.0,10.0,1,,12.603929,,1.3885251229487905
25,Kazakhstan,APAC,2,2009,0,0,1,continuation,Kazakhstan_ep,1,0,1,1,13.295373962994502,594439.345,1.2,3.3,8.9,1371.0,774.0,1303.0,682.8,-0.117,10.227,-1.417,7.302,29.415,112.7,-21.02312543798177,,31.48,0.16,3.26,0.0,,0,,12.380584,,-0.42530998715466045
25,Kazakhstan,APAC,2,2010,0,0,0,tranquil,,0,0,0,1,13.351705724424647,628886.28,7.3,1.2,3.3,457.0,360.2,1371.0,774.0,1.809,10.683,1.816,7.102,25.374,134.7,19.52085181898846,,22.55,0.18,3.22,0.0,,0,,5.0363064,,0.07873088269574358
25,Kazakhstan,APAC,2,2011,0,0,0,tranquil,,0,0,0,1,13.409716857375512,666447.641,7.5,7.3,1.2,522.0,339.3,457.0,360.2,7.303,10.161,5.708,8.38,22.998,157.0,16.555308092056432,,24.2,0.1,2.78,0.0,,0,,7.1435103,,-0.697920634376255
25,Kazakhstan,APAC,2,2012,0,0,0,tranquil,,0,0,0,1,13.44442695753448,689986.256,5.0,7.5,7.3,412.0,298.5,522.0,339.3,1.264,12.125,3.783,5.128,25.23,155.2,-1.146496815286635,,17.8,0.14,1.8,0.0,,0,,6.5616484,,-0.6074156271861024
25,Kazakhstan,APAC,2,2013,0,0,0,tranquil,,0,0,0,1,13.48736734948609,720259.865,5.9,5.0,7.5,336.0,280.2,412.0,298.5,1.913,12.603,4.418,5.82,24.57,154.4,-0.5154639175257603,,14.23,0.11,2.35,0.0,,0,,4.230697,,-1.337272534952759
25,Kazakhstan,APAC,2,2014,0,0,0,tranquil,,0,0,0,1,13.51475234555094,740256.736,4.3,5.9,5.0,408.0,292.1,336.0,280.2,-1.288,14.496,2.014,6.577,25.79,145.5,-5.764248704663211,,14.18,0.09,2.54,0.0,,0,,3.300631,,-1.936791264116575
25,Kazakhstan,APAC,2,2015,0,0,0,tranquil,,0,0,0,1,13.510102657854263,736822.763,1.0,4.3,5.9,503.0,415.5,408.0,292.1,-5.412,21.882,-5.887,6.75,27.908,100.0,-31.27147766323024,37.72910693270054,16.67,0.13,2.14,0.0,,0,,3.567374,,3.6958892280311155
25,Kazakhstan,APAC,2,2016,0,0,0,tranquil,,0,0,0,1,13.50486254493232,732971.827,0.9,1.0,4.3,439.0,335.2,503.0,415.5,-5.073,19.677,-4.279,14.565,27.828,89.1,-10.90000000000001,33.030229820443274,15.83,0.4,1.84,0.0,,0,,12.54662,,5.8411921334507095
25,Kazakhstan,APAC,2,2017,0,0,0,tranquil,,0,0,0,1,13.52952577363707,751274.047,3.9,0.9,1.0,257.0,228.3,439.0,335.2,-2.054,19.869,-5.229,7.458,26.352,101.8,14.253647586980932,29.18759774298957,11.09,1.0,2.33,0.0,,0,,2.8520575,,7.5273062577471945
25,Kazakhstan,APAC,2,2018,0,0,0,tranquil,,0,0,0,1,13.556542979322405,771848.047,4.1,3.9,0.9,256.0,214.3,257.0,228.3,-0.984,20.259,1.786,6.008,25.258,114.9,12.868369351669951,25.932533976381063,16.64,1.83,2.91,0.0,,0,,0.19699542,,6.943586247683925
25,Kazakhstan,APAC,2,2019,0,0,0,tranquil,,0,0,0,1,13.587645259225148,796231.506,4.5,4.1,3.9,225.0,199.1,256.0,214.3,-3.869,19.944,-0.765,5.28,27.628,106.5,-7.310704960835512,24.26647860237112,15.39,2.16,2.14,0.0,,0,,2.0536766,,7.396949592174348
25,Kazakhstan,APAC,2,2020,0,0,0,tranquil,,0,0,0,1,13.548305301178887,765515.928,-2.6,4.5,4.1,411.0,257.8,225.0,199.1,-6.462,26.357,-7.681,6.761,28.807,85.9,-19.34272300469483,25.63523109520224,29.25,0.38,0.89,0.0,,0,,4.212,,10.39146083833943
25,Kazakhstan,APAC,2,2021,0,0,0,tranquil,,0,0,0,1,13.575469304993849,786595.411,4.1,-2.6,4.5,205.0,182.1,411.0,257.8,-1.359,25.1,-4.361,8.002,26.533,120.9,40.74505238649593,26.010222362402057,19.66,0.08,1.45,0.0,,0,,2.3167586,,9.105246210083633
25,Kazakhstan,APAC,2,2022,0,0,0,tranquil,,0,0,0,1,13.57413028006617,785542.845,3.2,4.1,-2.6,369.0,298.7,205.0,182.1,2.854,23.524,0.82,14.986,24.976,144.4,19.437551695616207,25.02189369088656,25.64,1.68,2.95,0.0,,0,,2.2535543,,9.642900429778155
25,Kazakhstan,APAC,2,2023,0,0,0,tranquil,,0,0,0,1,13.610449127763156,814597.274,5.1,3.2,4.1,174.0,121.6,369.0,298.7,-3.558,22.982,-0.56,14.522,28.122,124.6,-13.711911357340725,26.0459503517965,16.85,5.02,3.96,0.0,,0,,2.1854942,,11.137174235032159
25,Kazakhstan,APAC,2,2024,0,0,0,tranquil,,0,0,0,1,13.646343316156411,844367.678,5.0,5.1,3.2,104.0,80.0,174.0,121.6,-2.722,24.377,-2.608,8.676,27.351,,,27.279679577965325,15.55,5.14,4.21,0.0,,0,,0.67894375,,12.075162980454714
25,Kazakhstan,APAC,2,2025,0,0,0,tranquil,,0,0,0,1,13.698239706119368,889344.28,6.485,5.0,5.1,135.0,96.6,104.0,80.0,-3.912,24.561,-2.144,11.379,28.431,,,,18.93,4.21,4.29,0.0,,0,,,,
26,Kenya,,0,1994,0,0,0,tranquil,,0,0,0,1,11.808096641444711,134335.629,2.531,,,,,,,5.807,,1.438,28.814,16.15,107.6849551965,,19.834155886068864,13.93,4.2,7.09,1.0,,0,,0.10397675,18.797,13.496599094417466
26,Kenya,,0,1995,0,0,0,tranquil,,0,0,0,1,11.82223714183749,136248.696,4.287,2.531,,,,,,-1.779,,3.495,1.554,16.658,104.3253066812,-3.1198866259167013,25.81411778087661,12.39,5.84,6.57,0.0,,0,,0.46747458,17.328,13.76642312172531
26,Kenya,,0,1996,0,0,0,tranquil,,0,0,0,1,11.835165850382776,138021.652,4.479,4.287,2.531,,,,,0.364,,2.461,6.814,13.028,108.7077938585,4.200790121511089,21.681626109378225,16.44,5.3,6.44,1.0,,0,,0.90215963,15.219,9.984433318000722
26,Kenya,,0,1997,0,0,0,tranquil,,0,0,0,1,11.812999849556906,134995.922,0.411,4.479,4.287,,,,,0.345,,1.515,11.322,13.482,114.5036076916,5.331553173311709,24.35517783031053,22.36,5.46,6.35,1.0,,0,,0.4734517,15.552,10.138904666129262
26,Kenya,,0,1998,0,0,0,tranquil,,0,0,0,1,11.813190696369292,135021.688,2.983,0.411,4.479,,,,,1.364,38.498,1.934,5.416,13.424,110.3773515377,-3.603603621829554,23.96341678418238,25.6,5.35,5.26,1.0,,0,,0.18836561,15.343,10.269050452723645
26,Kenya,,0,1999,0,0,0,tranquil,,0,0,0,1,11.803083936114094,133663.929,2.199,2.983,0.411,,,,,5.689,38.409,2.84,5.779,15.503,98.4940395856,-10.766078173239348,26.56944193000273,24.37,4.97,5.65,1.0,,0,,0.40286458,13.682,8.79528363440406
26,Kenya,,0,2000,0,0,0,tranquil,,0,0,0,1,11.77905432674848,130490.32,0.347,2.199,2.983,,,,,-1.095,43.122,2.459,9.975,17.094,100.4252952606,1.960784310528308,25.75838276805577,23.32,6.24,6.03,0.0,,0,,0.87289643,14.094,7.546403008821683
26,Kenya,,0,2001,0,0,0,tranquil,,0,0,0,1,11.79131447537037,132099.998,3.979,0.347,2.199,,,,,-1.713,41.276,1.453,5.732,18.317,95.8066341806,-4.59910132005561,25.22268669512292,25.75,3.89,5.02,0.0,,0,,0.040833358,14.94,8.92376363745698
26,Kenya,,0,2002,0,0,0,tranquil,,0,0,0,1,11.770057256202586,129321.555,0.481,3.979,0.347,,,,,-0.618,42.01,0.854,1.966,15.396,92.383176658,-3.573299022431609,25.85460183482668,27.29,1.67,4.61,0.0,,0,,0.21006237,15.651,10.259972579041563
26,Kenya,,0,2003,0,0,0,tranquil,,0,0,0,1,11.770592252007871,129390.76,2.949,0.481,3.979,,,,,0.619,43.792,1.155,9.805,15.887,91.5604753761,-0.8905314924876562,25.15567522279025,21.98,1.13,4.01,1.0,,0,,0.54841256,16.014,11.010315601776668
26,Kenya,,0,2004,0,0,0,tranquil,,0,0,0,1,11.788163824573886,131684.452,4.635,2.949,0.481,,,,,-0.578,40.755,1.984,11.795,16.773,91.517647141,-0.0467758985785993,27.28751603272781,15.48,1.35,4.27,1.0,,0,,0.28619426,15.448,8.997300332237595
26,Kenya,,0,2005,0,0,0,tranquil,,0,0,0,1,11.816276227349627,135438.945,5.665,4.635,2.949,,,,,-1.046,37.412,1.467,9.912,16.829,86.8,-5.154904314499675,26.27687547004891,12.81,3.21,4.29,1.0,,0,,0.113202065,16.249,7.874266262230306
26,Kenya,,0,2006,0,0,0,tranquil,,0,0,0,1,11.846890568501008,139649.441,5.854,5.665,4.635,,,,,-1.688,37.066,1.317,6.032,18.315,89.2,2.764976958525356,22.888310996038754,12.81,4.96,4.8,1.0,,0,,0.19621964,17.311,6.659324586317375
26,Kenya,,0,2007,0,0,0,tranquil,,0,0,0,1,11.884742416881572,145036.747,6.851,5.854,5.665,,,,,-2.882,34.195,0.679,4.271,20.045,85.7,-3.923766816143493,23.04496428158565,17.54,5.02,4.63,1.0,,0,,2.281243,18.076,6.005479159448797
26,Kenya,,0,2008,0,0,0,tranquil,,0,0,0,1,11.859436196874844,141412.467,0.232,6.851,5.854,,,,,-4.775,34.254,-0.369,15.114,19.282,85.2,-0.5834305717619559,25.38061174905404,32.69,1.93,3.66,0.0,,0,,0.26629132,18.916,6.216855974493669
26,Kenya,,0,2009,0,0,0,tranquil,,0,0,0,1,11.86508722479766,142213.855,3.307,0.232,6.851,,,,,-3.856,35.961,-1.574,10.537,19.001,96.9,13.732394366197177,21.874821577017727,31.48,0.16,3.26,0.0,,0,,0.27453423,20.274,6.964296502627268
26,Kenya,,0,2010,0,0,0,tranquil,,0,0,0,1,11.918997302314311,150091.037,8.058,3.307,0.232,,,,,-5.22,36.695,-1.984,4.084,21.264,92.8,-4.231166150670807,23.986636546331763,22.55,0.18,3.22,0.0,,0,,0.3921643,21.543,10.057307600428645
26,Kenya,,0,2011,0,0,0,tranquil,,0,0,0,1,11.945891849060528,154182.439,5.121,8.058,3.307,,,,,-8.204,35.687,-1.931,14.022,21.887,90.0,-3.0172413793103425,27.365952845287705,24.2,0.1,2.78,1.0,,0,,3.094711,20.118,7.559359221608632
26,Kenya,,0,2012,0,0,0,tranquil,,0,0,0,1,11.968036555058251,157634.849,4.569,5.121,8.058,,,,,-7.474,37.616,-3.529,9.378,22.192,90.4,0.4444444444444473,26.402234114029355,17.8,0.14,1.8,1.0,,0,,2.4472594,22.098,8.807129067776257
26,Kenya,,0,2013,0,0,0,tranquil,,0,0,0,1,11.980860474847493,159669.363,3.798,4.569,5.121,,,,,-7.847,39.756,-3.226,5.717,22.414,88.7,-1.880530973451333,28.33217220434715,14.23,0.11,2.35,1.0,,0,,1.8141704,23.23,8.433394965982442
26,Kenya,Sub-Saharan Africa,5,2014,0,0,0,tranquil,,0,0,0,1,12.00597476597766,163730.124,5.02,3.798,4.569,377.4,360.3,,,-9.325,41.281,-3.426,6.878,24.955,87.6,-1.2401352874859215,34.5220651778387,14.18,0.09,2.54,1.0,,0,,1.2022084,23.425,12.04146936767676
26,Kenya,Sub-Saharan Africa,5,2015,0,0,0,tranquil,,0,0,0,1,12.033453176898533,168291.551,4.968,5.02,3.798,653.5,498.6,377.4,360.3,-5.076,45.832,-4.215,6.582,22.103,100.0,14.155251141552515,36.69932935083969,16.67,0.13,2.14,1.0,,0,,0.8837999,23.827,12.09758457823473
26,Kenya,Sub-Saharan Africa,5,2016,0,0,0,tranquil,,0,0,0,1,12.051892708608264,171423.556,4.214,4.968,5.02,681.0,587.7,653.5,498.6,-4.127,50.399,-4.645,6.318,19.348,97.4,-2.599999999999991,35.57107321343969,15.83,0.4,1.84,1.0,,0,,0.62759125,25.344,13.241046972025428
26,Kenya,Sub-Saharan Africa,5,2017,0,0,0,tranquil,,0,0,0,1,12.06481048739388,173652.332,3.816,4.214,4.968,478.9,406.2,681.0,587.7,-5.578,53.866,-4.17,7.985,20.663,100.7,3.388090349075968,33.15059930311057,11.09,1.0,2.33,1.0,,0,,1.640837,25.169,14.707071853266122
26,Kenya,Sub-Saharan Africa,5,2018,0,0,0,tranquil,,0,0,0,1,12.098181513896382,179545.065,5.671,3.816,4.214,622.4,458.0,478.9,406.2,-3.981,56.449,-3.435,4.69,19.376,95.8,-4.865938430983119,31.19868976730012,16.64,1.83,2.91,1.0,,0,,0.83268625,24.452,15.285111090386023
26,Kenya,Sub-Saharan Africa,5,2019,0,0,0,tranquil,,0,0,0,1,12.122525011940228,183969.454,5.114,5.671,3.816,552.6,488.5,622.4,458.0,-2.239,59.085,-3.785,5.24,19.342,94.2,-1.670146137787054,30.83202877015968,15.39,2.16,2.14,0.0,,0,,0.46816856,24.4,15.583216615874814
26,Kenya,Sub-Saharan Africa,5,2020,0,0,0,tranquil,,0,0,0,1,12.094950312437051,178965.855,-0.273,5.114,5.671,845.7,647.5,552.6,488.5,-3.66,67.959,-4.205,5.29,19.652,98.4,4.458598726114649,32.14980742089351,29.25,0.38,0.89,0.0,,0,,-0.0053684544,24.798,20.40837401893942
26,Kenya,Sub-Saharan Africa,5,2021,0,0,0,tranquil,,0,0,0,1,12.148844501023804,188875.718,7.59,-0.273,5.114,547.6,477.6,845.7,647.5,-5.129,68.232,-3.105,6.109,20.391,91.7,-6.808943089430897,31.123124019926745,19.66,0.08,1.45,1.0,,0,,0.382594,24.015,22.463657658435164
26,Kenya,Sub-Saharan Africa,5,2022,1,1,0,onset,Kenya_ep,1,0,1,1,12.178504954610192,194561.766,4.86,7.59,-0.273,1107.5,796.3,547.6,477.6,-5.04,67.8,-1.637,7.648,19.054,86.5,-5.670665212649951,31.25841639155495,25.64,1.68,2.95,1.0,6.0,0,,0.691646,23.115,22.48505507335251
26,Kenya,Sub-Saharan Africa,5,2023,0,0,0,tranquil,,0,0,0,1,12.216529966653932,202102.438,5.72,4.86,7.59,982.2,714.7,1107.5,796.3,-3.606,73.405,-0.829,7.675,16.571,91.9,6.242774566473996,31.798084869651333,16.85,5.02,3.96,1.0,,0,,0.47252125,22.604,22.403054096476854
26,Kenya,Sub-Saharan Africa,5,2024,0,0,0,tranquil,,0,0,0,1,12.245292877914109,207999.9,4.725,5.72,4.86,655.1,553.9,982.2,714.7,-2.275,67.338,-0.491,4.496,16.777,,,,15.55,5.14,4.21,1.0,,0,,0.38511002,23.249,
26,Kenya,Sub-Saharan Africa,5,2025,0,0,0,tranquil,,0,0,0,1,12.275733232712042,214428.844,4.88,4.725,5.72,709.7,525.8,655.1,553.9,-2.687,69.334,-1.057,4.068,17.717,,,,18.93,4.21,4.29,0.0,,0,,,24.003,
27,Lebanon,,0,1994,0,0,0,tranquil,,0,0,0,1,16.014115429922096,9012431.229,8.03,,,,,,,-6.249,,-19.26,8.235,,,,48.81639586342072,13.93,4.2,7.09,0.0,,0,,0.23502137,47.31,26.670412366397233
27,Lebanon,,0,1995,0,0,0,tranquil,,0,0,0,1,16.05880128424136,9424293.085,6.493,8.03,,,,,,-9.764,,-3.099,10.282,,,,54.944632552265446,12.39,5.84,6.57,0.0,,0,,0.2986655,31.1,27.917766841623248
27,Lebanon,,0,1996,0,0,0,tranquil,,0,0,0,1,16.079723744083044,9623549.679,4.038,6.493,8.03,,,,,-10.266,,-12.52,8.879,,,,60.54853597839921,16.44,5.3,6.44,0.0,,0,,0.5843589,43.582,38.36458717314802
27,Lebanon,,0,1997,0,0,0,tranquil,,0,0,0,1,16.15875056668969,10414926.408,10.19,4.038,6.493,,,,,-32.419,,-9.99,7.748,,,,66.14,22.36,5.46,6.35,0.0,,0,,11.424677,40.545,50.239270963021035
27,Lebanon,Middle East & Central Asia,4,1998,0,0,0,tranquil,,0,0,0,1,16.17981597081953,10636648.172,3.9,10.19,4.038,276.0,254.3,,,-29.917,,-4.31,4.549,,,,73.89131515545527,25.6,5.35,5.26,0.0,,0,Active default from March 2020.,6.5802245,34.683,60.85569101215076
27,Lebanon,Middle East & Central Asia,4,1999,0,0,0,tranquil,,0,0,0,1,16.154880405437307,10374696.861,-0.8,3.9,10.19,269.0,235.1,276.0,254.3,-19.38,,-2.719,0.241,,,,82.26747511726347,24.37,4.97,5.65,0.0,,0,Active default from March 2020.,5.012212,35.564,68.57419571647675
27,Lebanon,Middle East & Central Asia,4,2000,0,0,0,tranquil,,0,0,0,1,16.149340032007572,10317376.102,1.1,-0.8,3.9,338.0,213.2,269.0,235.1,-17.602,148.076,-7.584,-0.356,,96.8436038272,,87.90161414296695,23.32,6.24,6.03,0.0,,0,Active default from March 2020.,5.755817,42.845,87.24444789558032
27,Lebanon,Middle East & Central Asia,4,2001,0,0,0,tranquil,,0,0,0,1,16.171855768329653,10552314.401,3.9,1.1,-0.8,718.0,523.3,338.0,213.2,-19.689,163.082,-4.551,-0.367,,99.2361692204,2.4705455999645576,86.02285112940203,25.75,3.89,5.02,0.0,,0,Active default from March 2020.,8.23755,38.926,105.1428136565043
27,Lebanon,Middle East & Central Asia,4,2002,1,1,0,onset,Lebanon_ep,1,0,1,1,16.192282920596483,10770084.776,3.4,3.9,1.1,1052.0,919.7,718.0,523.3,-24.038,163.117,0.406,1.759,,101.4328000533,2.213538521445102,82.57456705458576,27.29,1.67,4.61,0.0,4.0,0,Active default from March 2020.,6.975529,36.781,95.04779072882758
27,Lebanon,Middle East & Central Asia,4,2003,0,0,0,tranquil,,0,0,0,1,16.19614936879466,10811807.358,1.7,3.4,3.9,613.0,495.2,1052.0,919.7,-25.427,171.308,2.625,1.268,,99.2439397575,-2.157941311538092,78.64287035507844,21.98,1.13,4.01,0.0,,0,Active default from March 2020.,14.241059,36.424,99.26204829903847
27,Lebanon,Middle East & Central Asia,4,2004,0,0,0,tranquil,,0,0,0,1,16.25305275639616,11444876.91,7.5,1.7,3.4,424.0,359.6,613.0,495.2,-19.748,169.547,2.463,1.672,,96.950727089,-2.3106828226523546,78.12568719562056,15.48,1.35,4.27,0.0,,0,Active default from March 2020.,8.973516,33.299,104.82487253798836
27,Lebanon,Middle East & Central Asia,4,2005,0,0,0,tranquil,,0,0,0,1,16.262602986558623,11554701.71,2.466,7.5,1.7,400.0,322.5,424.0,359.6,-12.681,178.926,1.95,-1.426,,88.4,-8.819662673752305,69.66952644632138,12.81,3.21,4.29,0.0,,0,Active default from March 2020.,12.20385,31.423,109.92708921801739
27,Lebanon,Middle East & Central Asia,4,2006,0,0,0,tranquil,,0,0,0,1,16.261564022292415,11542703.022,1.549,2.466,7.5,409.0,279.6,400.0,322.5,-5.218,183.291,2.624,4.092,,95.2,7.692307692307687,71.8110942239205,12.81,4.96,4.8,0.0,,0,Active default from March 2020.,12.144438,36.133,122.11274674477055
27,Lebanon,Middle East & Central Asia,4,2007,0,0,0,tranquil,,0,0,0,1,16.33174485453606,12381882.266,9.31,1.549,2.466,534.0,426.2,409.0,279.6,-6.444,169.301,1.712,4.058,,97.1,1.995798319327724,74.10642012492406,17.54,5.02,4.63,0.0,,0,Active default from March 2020.,13.597827,35.194,109.2041517514017
27,Lebanon,Middle East & Central Asia,4,2008,0,0,0,tranquil,,0,0,0,1,16.402470444161327,13289309.117,9.069,9.31,1.549,827.0,584.8,534.0,426.2,-14.743,161.487,1.486,10.698,,95.1,-2.059732234809475,76.27527271116094,32.69,1.93,3.66,0.0,,0,Active default from March 2020.,14.880518,34.325,97.50338891435355
27,Lebanon,Middle East & Central Asia,4,2009,0,0,0,tranquil,,0,0,0,1,16.486974822133206,14461128.61,10.232,9.069,9.31,637.0,467.8,827.0,584.8,-19.884,144.499,2.769,1.215,,99.4,4.521556256572046,72.04469361329771,31.48,0.16,3.26,0.0,,0,Active default from March 2020.,13.569659,32.086,88.91225238925253
27,Lebanon,Middle East & Central Asia,4,2010,0,0,0,tranquil,,0,0,0,1,16.554736311849958,15474998.999,7.976,10.232,9.069,358.0,314.1,637.0,467.8,-18.146,136.829,2.722,3.962,,97.6,-1.8108651911468927,82.52848001255502,22.55,0.18,3.22,0.0,,0,Active default from March 2020.,11.132793,29.151,84.26377355767575
27,Lebanon,Middle East & Central Asia,4,2011,0,0,0,tranquil,,0,0,0,1,16.553553989454727,15456713.373,0.867,7.976,10.232,387.0,348.2,358.0,314.1,-13.834,134.386,3.467,4.986,,95.5,-2.1516393442622905,89.98785656918203,24.2,0.1,2.78,0.0,,0,Active default from March 2020.,7.85694,28.821,84.44717006947609
27,Lebanon,Middle East & Central Asia,4,2012,0,0,0,tranquil,,0,0,0,1,16.55490969430937,15477682.325,2.781,0.867,7.976,477.0,414.1,387.0,348.2,-23.439,131.057,-0.198,6.573,,95.1,-0.4188481675392763,89.95533027246962,17.8,0.14,1.8,0.0,,0,Active default from March 2020.,7.0684714,30.231,82.15771893976822
27,Lebanon,Middle East & Central Asia,4,2013,0,0,0,tranquil,,0,0,0,1,16.499843041536458,14648420.055,3.79,2.781,0.867,448.0,415.2,477.0,414.1,-25.518,135.437,-0.73,4.804,,92.0,-3.259726603575175,93.31729293029424,14.23,0.11,2.35,0.0,,0,Active default from March 2020.,5.6763678,28.922,84.17458752573489
27,Lebanon,Middle East & Central Asia,4,2014,0,0,0,tranquil,,0,0,0,1,16.424321254774632,13582887.071,2.449,3.79,2.781,401.0,362.6,448.0,415.2,-26.245,138.479,2.493,1.855,,92.6,0.6521739130434634,98.22554758479674,14.18,0.09,2.54,0.0,,0,Active default from March 2020.,5.9517555,28.85,87.09917479319817
27,Lebanon,Middle East & Central Asia,4,2015,0,0,0,tranquil,,0,0,0,1,16.409562555089867,13383893.376,0.492,2.449,3.79,464.0,409.8,401.0,362.6,-17.12,140.944,1.448,-3.749,,100.0,7.991360691144722,100.56612386642888,16.67,0.13,2.14,0.0,,0,Active default from March 2020.,4.324692,26.679,93.81820061923786
27,Lebanon,Middle East & Central Asia,4,2016,0,0,0,tranquil,,0,0,0,1,16.44788239891926,13906715.333,1.628,0.492,2.449,527.0,492.6,464.0,409.8,-20.692,147.942,0.439,-0.783,,105.4,5.400000000000005,103.99934817729586,15.83,0.4,1.84,0.0,,0,Active default from March 2020.,5.0217404,28.579,99.24362424358868
27,Lebanon,Middle East & Central Asia,4,2017,0,0,0,tranquil,,0,0,0,1,16.479931762767,14359635.852,0.793,1.628,0.492,506.0,436.6,527.0,492.6,-22.946,150.405,0.759,4.441,,102.8,-2.4667931688804656,106.5677250620942,11.09,1.0,2.33,0.0,,0,Active default from March 2020.,4.756779,30.657,93.81900942306184
27,Lebanon,Middle East & Central Asia,4,2018,0,0,0,tranquil,,0,0,0,1,16.48716513792154,14463881.053,-1.886,0.793,1.628,797.0,626.3,506.0,436.6,-24.176,153.987,-1.435,6.068,,99.4,-3.3073929961089377,,16.64,1.83,2.91,0.0,,0,Active default from March 2020.,4.841403,32.098,37.05531637755159
27,Lebanon,Middle East & Central Asia,4,2019,1,1,0,onset,Lebanon_ep,1,1,1,1,16.4472865059015,13898430.887,-6.637,-1.886,0.793,2394.0,1201.5,797.0,626.3,-21.728,171.916,-0.464,2.896,,98.1,-1.307847082494984,,15.39,2.16,2.14,0.0,8.0,1,Active default from March 2020.,3.6941326,31.254,
27,Lebanon,Middle East & Central Asia,4,2020,0,0,1,continuation,Lebanon_ep,1,1,1,1,16.155793048878945,10384169.582,-26.823,-6.637,-1.886,15149.0,8408.3,2394.0,1201.5,-11.76,157.203,-4.607,84.869,,112.2,14.3730886850153,,29.25,0.38,0.89,0.0,,0,Active default from March 2020.,5.06713,24.522,
27,Lebanon,Middle East & Central Asia,4,2021,0,0,1,continuation,Lebanon_ep,1,1,1,1,16.188905912830464,10733775.459,2.084,-26.823,-6.637,21600.0,17244.7,15149.0,8408.3,-22.203,345.523,-1.546,154.759,,101.4,-9.625668449197857,,19.66,0.08,1.45,0.0,,0,Active default from March 2020.,2.5929008,10.526,
27,Lebanon,Middle East & Central Asia,4,2022,0,0,1,continuation,Lebanon_ep,1,1,1,1,16.21742518650104,11044301.886,1.0,2.084,-26.823,42052.0,31165.7,21600.0,17244.7,-28.925,235.895,-6.984,171.195,,89.0,-12.228796844181469,,25.64,1.68,2.95,0.0,,0,Active default from March 2020.,2.5096617,12.912,
27,Lebanon,Middle East & Central Asia,4,2023,0,0,1,continuation,Lebanon_ep,1,1,1,1,16.23545059641939,11245185.016,-0.7,1.0,2.084,47746.0,40675.2,42052.0,31165.7,-23.97,185.822,-1.029,221.343,,95.9,7.752808988764048,,16.85,5.02,3.96,0.0,,0,Active default from March 2020.,3.2643547,14.346,
27,Lebanon,Middle East & Central Asia,4,2024,0,0,1,continuation,Lebanon_ep,1,1,1,1,16.157489054968906,10401796.14,-7.5,-0.7,1.0,60573.0,38402.8,47746.0,40675.2,-18.965,157.852,1.038,45.243,,,,,15.55,5.14,4.21,0.0,,0,Active default from March 2020.,,15.314,
27,Lebanon,Middle East & Central Asia,4,2025,0,0,1,continuation,Lebanon_ep,1,0,1,1,16.196709768066725,10817867.985,4.0,-7.5,-0.7,19669.0,16458.5,60573.0,38402.8,-22.475,139.398,3.908,14.598,,,,,18.93,4.21,4.29,0.0,,0,Active default from March 2020.,,15.495,
28,Malaysia,,0,1994,0,0,0,tranquil,,0,0,0,0,9.943606612055454,20818.694,9.211,,,,,,,-5.57,43.723,6.755,3.687,41.386,101.5735572788,,109.21718399066822,13.93,4.2,7.09,0.0,,0,,5.829614,23.27,1.609732887890679
28,Malaysia,,0,1995,0,0,0,tranquil,,0,0,0,0,10.010906039118376,22268.002,9.83,9.211,,,,,,-8.947,38.166,5.298,3.468,43.523,100.0634138365,-1.486748601464194,124.41415362763122,12.39,5.84,6.57,0.0,,0,,4.7102456,22.598,0.716581337960112
28,Malaysia,APAC,2,1996,0,0,0,tranquil,,0,0,0,0,10.080422209336058,23871.062,10.002,9.83,9.211,67.0,59.3,,,-4.062,32.769,5.152,3.479,41.964,103.3101089382,3.2446375525474025,141.6337391420869,16.44,5.3,6.44,0.0,,0,,5.0353427,22.391,-4.714541327069506
28,Malaysia,APAC,2,1997,0,0,0,tranquil,,0,0,0,0,10.125701832211162,24976.779,7.327,10.002,9.83,197.0,89.2,67.0,59.3,-5.439,29.62,6.407,2.655,43.377,102.5228428738,-0.7620416554501408,158.3850475806881,22.36,5.46,6.35,0.0,,0,,5.136241,21.155,-3.604118933976827
28,Malaysia,APAC,2,1998,1,0,0,onset,Malaysia_ep,1,1,1,0,10.023678132175744,22554.235,-7.359,7.327,10.002,1055.0,511.2,197.0,89.2,12.117,33.636,1.055,5.293,29.539,98.6373132568,-3.7899159914857927,158.5053787701726,25.6,5.35,5.26,0.0,9.0,1,,2.9977508,23.114,-8.233543681573773
28,Malaysia,APAC,2,1999,0,0,0,tranquil,,0,0,0,0,10.05771865770061,23335.21,6.131,-7.359,7.327,469.0,306.8,1055.0,511.2,14.621,34.363,-1.456,2.731,25.658,96.8876908628,-1.7737936448500968,149.15298107486268,24.37,4.97,5.65,0.0,,0,,4.921467,24.643,-9.300255349709406
28,Malaysia,APAC,2,2000,0,0,0,tranquil,,0,0,0,0,10.115638303814938,24726.685,8.671,6.131,-7.359,252.0,219.4,469.0,306.8,8.309,32.518,-4.555,1.551,29.397,92.1844049129,-4.85436891726544,134.99985392577463,23.32,6.24,6.03,0.0,,0,,4.038429,25.632,-5.477952082064865
28,Malaysia,APAC,2,2001,0,0,0,tranquil,,0,0,0,0,10.094402001127778,24207.118,0.518,8.671,6.131,278.0,240.2,252.0,219.4,7.211,38.065,-2.924,1.427,26.838,92.0582345885,-0.1368673199324988,129.1013755782392,25.75,3.89,5.02,0.0,,0,,0.5970293,28.223,-2.9572821977485897
28,Malaysia,APAC,2,2002,0,0,0,tranquil,,0,0,0,0,10.122192949798368,24889.292,5.391,0.518,8.671,212.0,188.6,278.0,240.2,6.546,39.532,-2.353,1.793,27.24,92.1916658176,0.1449421984860199,121.8273449344046,27.29,1.67,4.61,0.0,,0,,3.1661243,27.144,-0.8462045309136172
28,Malaysia,APAC,2,2003,0,0,0,tranquil,,0,0,0,0,10.15477169702515,25713.507,5.789,5.391,0.518,200.0,147.3,212.0,188.6,11.149,41.393,-4.499,1.074,25.532,93.5246972064,1.4459348108942782,118.97414888010334,21.98,1.13,4.01,0.0,,0,,2.920942,28.069,0.4819528675689939
28,Malaysia,APAC,2,2004,0,0,0,tranquil,,0,0,0,0,10.197552386756191,26837.418,6.783,5.789,5.391,131.0,110.8,200.0,147.3,11.099,41.96,-2.919,1.42,25.85,93.202045152,-0.3449912846955838,111.93760514821072,15.48,1.35,4.27,0.0,,0,,3.5078726,25.884,-1.4602315740072735
28,Malaysia,APAC,2,2005,0,0,0,tranquil,,0,0,0,0,10.224280545447083,27564.405,4.976,6.783,5.789,93.0,83.9,131.0,110.8,13.764,40.778,-1.44,3.039,23.122,94.2,1.0707435082271788,106.52443190737851,12.81,3.21,4.29,0.0,,0,,2.7343874,24.538,-2.316269946922061
28,Malaysia,APAC,2,2006,0,0,0,tranquil,,0,0,0,0,10.265316989222896,28719.08,5.584,4.976,6.783,97.0,83.3,93.0,83.9,15.362,39.662,-1.643,3.621,23.425,100.9,7.112526539278141,103.66383037431636,12.81,4.96,4.8,0.0,,0,,4.7271647,25.574,-0.47544060783466047
28,Malaysia,APAC,2,2007,0,0,0,tranquil,,0,0,0,0,10.31644604829016,30225.646,6.299,5.584,4.976,119.0,88.8,97.0,83.3,14.663,39.348,-1.873,2.027,23.966,104.7,3.7661050545094055,101.5800751601482,17.54,5.02,4.63,0.0,,0,,4.686846,25.889,-1.9251547752712899
28,Malaysia,APAC,2,2008,0,0,0,tranquil,,0,0,0,0,10.345354468517296,31112.174,4.832,6.299,5.584,451.0,212.7,119.0,88.8,16.295,39.361,-2.043,5.429,22.265,112.2,7.163323782234965,96.74825350652056,32.69,1.93,3.66,0.0,,0,,3.2808194,26.92,2.498098399748555
28,Malaysia,APAC,2,2009,0,0,0,tranquil,,0,0,0,0,10.312787631069376,30115.27,-1.514,4.832,6.299,351.0,225.2,451.0,212.7,14.829,50.408,-4.892,0.597,18.407,98.4,-12.299465240641704,111.60688998793728,31.48,0.16,3.26,0.0,,0,,0.056692317,30.889,6.930799883105587
28,Malaysia,APAC,2,2010,0,0,0,tranquil,,0,0,0,0,10.367489394534966,31808.518,7.528,-1.514,4.832,171.0,142.2,351.0,225.2,9.941,51.212,-3.047,1.72,23.657,100.3,1.930894308943088,107.12275257388544,22.55,0.18,3.22,0.0,,0,,4.2686467,26.604,5.747765603984009
28,Malaysia,APAC,2,2011,0,0,0,tranquil,,0,0,0,0,10.402647445491372,32946.735,5.293,7.528,-1.514,233.0,147.9,171.0,142.2,10.741,51.898,-1.985,3.183,23.456,105.8,5.4835493519441725,108.42593670537866,24.2,0.1,2.78,0.0,,0,,5.0744605,27.088,5.616412208085042
28,Malaysia,APAC,2,2012,0,0,0,tranquil,,0,0,0,0,10.440640617685036,34222.569,5.474,5.293,7.528,195.0,150.8,233.0,147.9,5.094,53.788,-2.325,1.655,25.951,105.5,-0.2835538752362976,114.1245298171319,17.8,0.14,1.8,0.0,,0,,2.8290575,28.505,4.992261448079386
28,Malaysia,APAC,2,2013,0,0,0,tranquil,,0,0,0,0,10.462943041910137,34994.39,4.694,5.474,5.293,163.0,136.8,195.0,150.8,3.435,55.656,-2.14,2.105,26.108,103.3,-2.085308056872037,119.89969391041151,14.23,0.11,2.35,0.0,,0,,3.4943118,27.78,7.100495093107467
28,Malaysia,APAC,2,2014,0,0,0,tranquil,,0,0,0,0,10.5050307443731,36498.657,6.007,4.694,5.474,171.0,115.2,163.0,136.8,4.327,55.373,-0.906,3.143,25.158,103.5,0.1936108422071703,120.578651022847,14.18,0.09,2.54,0.0,,0,,3.1412294,25.957,9.169872521783217
28,Malaysia,APAC,2,2015,0,0,0,tranquil,,0,0,0,0,10.538456422867984,37739.268,5.007,6.007,4.694,309.0,239.0,171.0,115.2,2.987,56.971,-0.933,2.104,25.424,100.0,-3.3816425120772986,123.10362963113975,16.67,0.13,2.14,0.0,,0,,3.270944,24.708,8.921771310218604
28,Malaysia,APAC,2,2016,0,0,0,tranquil,,0,0,0,0,10.56774895207493,38861.097,4.45,5.007,6.007,266.0,218.6,309.0,239.0,2.393,55.787,-0.759,2.076,25.996,96.7,-3.299999999999992,121.97982060196304,15.83,0.4,1.84,0.0,,0,,4.4713097,22.858,10.02611503985107
28,Malaysia,APAC,2,2017,0,0,0,tranquil,,0,0,0,0,10.61202430383313,40620.344,5.813,4.45,5.007,152.0,131.1,266.0,218.6,2.791,54.395,-0.616,3.799,25.547,97.7,1.0341261633919352,117.16756837428224,11.09,1.0,2.33,0.0,,0,,2.9358203,22.043,10.520083765327923
28,Malaysia,APAC,2,2018,0,0,0,tranquil,,0,0,0,0,10.648148850600403,42114.562,4.843,5.813,4.45,166.0,133.1,152.0,131.1,2.231,55.646,-0.758,0.969,23.897,97.4,-0.30706243602866,120.2763118839068,16.64,1.83,2.91,0.0,,0,,2.314587,22.8,11.805939042917915
28,Malaysia,APAC,2,2019,0,0,0,tranquil,,0,0,0,0,10.686999111654586,43782.922,4.413,4.843,5.813,139.0,124.9,166.0,133.1,3.498,57.083,-0.038,0.663,21.048,98.5,1.129363449691989,120.70694629911432,15.39,2.16,2.14,0.0,,0,,2.506977,23.575,11.463396736368775
28,Malaysia,APAC,2,2020,0,0,0,tranquil,,0,0,0,0,10.633224849839518,41490.711,-5.457,4.413,4.843,287.0,170.7,139.0,124.9,4.166,67.693,-3.098,-1.139,19.658,99.0,0.50761421319796,133.8169955207508,29.25,0.38,0.89,0.0,,0,,1.2027546,25.04,15.988308668682427
28,Malaysia,APAC,2,2021,0,0,0,tranquil,,0,0,0,0,10.661872790750913,42696.524,3.315,-5.457,4.413,127.0,114.9,287.0,170.7,3.886,69.162,-3.992,2.477,22.126,104.9,5.959595959595965,127.26089460956749,19.66,0.08,1.45,0.0,,0,,5.4162636,24.451,16.426219883014078
28,Malaysia,APAC,2,2022,0,0,0,tranquil,,0,0,0,0,10.746011306419136,46444.406,9.032,3.315,-5.457,145.0,121.5,127.0,114.9,3.188,65.464,-2.515,3.379,23.586,111.9,6.673021925643474,113.0704705580946,25.64,1.68,2.95,0.0,,0,,3.6848621,24.642,16.25438120962263
28,Malaysia,APAC,2,2023,0,0,0,tranquil,,0,0,0,0,10.768378331703357,47494.934,3.537,9.032,3.315,105.0,94.7,145.0,121.5,1.099,69.712,-2.226,2.489,22.802,111.7,-0.178731009830213,117.09943002932512,16.85,5.02,3.96,0.0,,0,,1.9799006,25.001,18.744840774204018
28,Malaysia,APAC,2,2024,0,0,0,tranquil,,0,0,0,0,10.8061092067815,49321.196,5.105,3.537,9.032,92.0,79.0,105.0,94.7,1.434,69.839,-1.334,1.834,21.954,,,116.10741080739186,15.55,5.14,4.21,0.0,,0,,3.6930954,24.024,18.44025209152572
28,Malaysia,APAC,2,2025,0,0,0,tranquil,,0,0,0,0,10.844891842536992,51271.578,5.171,5.105,3.537,97.0,71.1,92.0,79.0,1.573,70.652,-1.549,1.381,20.461,,,,18.93,4.21,4.29,0.0,,0,,,23.432,
29,Mexico,LatAM,1,1994,0,0,0,tranquil,,0,0,0,0,11.979846096659152,159507.48,4.394,,,863.0,502.1,,,-7.751,,-0.473,6.986,24.337,102.5273185564,,,13.93,4.2,7.09,0.0,,0,,1.9819614,18.937,1.5245704106630853
29,Mexico,LatAM,1,1995,1,0,0,onset,Mexico_ep,1,1,1,0,11.901991385106436,147560.182,-5.91,4.394,,1589.0,1142.2,863.0,502.1,-0.415,,1.59,35.061,19.312,98.8229995381,-3.613006826334053,,12.39,5.84,6.57,1.0,1.0,0,,2.50588,18.854,6.29829047744202
29,Mexico,LatAM,1,1996,0,0,0,tranquil,,0,0,0,0,11.94624437570826,154236.802,6.218,-5.91,4.394,943.0,671.1,1589.0,1142.2,-0.58,42.537,0.173,34.35,19.738,102.7391080931,3.962750142480931,,16.44,5.3,6.44,1.0,,0,,2.1255193,20.805,4.371952643889064
29,Mexico,LatAM,1,1997,0,0,0,tranquil,,0,0,0,0,12.000637692327308,162858.612,7.199,6.218,-5.91,462.0,378.8,943.0,671.1,-1.464,39.12,-0.04,20.597,21.146,103.7463542562,0.9803921620452848,20.312909076308543,22.36,5.46,6.35,1.0,,0,,2.45101,20.737,11.162149115401307
29,Mexico,LatAM,1,1998,0,0,0,tranquil,,0,0,0,0,12.046489572772654,170499.829,6.185,7.199,6.218,935.0,582.6,462.0,378.8,-2.869,39.708,-1.951,15.917,22.804,100.476772182,-3.1515151521621765,17.93177764373418,25.6,5.35,5.26,0.0,,0,,2.2883685,19.478,10.748591377021507
29,Mexico,LatAM,1,1999,0,0,0,tranquil,,0,0,0,0,12.06046706958797,172899.723,2.755,6.185,7.199,784.0,579.8,935.0,582.6,-2.218,41.667,-1.512,16.566,22.243,101.5456740138,1.0638297873102551,15.53853500119386,24.37,4.97,5.65,1.0,,0,,2.2084844,20.137,11.45109360247451
29,Mexico,LatAM,1,2000,0,0,0,tranquil,,0,0,0,0,12.096536005323507,179249.865,5.029,2.755,6.185,434.0,369.7,784.0,579.8,-2.527,38.455,0.327,9.486,22.265,106.8901831724,5.26315789471612,14.347780951842733,23.32,6.24,6.03,1.0,,0,,2.4771922,19.387,11.630231683311928
29,Mexico,LatAM,1,2001,0,0,0,tranquil,,0,0,0,0,12.07832049799426,176014.296,-0.451,5.029,2.755,427.0,365.8,434.0,369.7,-2.197,37.315,1.128,6.366,20.274,103.9466744334,-2.753769010061946,12.24097723337798,25.75,3.89,5.02,0.0,,0,,3.776078,19.547,12.91699994207923
29,Mexico,LatAM,1,2002,0,0,0,tranquil,,0,0,0,0,12.061876032522704,173143.504,-0.237,-0.451,5.029,435.0,321.6,427.0,365.8,-1.529,39.866,0.807,5.037,20.408,106.8468210852,2.7900331276669688,14.178262536602606,27.29,1.67,4.61,0.0,,0,,2.4868574,19.767,14.199725335144281
29,Mexico,LatAM,1,2003,0,0,0,tranquil,,0,0,0,0,12.059852646223458,172793.522,1.186,-0.237,-0.451,329.0,244.2,435.0,321.6,-0.527,42.133,0.612,4.55,20.881,109.5146729113,2.4968939637171284,14.641275462878166,21.98,1.13,4.01,0.0,,0,,2.3718803,21.505,14.642752554677532
29,Mexico,LatAM,1,2004,0,0,0,tranquil,,0,0,0,0,12.081626542108534,176597.17,3.565,1.186,-0.237,218.0,193.8,329.0,244.2,-0.465,38.906,1.366,4.694,22.046,115.8463710598,5.781598008906341,14.105493264158373,15.48,1.35,4.27,0.0,,0,,3.0682104,20.459,13.746800134550224
29,Mexico,LatAM,1,2005,0,0,0,tranquil,,0,0,0,0,12.089286454733818,177955.083,2.113,3.565,1.186,198.0,164.8,218.0,193.8,-0.624,36.841,1.269,3.99,21.522,92.4,-20.239193377664765,15.313590813183254,12.81,3.21,4.29,0.0,,0,,2.7422013,21.156,12.827840699558948
29,Mexico,LatAM,1,2006,0,0,0,tranquil,,0,0,0,0,12.12207853927032,183887.335,4.805,2.113,3.565,157.0,136.1,198.0,164.8,-0.317,35.777,1.363,3.633,22.564,99.9,8.116883116883123,18.351891672796857,12.81,4.96,4.8,0.0,,0,,2.1689303,21.577,12.891165672933996
29,Mexico,LatAM,1,2007,0,0,0,tranquil,,0,0,0,0,12.12743848871628,184875.608,2.078,4.805,2.113,172.0,129.1,157.0,136.1,-0.845,35.529,1.022,3.969,23.072,102.2,2.302302302302306,20.43946980493443,17.54,5.02,4.63,0.0,,0,,2.8139873,22.521,13.289556919119
29,Mexico,LatAM,1,2008,0,0,0,tranquil,,0,0,0,0,12.121092346323078,183706.076,0.943,2.078,4.805,482.0,256.5,172.0,129.1,-1.407,40.605,1.97,5.13,24.121,100.4,-1.7612524461839474,19.75537532216192,32.69,1.93,3.66,0.0,,0,,2.56308,26.502,13.964183810415681
29,Mexico,LatAM,1,2009,0,0,0,tranquil,,0,0,0,0,12.040428673463488,169469.572,-6.295,0.943,2.078,441.0,297.8,482.0,256.5,-0.751,41.667,-0.991,5.296,23.259,106.0,5.577689243027884,21.611922564818205,31.48,0.16,3.26,1.0,,0,,2.0831165,26.517,16.400817625134838
29,Mexico,LatAM,1,2010,0,0,0,tranquil,,0,0,0,0,12.073792349957252,175219.079,4.971,-6.295,0.943,219.0,190.8,441.0,297.8,-0.34,40.155,-1.163,4.155,23.331,105.1,-0.8490566037735903,22.32377502576339,22.55,0.18,3.22,1.0,,0,,2.7622373,26.482,16.503118927629473
29,Mexico,LatAM,1,2011,0,0,0,tranquil,,0,0,0,0,12.093032455404432,178622.953,3.444,4.971,-6.295,267.0,188.1,219.0,190.8,-0.858,41.167,-0.685,3.404,24.252,100.9,-3.9961941008563207,23.584832838734528,24.2,0.1,2.78,1.0,,0,,1.9442261,26.622,15.580719441028087
29,Mexico,LatAM,1,2012,0,0,0,tranquil,,0,0,0,0,12.114179733210651,182440.566,3.553,3.444,4.971,249.0,190.4,267.0,188.1,-1.41,40.815,-0.878,4.111,24.378,100.2,-0.6937561942517378,24.92705638101714,17.8,0.14,1.8,1.0,,0,,1.4525892,27.0,15.207668129885791
29,Mexico,LatAM,1,2013,0,0,0,tranquil,,0,0,0,0,12.109728752127998,181630.331,0.852,3.553,3.444,223.0,194.4,249.0,190.4,-2.394,44.066,-0.912,3.804,22.681,97.7,-2.4950099800399195,27.859059328804,14.23,0.11,2.35,1.0,,0,,3.8367026,26.669,14.831532342451709
29,Mexico,LatAM,1,2014,0,0,0,tranquil,,0,0,0,0,12.12239915160554,183946.301,2.504,0.852,3.553,219.0,183.8,223.0,194.4,-1.821,47.093,-1.684,4.019,22.293,97.7,0.0,28.183682107647368,14.18,0.09,2.54,1.0,,0,,2.0841575,26.949,14.75569176864899
29,Mexico,LatAM,1,2015,0,0,0,tranquil,,0,0,0,0,12.13821895528695,186879.435,2.702,2.504,0.852,315.0,256.1,219.0,183.8,-2.599,50.973,-1.166,2.719,23.736,100.0,2.3541453428863823,30.830497867409708,16.67,0.13,2.14,1.0,,0,,2.9878378,26.557,15.44799500223268
29,Mexico,LatAM,1,2016,0,0,0,tranquil,,0,0,0,0,12.145876878304962,188316.037,1.772,2.702,2.504,362.0,305.9,315.0,256.1,-2.273,55.003,0.341,2.82,24.343,103.2,3.200000000000003,32.95084238661665,15.83,0.4,1.84,1.0,,0,,3.4976802,26.523,15.763875430696157
29,Mexico,LatAM,1,2017,0,0,0,tranquil,,0,0,0,0,12.154840286128154,190011.578,1.872,1.772,2.702,296.0,252.3,362.0,305.9,-1.797,52.521,2.546,6.042,23.892,102.7,-0.4844961240310086,34.3431256723362,11.09,1.0,2.33,1.0,,0,,2.7830749,25.018,15.118729086285331
29,Mexico,LatAM,1,2018,0,0,0,tranquil,,0,0,0,0,12.16464991852295,191884.694,1.972,1.872,1.772,357.0,280.7,296.0,252.3,-2.064,52.202,1.536,4.897,23.477,102.0,-0.6815968841285325,33.61521781376409,16.64,1.83,2.91,1.0,,0,,3.0141785,24.97,15.618745335284862
29,Mexico,LatAM,1,2019,0,0,0,tranquil,,0,0,0,0,12.151080254755875,189298.47,-0.393,1.972,1.872,334.0,317.5,357.0,280.7,-0.297,51.869,2.139,3.635,22.149,105.2,3.137254901960796,35.585186487093274,15.39,2.16,2.14,1.0,,0,,2.2965145,25.263,17.492556568398346
29,Mexico,LatAM,1,2020,0,0,0,tranquil,,0,0,0,0,12.0560637499938,172140.064,-8.354,-0.393,1.972,656.0,480.7,334.0,317.5,2.397,58.456,0.095,3.397,20.237,107.9,2.5665399239543696,36.9325897608776,29.25,0.38,0.89,1.0,,0,,2.8133886,27.783,20.812104844909634
29,Mexico,LatAM,1,2021,0,0,0,tranquil,,0,0,0,0,12.10877287680578,181456.798,6.048,-8.354,-0.393,389.0,357.1,656.0,480.7,-0.341,56.695,0.587,5.691,21.707,103.5,-4.077849860982397,35.05706055050083,19.66,0.08,1.45,1.0,,0,,2.7054758,26.684,21.759228644978865
29,Mexico,LatAM,1,2022,0,0,0,tranquil,,0,0,0,0,12.137647702027303,186772.71,3.71,6.048,-8.354,483.0,407.6,389.0,357.1,-1.274,53.803,0.726,7.896,22.77,98.9,-4.444444444444439,34.24876961106693,25.64,1.68,2.95,1.0,,0,,2.6714141,28.509,21.060815675935725
29,Mexico,LatAM,1,2023,0,0,0,tranquil,,0,0,0,0,12.15924425806786,190850.229,3.107,3.71,6.048,406.0,372.2,483.0,407.6,-0.699,52.753,1.498,5.526,23.305,101.0,2.123356926188058,33.15342009964809,16.85,5.02,3.96,1.0,,0,,1.7073919,28.582,22.04748398083103
29,Mexico,LatAM,1,2024,0,0,0,tranquil,,0,0,0,0,12.164010856740852,191762.107,1.351,3.107,3.71,341.0,317.9,406.0,372.2,-0.912,59.135,0.171,4.723,23.903,,,34.58590401101011,15.55,5.14,4.21,1.0,,0,,2.4492495,30.759,25.3092710363981
29,Mexico,LatAM,1,2025,0,0,0,tranquil,,0,0,0,0,12.161382711416932,191258.79,0.562,1.351,3.107,351.0,274.6,341.0,317.9,-0.447,61.751,1.23,3.823,22.465,,,,18.93,4.21,4.29,1.0,,0,,,29.843,
30,Morocco,,0,1994,0,0,0,tranquil,,0,0,0,1,9.788189545387151,17822.011,11.494,,,,,,,-3.099,69.29,1.949,5.031,21.648,67.7342827018,,,13.93,4.2,7.09,0.0,,0,,1.5473605,21.739,19.907229806544596
30,Morocco,,0,1995,0,0,0,tranquil,,0,0,0,1,9.708000570607918,16448.681,-6.328,11.494,,,,,,-4.418,72.22,2.113,6.287,20.814,75.7150918384,11.782525507408836,,12.39,5.84,6.57,0.0,,0,,0.8577141,21.271,22.25438111332208
30,Morocco,,0,1996,0,0,0,tranquil,,0,0,0,1,9.816247367553764,18329.139,13.46,-6.328,11.494,,,,,-1.4,65.335,5.113,2.817,19.77,77.8199918287,2.7800269922309884,,16.44,5.3,6.44,0.0,,0,,0.828037,17.589,20.320267955100864
30,Morocco,Middle East & Central Asia,4,1997,0,0,0,tranquil,,0,0,0,1,9.780484202216638,17685.214,-2.012,13.46,-6.328,436.0,436.0,,,-1.893,67.956,5.754,1.096,21.009,80.577952813,3.5440263092945568,,22.36,5.46,6.35,0.0,,0,,2.75709,18.598,22.97556090899918
30,Morocco,Middle East & Central Asia,4,1998,1,1,0,onset,Morocco_ep,1,1,1,1,9.842445152837666,18815.667,7.979,-2.012,13.46,1606.0,674.2,436.0,436.0,-2.044,64.52,5.577,2.71,23.513,90.0142267946,11.710739293040984,,25.6,5.35,5.26,0.0,8.0,1,,0.66393125,18.749,19.088751449281325
30,Morocco,Middle East & Central Asia,4,1999,0,0,0,tranquil,,0,0,0,1,9.83356019097788,18649.231,0.529,7.979,-2.012,795.0,649.8,1606.0,674.2,-2.235,63.363,7.187,0.792,21.306,88.314929089,-1.8878101452535545,,24.37,4.97,5.65,0.0,,0,,1.787417,18.432,16.647140138284545
30,Morocco,Middle East & Central Asia,4,2000,0,0,0,tranquil,,0,0,0,1,9.835849994339911,18691.983,1.593,0.529,7.979,584.0,476.0,795.0,649.8,-3.411,64.86,2.216,1.832,21.846,85.0134364501,-3.73831771474662,,23.32,6.24,6.03,0.0,,0,,0.99158186,22.754,18.6463248529393
30,Morocco,Middle East & Central Asia,4,2001,0,0,0,tranquil,,0,0,0,1,9.895843863837314,19847.709,7.552,1.593,0.529,584.0,497.7,584.0,476.0,1.865,60.435,0.095,0.643,23.115,82.359989701,-3.121208669946518,,25.75,3.89,5.02,0.0,,0,,6.4441295,23.702,16.48565893158246
30,Morocco,Middle East & Central Asia,4,2002,0,0,0,tranquil,,0,0,0,1,9.916332551179249,20258.557,3.316,7.552,1.593,545.0,439.8,584.0,497.7,3.231,59.372,-1.013,2.81,22.723,85.8700293704,4.26182626071574,,27.29,1.67,4.61,0.0,,0,,1.0203576,25.814,16.686026299238083
30,Morocco,Middle East & Central Asia,4,2003,0,0,0,tranquil,,0,0,0,1,9.966172873182936,21293.835,6.317,3.316,7.552,372.0,267.6,545.0,439.8,2.825,56.929,-0.586,1.118,24.538,89.6335637454,4.382826467621204,,21.98,1.13,4.01,0.0,,0,,3.9856198,24.1,15.445403464302101
30,Morocco,Middle East & Central Asia,4,2004,0,0,0,tranquil,,0,0,0,1,10.000552509998997,22038.639,4.802,6.317,3.316,191.0,167.1,372.0,267.6,1.495,54.431,-0.295,1.474,26.256,88.9888169126,-0.71931406702892,,15.48,1.35,4.27,0.0,,0,,1.3511865,24.478,13.53948870214813
30,Morocco,Middle East & Central Asia,4,2005,0,0,0,tranquil,,0,0,0,1,10.019153860615647,22452.424,2.978,4.802,6.317,187.0,135.7,191.0,167.1,1.577,54.767,-2.572,1.09,25.363,84.5,-5.04424833179733,,12.81,3.21,4.29,0.0,,0,,2.4263546,28.636,14.280561521433441
30,Morocco,Middle East & Central Asia,4,2006,0,0,0,tranquil,,0,0,0,1,10.081032846123213,23885.643,7.76,2.978,4.802,110.0,84.4,187.0,135.7,1.901,50.642,1.027,3.234,25.957,85.3,0.946745562130169,,12.81,4.96,4.8,0.0,,0,,3.242835,25.979,13.432623924015132
30,Morocco,Middle East & Central Asia,4,2007,0,0,0,tranquil,,0,0,0,1,10.095003874287162,24221.692,2.706,7.76,2.978,72.0,72.0,110.0,84.4,-0.059,47.066,2.617,1.972,31.352,83.6,-1.992966002344665,,17.54,5.02,4.63,0.0,,0,,3.2499933,26.43,13.307634532811921
30,Morocco,Middle East & Central Asia,4,2008,0,0,0,tranquil,,0,0,0,1,10.13994969633008,25335.192,5.923,2.706,7.76,72.0,72.0,72.0,72.0,-4.632,41.991,2.969,3.754,37.226,98.6,17.942583732057415,,32.69,1.93,3.66,0.0,,0,,2.422135,28.255,12.267002557664755
30,Morocco,Middle East & Central Asia,4,2009,0,0,0,tranquil,,0,0,0,1,10.1690061829102,26082.143,4.244,5.923,2.706,72.0,72.0,72.0,72.0,-4.923,42.622,0.524,-0.219,33.057,90.5,-8.215010141987822,,31.48,0.16,3.26,0.0,,0,,1.9478275,28.106,10.772484254018165
30,Morocco,Middle East & Central Asia,4,2010,0,0,0,tranquil,,0,0,0,1,10.194071934210989,26744.174,3.816,4.244,5.923,72.0,72.0,72.0,72.0,-4.042,45.276,-1.866,0.989,32.191,89.2,-1.436464088397782,83.29228907686289,22.55,0.18,3.22,0.0,,0,,1.2299825,28.709,20.755447169722377
30,Morocco,Middle East & Central Asia,4,2011,0,0,0,tranquil,,0,0,0,1,10.23294013752269,27804.138,5.246,3.816,4.244,72.0,72.0,72.0,72.0,-7.279,48.555,-4.02,0.979,34.074,89.2,0.0,86.804176959607,24.2,0.1,2.78,0.0,,0,,2.2904685,31.231,23.668911891583594
30,Morocco,Middle East & Central Asia,4,2012,0,0,0,tranquil,,0,0,0,1,10.250422683111331,28294.499,3.01,5.246,3.816,247.0,86.6,72.0,72.0,-8.789,52.282,-4.372,1.293,32.651,105.3,18.04932735426008,87.76184019330559,17.8,0.14,1.8,1.0,,0,,2.657587,32.541,26.936450323235906
30,Morocco,Middle East & Central Asia,4,2013,0,0,0,tranquil,,0,0,0,1,10.282722333877247,29223.321,4.535,3.01,5.246,356.0,277.8,247.0,86.6,-6.806,57.076,-2.317,1.809,32.919,104.4,-0.8547008547008517,83.5655425605352,14.23,0.11,2.35,1.0,,0,,2.9038627,30.431,29.72126612102735
30,Morocco,Middle East & Central Asia,4,2014,0,0,0,tranquil,,0,0,0,1,10.29508359490274,29586.8,2.669,4.535,3.01,288.0,225.2,356.0,277.8,-5.514,58.564,-2.22,0.522,30.511,103.0,-1.3409961685823757,83.51030761434615,14.18,0.09,2.54,1.0,,0,,2.9592543,30.677,31.314337649665813
30,Morocco,Middle East & Central Asia,4,2015,0,0,0,tranquil,,0,0,0,1,10.32946177034914,30621.626,4.345,2.669,4.535,271.0,231.2,288.0,225.2,-1.961,58.394,-1.983,1.559,29.994,100.0,-2.9126213592233,78.39339799669341,16.67,0.13,2.14,1.0,,0,,2.9461112,28.492,31.96116009273559
30,Morocco,Middle East & Central Asia,4,2016,0,0,0,tranquil,,0,0,0,1,10.324107740095624,30458.115,0.521,4.345,2.669,288.0,235.5,271.0,231.2,-3.75,60.084,-1.968,1.535,31.747,100.4,0.4000000000000003,80.22994967738806,15.83,0.4,1.84,1.0,,0,,1.9300054,28.611,34.4277340502249
30,Morocco,Middle East & Central Asia,4,2017,0,0,0,tranquil,,0,0,0,1,10.36292142443621,31663.549,5.058,0.521,4.345,197.0,173.2,288.0,235.5,-3.163,60.261,-0.876,0.806,31.456,95.5,-4.88047808764941,80.1940481650889,11.09,1.0,2.33,1.0,,0,,2.260922,27.881,36.23031444329483
30,Morocco,Middle East & Central Asia,4,2018,0,0,0,tranquil,,0,0,0,1,10.382614159334045,32293.271,3.066,5.058,0.521,214.0,179.3,197.0,173.2,-4.883,60.458,-1.177,1.6,31.941,92.9,-2.7225130890052296,78.95681017921677,16.64,1.83,2.91,1.0,,0,,2.7833793,27.765,39.98055379165907
30,Morocco,Middle East & Central Asia,4,2019,0,0,0,tranquil,,0,0,0,1,10.400746696355816,32884.171,2.891,3.066,5.058,203.0,182.5,214.0,179.3,-3.421,60.27,-1.426,0.197,30.421,93.5,0.6458557588805203,81.47485954891421,15.39,2.16,2.14,1.0,,0,,1.3347979,27.038,41.092837353434255
30,Morocco,Middle East & Central Asia,4,2020,0,0,0,tranquil,,0,0,0,1,10.316053556171818,30213.785,-7.178,2.891,3.066,393.0,256.6,203.0,182.5,-1.166,72.245,-4.649,0.688,28.62,98.0,4.812834224598928,90.93144497529616,29.25,0.38,0.89,1.0,,0,,1.1690733,34.121,48.82440591695631
30,Morocco,Middle East & Central Asia,4,2021,0,0,0,tranquil,,0,0,0,1,10.38445566405118,32352.794,8.155,-7.178,2.891,269.0,225.4,393.0,256.6,-2.344,69.351,-3.801,1.366,30.513,93.9,-4.18367346938775,86.0589211866219,19.66,0.08,1.45,0.0,,0,,1.5942233,30.083,49.11794378277769
30,Morocco,Middle East & Central Asia,4,2022,0,0,0,tranquil,,0,0,0,1,10.392637067735356,32618.571,1.813,8.155,-7.178,428.0,300.3,269.0,225.4,-3.549,71.372,-3.228,6.641,30.287,88.1,-6.176783812566566,87.53621775554056,25.64,1.68,2.95,0.0,,0,,1.7481432,31.837,49.13086893833461
30,Morocco,Middle East & Central Asia,4,2023,0,0,0,tranquil,,0,0,0,1,10.418987833048927,33489.52,3.656,1.813,8.155,263.0,220.2,428.0,300.3,-1.048,68.705,-2.296,6.137,28.835,90.8,3.0646992054483624,80.50480857948699,16.85,5.02,3.96,1.0,,0,,0.7258641,30.247,44.99569309794847
30,Morocco,Middle East & Central Asia,4,2024,0,0,0,tranquil,,0,0,0,1,10.446863789871696,34436.206,3.793,3.656,1.813,198.0,169.2,263.0,220.2,-1.16,67.735,-1.8,0.935,29.923,,,77.76355338174712,15.55,5.14,4.21,1.0,,0,,1.0204779,30.853,46.41540675645284
30,Morocco,Middle East & Central Asia,4,2025,0,0,0,tranquil,,0,0,0,1,10.485591015261427,35795.985,4.9,3.793,3.656,196.0,145.2,198.0,169.2,-2.079,67.066,-1.115,0.758,27.046,,,,18.93,4.21,4.29,1.0,,0,,,31.277,
31,Namibia,,0,1994,0,0,0,tranquil,,0,0,0,1,10.591625331971114,39800.125,3.005,,,,,,,2.413,16.412,0.273,12.056,18.646,70.4722404278,,,13.93,4.2,7.09,0.0,,0,,2.6722453,28.709,4.601523799030732
31,Namibia,,0,1995,0,0,0,tranquil,,0,0,0,1,10.612400276244657,40635.619,4.115,3.005,,,,,,4.456,17.991,-0.779,11.123,19.266,65.8762247484,-6.521739129478499,,12.39,5.84,6.57,0.0,,0,,3.8460448,29.628,4.661371626246052
31,Namibia,,0,1996,0,0,0,tranquil,,0,0,0,1,10.61587229881424,40776.952,3.196,4.115,3.005,,,,,2.928,18.725,-2.383,8.704,20.684,72.089392895,9.431578950265962,,16.44,5.3,6.44,0.0,,0,,3.2260876,30.432,7.056718411254963
31,Namibia,,0,1997,0,0,0,tranquil,,0,0,0,1,10.631029517279266,41399.725,4.216,3.196,4.115,,,,,2.198,17.717,-0.663,9.679,16.935,73.3138630277,1.6985441041006633,,22.36,5.46,6.35,0.0,,0,,2.1894875,30.921,1.205476697165687
31,Namibia,,0,1998,0,0,0,tranquil,,0,0,0,1,10.637780275269142,41680.15,3.291,4.216,3.196,,,,,4.224,19.574,-0.616,6.617,19.89,76.0868805446,3.7823917638227353,,25.6,5.35,5.26,0.0,,0,,2.4846284,31.262,1.2167300706975366
31,Namibia,,0,1999,0,0,0,tranquil,,0,0,0,1,10.645684244584462,42010.894,3.366,3.291,4.216,,,,,-0.722,21.797,0.223,9.382,23.185,75.1880520115,-1.18131868025938,,24.37,4.97,5.65,0.0,,0,,1.3209839,31.828,2.8128499320721447
31,Namibia,,0,2000,0,0,0,tranquil,,0,0,0,1,10.655529624496912,42426.55,3.497,3.366,3.291,,,,,4.859,20.859,1.025,10.215,19.946,79.744903645,6.060606055870443,,23.32,6.24,6.03,0.0,,0,,5.0060973,30.122,1.036318784886926
31,Namibia,,0,2001,0,0,0,tranquil,,0,0,0,1,10.656642859035616,42473.807,2.393,3.497,3.366,,,,,0.295,24.393,-0.304,10.212,23.529,80.3927814655,0.8124378999617932,,25.75,3.89,5.02,0.0,,0,,10.66348,30.726,1.3719546161388714
31,Namibia,,0,2002,0,0,0,tranquil,,0,0,0,1,10.7020198534512,44445.538,6.68,2.393,3.497,,,,,2.528,22.187,0.593,12.716,19.238,80.5256873522,0.1653206721763167,,27.29,1.67,4.61,0.0,,0,,4.405144,29.841,-0.42742102649615826
31,Namibia,,0,2003,0,0,0,tranquil,,0,0,0,1,10.720315189177647,45266.168,3.477,6.68,2.393,,,,,5.342,27.146,-2.299,7.215,19.9,78.7947801276,-2.149509406892014,,21.98,1.13,4.01,0.0,,0,,1.3216622,31.09,1.3595842312323037
31,Namibia,,0,2004,0,0,0,tranquil,,0,0,0,1,10.771514564644676,47644.123,6.632,3.477,6.68,,,,,6.688,29.179,-0.496,4.137,19.14,80.4058953554,2.044697916779459,,15.48,1.35,4.27,0.0,,0,,3.3825743,28.393,2.041824801184862
31,Namibia,,0,2005,0,0,0,tranquil,,0,0,0,1,10.804658900390832,49249.717,4.67,6.632,3.477,,,,,4.498,26.897,2.011,2.282,19.665,99.0,23.125300156677177,,12.81,3.21,4.29,0.0,,0,,5.378458,27.698,3.0411672276742747
31,Namibia,,0,2006,0,0,0,tranquil,,0,0,0,1,10.830804017009676,50554.337,3.948,4.67,6.632,,,,,14.043,26.136,5.674,4.961,23.33,105.0,6.060606060606055,,12.81,4.96,4.8,0.0,,0,,7.6257763,27.376,0.22406188188429307
31,Namibia,,0,2007,0,0,0,tranquil,,0,0,0,1,10.853617601482766,51720.919,3.646,3.948,4.67,,,,,8.566,19.364,7.735,6.548,24.419,107.5,2.3809523809523725,,17.54,5.02,4.63,0.0,,0,,7.570339,26.08,-3.4235803868581898
31,Namibia,,0,2008,0,0,0,tranquil,,0,0,0,1,10.866130374128227,52372.157,2.65,3.646,3.948,,,,,-0.108,19.097,4.666,9.095,32.297,92.3,-14.139534883720929,,32.69,1.93,3.66,0.0,,0,,8.718353,28.394,-6.537062252523938
31,Namibia,,0,2009,0,0,0,tranquil,,0,0,0,1,10.854734127458784,51778.699,0.296,2.65,3.646,,,,,-3.554,15.851,0.85,9.452,24.695,90.0,-2.4918743228602325,,31.48,0.16,3.26,0.0,,0,,9.274736,31.962,
31,Namibia,,0,2010,0,0,0,tranquil,,0,0,0,1,10.8983074472525,54084.745,6.039,0.296,2.65,,,,,-3.975,16.328,-3.852,4.875,22.872,91.4,1.5555555555555545,,22.55,0.18,3.22,0.0,,0,,2.5152533,33.469,
31,Namibia,Sub-Saharan Africa,5,2011,0,0,0,tranquil,,0,0,0,1,10.932071040470678,55942.018,5.091,6.039,0.296,344.0,340.5,,,-6.903,27.45,-5.92,5.006,18.909,95.9,4.923413566739598,,24.2,0.1,2.78,0.0,,0,,6.4168134,38.472,
31,Namibia,Sub-Saharan Africa,5,2012,0,0,0,tranquil,,0,0,0,1,10.9630481364349,57702.059,5.062,5.091,6.039,374.8,291.8,344.0,340.5,-8.6,24.628,-1.675,6.722,25.624,96.2,0.3128258602711042,,17.8,0.14,1.8,0.0,,0,,7.98613,35.041,
31,Namibia,Sub-Saharan Africa,5,2013,0,0,0,tranquil,,0,0,0,1,10.991626402387286,59374.873,5.615,5.062,5.091,295.7,260.7,374.8,291.8,-8.153,26.113,-3.215,5.601,25.565,91.3,-5.093555093555102,,14.23,0.11,2.35,0.0,,0,,6.4523277,38.308,
31,Namibia,Sub-Saharan Africa,5,2014,0,0,0,tranquil,,0,0,0,1,11.02477704210235,61376.177,6.093,5.615,5.062,335.1,228.8,295.7,260.7,-9.43,27.572,-4.983,5.348,36.021,97.1,6.352683461117192,,14.18,0.09,2.54,0.0,,0,,3.5831668,41.792,
31,Namibia,Sub-Saharan Africa,5,2015,0,0,0,tranquil,,0,0,0,1,11.040271318204296,62334.562,4.264,6.093,5.615,364.6,248.2,335.1,228.8,-13.62,42.09,-6.619,3.396,28.895,100.0,2.986611740473744,65.62596883578905,16.67,0.13,2.14,0.0,,0,,7.4006805,43.674,2.0608717849820466
31,Namibia,Sub-Saharan Africa,5,2016,0,0,0,tranquil,,0,0,0,1,11.013820337063724,60707.367,0.034,4.264,6.093,409.2,328.5,364.6,248.2,-16.502,45.833,-6.846,6.727,21.962,103.7,3.699999999999992,68.57186389701928,15.83,0.4,1.84,0.0,,0,,3.3457043,41.762,10.249977124069497
31,Namibia,Sub-Saharan Africa,5,2017,0,0,0,tranquil,,0,0,0,1,10.97634248364073,58474.292,-1.027,0.034,4.264,270.4,245.5,409.2,328.5,-4.425,43.829,-2.008,6.147,17.708,105.3,1.5429122468659573,65.08508986405414,11.09,1.0,2.33,0.0,,0,,2.1750574,38.093,12.25744063397987
31,Namibia,Sub-Saharan Africa,5,2018,0,0,0,tranquil,,0,0,0,1,10.95933829335478,57488.39,1.06,-1.027,0.034,409.9,294.8,270.4,245.5,-3.553,48.744,-1.867,4.294,14.86,103.5,-1.709401709401703,65.84154868007488,16.64,1.83,2.91,0.0,,0,,1.712998,36.33,13.994535750017581
31,Namibia,Sub-Saharan Africa,5,2019,0,0,0,tranquil,,0,0,0,1,10.923015128673452,55437.699,-0.839,1.06,-1.027,329.6,297.2,409.9,294.8,-1.765,57.568,-1.812,3.721,15.276,102.5,-0.9661835748792312,70.95057935235695,15.39,2.16,2.14,0.0,,0,,-1.4071063,37.415,18.39681823990853
31,Namibia,Sub-Saharan Africa,5,2020,0,0,0,tranquil,,0,0,0,1,10.810442380158426,49535.377,-8.101,-0.839,1.06,782.5,450.6,329.6,297.2,3.913,64.297,-3.945,2.209,14.158,105.9,3.3170731707317103,72.76766771664647,29.25,0.38,0.89,0.0,,0,,-1.4188995,41.477,22.870054883209445
31,Namibia,Sub-Saharan Africa,5,2021,0,0,0,tranquil,,0,0,0,1,10.815760704734132,49799.524,3.604,-8.101,-0.839,320.0,271.6,782.5,450.6,-10.786,69.604,-4.427,3.62,17.503,99.8,-5.760151085930132,68.84732486968109,19.66,0.08,1.45,0.0,,0,,6.775149,39.262,30.447117085128873
31,Namibia,Sub-Saharan Africa,5,2022,0,0,0,tranquil,,0,0,0,1,10.83934780610809,50988.113,5.399,3.604,-8.101,663.4,398.3,320.0,271.6,-12.59,70.053,-1.909,6.077,20.107,99.9,0.1002004008016088,61.39684174696125,25.64,1.68,2.95,0.0,,0,,8.401669,36.558,26.213485179393103
31,Namibia,Sub-Saharan Africa,5,2023,0,0,0,tranquil,,0,0,0,1,10.856255815400525,51857.55,4.443,5.399,3.604,338.2,252.8,663.4,398.3,-15.158,67.86,1.765,5.88,28.026,104.5,4.60460460460459,56.58073100414776,16.85,5.02,3.96,0.0,,0,,18.4907,37.006,23.917827213169414
31,Namibia,Sub-Saharan Africa,5,2024,0,0,0,tranquil,,0,0,0,1,10.871808849946657,52670.397,3.712,4.443,5.399,156.6,107.2,338.2,252.8,-14.164,69.837,1.371,4.24,24.6,,,57.48769973844813,15.55,5.14,4.21,0.0,,0,,14.763096,39.622,24.355272459888763
31,Namibia,Sub-Saharan Africa,5,2025,0,0,0,tranquil,,0,0,0,1,10.876253547177887,52905.022,2.44,3.712,4.443,191.9,191.2,156.6,107.2,-13.176,70.247,-1.161,3.511,22.587,,,,18.93,4.21,4.29,0.0,,0,,,39.417,
32,Nigeria,Sub-Saharan Africa,5,1994,1,1,0,onset,Nigeria_ep,1,1,1,1,13.201202017710372,541014.856,0.257,,,2479.0,1996.5,,,-1.886,39.693,-0.156,,12.629,40.77175707,,8.037288168458426,13.93,4.2,7.09,0.0,2.0,0,,2.4368525,12.062,16.288722417479338
32,Nigeria,Sub-Saharan Africa,5,1995,0,0,1,continuation,Nigeria_ep,1,0,1,1,13.190916255841866,535478.627,1.872,0.257,,2307.0,1898.7,2479.0,1996.5,-1.385,24.172,4.301,,12.698,40.3599211429,-1.0101010029882396,6.5087114958491,12.39,5.84,6.57,0.0,,0,,0.23832153,8.874,8.483317095022533
32,Nigeria,Sub-Saharan Africa,5,1996,0,0,1,continuation,Nigeria_ep,1,0,1,1,13.201801047310193,541339.037,4.052,1.872,0.257,1274.0,947.3,2307.0,1898.7,1.442,17.9,4.594,29.291,12.51,63.1344480651,56.42857140766846,6.174443942216613,16.44,5.3,6.44,0.0,,0,,0.26881826,7.866,2.703470085928957
32,Nigeria,Sub-Saharan Africa,5,1997,0,0,1,continuation,Nigeria_ep,0,0,0,1,13.201415501073033,541130.366,2.886,4.052,1.872,790.0,586.9,1274.0,947.3,0.208,17.14,2.373,10.673,12.579,47.2896434467,-25.096924268763555,7.030590146977082,22.36,5.46,6.35,0.0,,0,,0.23379442,9.68,1.049139208517856
32,Nigeria,Sub-Saharan Africa,5,1998,0,0,1,continuation,Nigeria_ep,1,1,1,1,13.197229078551771,538869.701,2.496,2.886,4.052,1902.0,1030.1,790.0,586.9,-1.437,15.811,-2.105,7.862,12.762,31.8761009815,-32.593907125928226,7.619452393559991,25.6,5.35,5.26,0.0,,0,,0.13715404,11.163,2.9117937120097594
32,Nigeria,Sub-Saharan Africa,5,1999,0,0,1,continuation,Nigeria_ep,1,0,1,1,13.173597833760956,526284.823,0.522,2.496,2.886,1272.0,1140.0,1902.0,1030.1,0.625,46.114,2.265,6.618,12.888,43.2951881346,35.8233497871252,8.168807855474315,24.37,4.97,5.65,0.0,,0,,1.6990689,14.918,3.22498078848952
32,Nigeria,Sub-Saharan Africa,5,2000,0,0,1,continuation,Nigeria_ep,1,1,1,1,13.198477817682468,539543.029,5.519,0.522,2.496,2385.0,1864.6,1272.0,1140.0,7.776,40.903,5.768,6.937,11.364,72.6478580515,67.79661015826,8.248988697517607,23.32,6.24,6.03,1.0,,0,,1.648321,17.57,-1.7555452627126034
32,Nigeria,Sub-Saharan Africa,5,2001,0,0,1,continuation,Nigeria_ep,1,0,1,1,13.234181919447336,559154.958,6.667,5.519,0.522,1641.0,1349.4,2385.0,1864.6,2.406,37.705,0.564,18.869,12.338,65.6892296082,-9.57857344997981,9.88080739655231,25.75,3.89,5.02,1.0,,0,,1.6186155,21.912,0.025405033002420314
32,Nigeria,Sub-Saharan Africa,5,2002,0,0,1,continuation,Nigeria_ep,1,1,1,1,13.341661647491756,622601.314,14.604,6.667,5.519,2783.0,1623.4,1641.0,1349.4,0.818,30.724,2.288,12.883,13.014,66.9046620837,1.8502766477082933,8.084342998000004,27.29,1.67,4.61,0.0,,0,,1.9715841,13.763,3.240320890593096
32,Nigeria,Sub-Saharan Africa,5,2003,0,0,1,continuation,Nigeria_ep,1,0,1,1,13.403603690705465,662385.963,9.503,14.604,6.667,1617.0,952.4,2783.0,1623.4,2.339,29.886,1.354,14.034,12.57,74.1342433252,10.805795913677208,8.909484725703482,21.98,1.13,4.01,0.0,,0,,1.9146205,16.479,3.897214173010203
32,Nigeria,Sub-Saharan Africa,5,2004,0,0,0,tranquil,,0,0,0,1,13.474087914071536,710758.447,10.442,9.503,14.604,591.0,510.2,1617.0,952.4,9.175,25.201,4.877,15.001,11.867,86.5812740011,16.789853268346434,8.46166405532793,15.48,1.35,4.27,0.0,,0,,1.3803738,13.023,-1.5028476823446868
32,Nigeria,Sub-Saharan Africa,5,2005,0,0,0,tranquil,,0,0,0,1,13.512989473948595,738952.908,7.008,10.442,9.503,571.0,412.0,591.0,510.2,15.291,13.45,4.811,17.856,11.709,120.5,39.1755912467505,8.435095263032268,12.81,3.21,4.29,1.0,,0,,2.836294,12.649,-3.621473229354086
32,Nigeria,Sub-Saharan Africa,5,2006,0,0,0,tranquil,,0,0,0,1,13.549247728257296,766237.711,6.726,7.008,10.442,360.0,226.2,571.0,412.0,11.64,6.678,6.701,8.227,11.759,131.9,9.46058091286308,8.120360452791472,12.81,4.96,4.8,1.0,,0,,2.0357528,8.746,-5.965468440144091
32,Nigeria,Sub-Saharan Africa,5,2007,0,0,0,tranquil,,0,0,0,1,13.591038563409944,798937.951,7.318,6.726,7.008,148.0,48.7,360.0,226.2,7.372,5.764,-0.347,5.386,12.0,135.5,2.7293404094010487,13.797016933261585,17.54,5.02,4.63,1.0,,0,,2.1691954,12.878,-5.1946772155606515
32,Nigeria,Sub-Saharan Africa,5,2008,0,0,0,tranquil,,0,0,0,1,13.631721855037584,832111.608,7.199,7.318,6.726,37.0,37.0,148.0,48.7,6.171,5.167,4.495,11.583,12.067,154.9,14.31734317343174,18.63301470091873,32.69,1.93,3.66,0.0,,0,,2.4137392,10.211,-7.512592759642351
32,Nigeria,Sub-Saharan Africa,5,2009,0,0,0,tranquil,,0,0,0,1,13.683113140432612,875992.791,8.353,7.199,7.318,37.0,37.0,37.0,37.0,3.256,6.119,-3.32,12.538,12.443,113.0,-27.049709489993543,19.625601660817185,31.48,0.16,3.26,0.0,,0,,2.9002488,10.958,-4.21926067203245
32,Nigeria,Sub-Saharan Africa,5,2010,0,0,0,tranquil,,0,0,0,1,13.760966810784671,946917.083,11.259,8.353,7.199,37.0,37.0,37.0,37.0,2.489,6.67,-2.516,13.74,12.391,132.6,17.345132743362825,13.490742840586002,22.55,0.18,3.22,0.0,,0,,1.6420738,11.782,0.5935227075636982
32,Nigeria,Sub-Saharan Africa,5,2011,0,0,0,tranquil,,0,0,0,1,13.780656052717363,965745.917,4.887,11.259,8.353,513.0,346.8,37.0,37.0,1.804,12.378,0.905,10.826,11.667,152.1,14.705882352941169,11.043629611410555,24.2,0.1,2.78,0.0,,0,,2.1331177,12.283,1.2240393406989596
32,Nigeria,Sub-Saharan Africa,5,2012,0,0,0,tranquil,,0,0,0,1,13.794816232883766,979518.333,4.279,4.887,11.259,439.0,364.3,513.0,346.8,2.641,12.482,0.6,12.224,10.69,153.1,0.6574621959237303,10.604703771234403,17.8,0.14,1.8,0.0,,0,,1.5237824,10.539,1.0850191519898307
32,Nigeria,Sub-Saharan Africa,5,2013,0,0,0,tranquil,,0,0,0,1,13.820208811864545,1004709.308,5.394,4.279,4.887,369.0,309.3,439.0,364.3,2.592,12.988,-1.189,8.496,10.692,154.2,0.7184846505551956,11.533214941528424,14.23,0.11,2.35,0.0,,0,,1.0695393,10.045,2.2969734464901315
32,Nigeria,Sub-Saharan Africa,5,2014,0,0,0,tranquil,,0,0,0,1,13.854973179355396,1040251.615,6.31,5.394,4.279,416.0,313.3,369.0,309.3,0.112,15.765,-1.036,8.047,11.364,146.2,-5.188067444876787,13.297005376739236,14.18,0.09,2.54,0.0,,0,,0.8174785,9.491,0.6375289051768367
32,Nigeria,Sub-Saharan Africa,5,2015,0,0,0,tranquil,,0,0,0,1,13.85579263171354,1041104.401,2.653,6.31,5.394,626.0,490.4,416.0,313.3,-2.218,14.93,-1.896,9.009,11.202,100.0,-31.60054719562243,13.078684477369803,16.67,0.13,2.14,0.0,,0,,0.6215016,7.847,2.646881334428647
32,Nigeria,Sub-Saharan Africa,5,2016,0,0,0,tranquil,,0,0,0,1,13.814773485393014,999263.199,-1.617,2.653,6.31,651.0,546.4,626.0,490.4,0.89,17.376,-2.388,15.697,11.118,88.8,-11.2,14.608038856310207,15.83,0.4,1.84,0.0,,0,,0.85339576,6.931,4.390491857611151
32,Nigeria,Sub-Saharan Africa,5,2017,0,0,0,tranquil,,0,0,0,1,13.798482961785114,983116.554,0.806,-1.617,2.653,443.0,408.2,651.0,546.4,2.563,18.005,-2.883,16.502,11.101,100.3,12.950450450450449,12.852029807619816,11.09,1.0,2.33,0.0,,0,,0.64218295,8.515,3.2314636586146155
32,Nigeria,Sub-Saharan Africa,5,2018,0,0,0,tranquil,,0,0,0,1,13.794406293345666,979116.872,1.923,0.806,-1.617,610.0,465.4,443.0,408.2,1.226,20.377,-1.606,12.095,14.163,114.9,14.55633100697906,10.246581301239935,16.64,1.83,2.91,0.0,,0,,0.1838215,9.104,3.808884553557945
32,Nigeria,Sub-Saharan Africa,5,2019,0,0,0,tranquil,,0,0,0,1,13.79430624512574,979018.918,2.208,1.923,0.806,572.0,516.1,610.0,465.4,-2.048,21.44,-1.966,11.396,20.385,105.4,-8.268059181897303,7.9232226593171475,15.39,2.16,2.14,0.0,,0,,0.34496123,8.869,4.9237503428998775
32,Nigeria,Sub-Saharan Africa,5,2020,1,1,0,onset,Nigeria_ep,1,0,1,1,13.707195698081591,897345.014,-6.369,2.208,1.923,1163.0,746.7,572.0,516.1,-2.67,25.723,-2.311,13.246,21.059,78.8,-25.23719165085389,8.75958559532731,29.25,0.38,0.89,0.0,3.0,0,,0.39848483,8.732,5.379566785733661
32,Nigeria,Sub-Saharan Africa,5,2021,0,0,1,continuation,Nigeria_ep,0,0,0,1,13.697265283617046,888478.105,1.109,-6.369,2.208,693.0,564.1,1163.0,746.7,-0.534,26.624,-2.16,16.953,19.233,121.0,53.55329949238579,9.73322136915709,19.66,0.08,1.45,0.0,,0,,0.54390913,9.089,5.6791066373168135
32,Nigeria,Sub-Saharan Africa,5,2022,0,0,1,continuation,Nigeria_ep,1,0,1,1,13.718618807536217,907654.254,4.319,1.109,-6.369,1044.0,837.2,693.0,564.1,0.158,29.838,-2.35,18.847,18.096,147.2,21.65289256198346,9.561691766684238,25.64,1.68,2.95,0.0,,0,,-0.028872766,10.612,8.638933083079896
32,Nigeria,Sub-Saharan Africa,5,2023,0,0,0,tranquil,,0,0,0,1,13.730256049504217,918278.545,3.316,4.319,1.109,894.0,716.6,1044.0,837.2,1.318,36.336,-0.284,24.66,17.552,127.7,-13.247282608695643,,16.85,5.02,3.96,0.0,,0,,0.3841952,10.414,
32,Nigeria,Sub-Saharan Africa,5,2024,0,0,0,tranquil,,0,0,0,1,13.749330083692474,935961.932,4.071,3.316,4.319,613.0,561.2,894.0,716.6,6.828,39.333,1.198,33.242,16.783,,,,15.55,5.14,4.21,0.0,,0,,0.4282497,12.028,
32,Nigeria,Sub-Saharan Africa,5,2025,0,0,0,tranquil,,0,0,0,1,13.767849489576228,953456.889,4.013,4.071,3.316,685.0,476.8,613.0,561.2,5.121,35.481,0.877,23.007,17.645,,,,18.93,4.21,4.29,0.0,,0,,,11.728,
33,Pakistan,,0,1994,0,0,0,tranquil,,0,0,0,1,11.569443870159438,105814.609,4.369,,,,,,,-1.962,58.531,0.056,11.268,17.79,216.3338857211,,23.823006464318475,13.93,4.2,7.09,1.0,,0,,0.8051189,14.511,24.38912436824989
33,Pakistan,,0,1995,0,0,0,tranquil,,0,0,0,1,11.593652203256855,108407.462,5.062,4.369,,,,,,-2.192,52.329,-0.738,13.029,16.877,239.2445971093,10.590440472065833,24.2071211979922,12.39,5.84,6.57,1.0,,0,,1.191752,13.972,23.87836807428317
33,Pakistan,,0,1996,0,0,0,tranquil,,0,0,0,1,11.632695281225876,112723.735,6.599,5.062,4.369,,,,,-4.039,52.534,-0.555,10.774,17.279,240.8665943615,0.6779660948660782,24.69397544445665,16.44,5.3,6.44,1.0,,0,,1.4560544,15.021,26.971798003420382
33,Pakistan,,0,1997,0,0,0,tranquil,,0,0,0,1,11.625027058422162,111862.65,1.703,6.599,5.062,,,,,-3.532,52.775,0.107,11.816,16.294,237.969573405,-1.202749166682726,24.646215148629995,22.36,5.46,6.35,1.0,,0,,1.1472286,13.728,25.16991829854384
33,Pakistan,,0,1998,0,0,0,tranquil,,0,0,0,1,11.635127920588156,112998.285,3.494,1.703,6.599,,,,,-1.681,53.816,0.019,7.808,15.973,273.0754993654,14.752275031671068,25.11394294113957,25.6,5.35,5.26,1.0,,0,,0.81361,14.122,23.923889096426425
33,Pakistan,,0,1999,0,0,0,tranquil,,0,0,0,1,11.652166558683792,114940.118,4.182,3.494,1.703,,,,,-1.933,60.737,1.369,5.732,14.122,235.2550070873,-13.849829942997829,25.474317642482468,24.37,4.97,5.65,1.0,,0,,0.844795,13.236,21.14809277410504
33,Pakistan,,0,2000,0,0,0,tranquil,,0,0,0,1,11.666627735705728,116614.364,3.908,4.182,3.494,,,,,-0.216,61.673,1.549,3.596,16.311,200.7221619679,-14.67889910057698,16.603618282266023,23.32,6.24,6.03,1.0,,0,,0.30959502,13.82,12.73037526372263
33,Pakistan,APAC,2,2001,1,1,0,onset,Pakistan_ep,1,0,1,1,11.678162441229906,117967.264,3.638,3.908,4.182,1783.0,1475.6,,,0.335,65.148,1.691,4.398,15.997,163.7185259907,-18.43525180000688,16.208460295716588,25.75,3.89,5.02,1.0,6.0,0,,0.38910657,12.949,10.410572079726343
33,Pakistan,APAC,2,2002,0,0,0,tranquil,,0,0,0,1,11.679798023158462,118160.367,2.623,3.638,3.908,853.0,609.2,1783.0,1475.6,2.886,60.531,1.43,3.54,14.962,155.3908138313,-5.086603430495728,16.00410078412298,27.29,1.67,4.61,1.0,,0,,0.8435173,14.365,10.105674588299658
33,Pakistan,APAC,2,2003,0,0,0,tranquil,,0,0,0,1,11.70587742659514,121282.453,5.167,2.623,3.638,289.0,168.6,853.0,609.2,3.618,56.326,3.03,3.102,15.315,145.3776098779,-6.443884105189657,18.22159978204517,21.98,1.13,4.01,1.0,,0,,0.47520772,12.854,8.296084431030497
33,Pakistan,APAC,2,2004,0,0,0,tranquil,,0,0,0,1,11.755710736518123,127479.486,7.691,5.167,2.623,322.0,212.2,289.0,168.6,1.385,50.609,1.287,4.569,15.651,138.6049945351,-4.658637150857137,21.29470033647185,15.48,1.35,4.27,1.0,,0,,0.8455857,12.125,9.749630889100821
33,Pakistan,APAC,2,2005,0,0,0,tranquil,,0,0,0,1,11.808308662489384,134364.114,7.997,7.691,5.167,243.0,197.8,322.0,212.2,-1.015,47.878,0.151,9.275,16.266,123.2,-11.114314160734562,21.60168149429806,12.81,3.21,4.29,0.0,,0,,1.5157509,12.954,10.041034055045522
33,Pakistan,APAC,2,2006,0,0,0,tranquil,,0,0,0,1,11.839066063549929,138561.017,5.664,7.997,7.691,253.0,200.9,243.0,197.8,-3.026,46.189,-0.339,7.918,18.282,114.8,-6.818181818181824,22.76831340718522,12.81,4.96,4.8,0.0,,0,,2.63975,14.468,9.741615290519343
33,Pakistan,APAC,2,2007,0,0,0,tranquil,,0,0,0,1,11.864591812806276,142143.418,5.111,5.664,7.997,535.0,301.6,253.0,200.9,-3.678,44.209,-0.931,7.777,17.536,107.4,-6.445993031358876,23.041639089253245,17.54,5.02,4.63,0.0,,0,,3.0357194,16.121,11.096480040779744
33,Pakistan,APAC,2,2008,1,1,0,onset,Pakistan_ep,1,1,1,1,11.88373343947084,144890.482,4.445,5.111,5.664,2132.0,1099.9,535.0,301.6,-6.819,49.475,-2.066,11.996,17.996,94.5,-12.011173184357547,24.16858518106711,32.69,1.93,3.66,1.0,8.0,1,,2.6893666,18.035,15.479312913393098
33,Pakistan,APAC,2,2009,0,0,1,continuation,Pakistan_ep,1,0,1,1,11.869946535000414,142906.598,1.063,4.445,5.111,2046.0,1135.1,2132.0,1099.9,-4.95,54.569,-0.194,19.561,17.578,106.3,12.48677248677248,20.395776810760644,31.48,0.16,3.26,1.0,,0,,1.248013,17.301,15.642009987907231
33,Pakistan,APAC,2,2010,0,0,1,continuation,Pakistan_ep,0,0,0,1,11.867919670258738,142617.239,2.265,1.063,4.445,721.0,630.2,2046.0,1135.1,-2.006,56.716,-1.525,10.108,15.962,106.0,-0.2822201317027262,19.285438336383297,22.55,0.18,3.22,1.0,,0,,1.0279111,18.317,17.440379121617603
33,Pakistan,APAC,2,2011,0,0,1,continuation,Pakistan_ep,1,0,1,1,11.87505930797029,143639.118,3.204,2.265,1.063,1274.0,945.4,721.0,630.2,0.093,56.151,-2.696,13.658,14.632,101.3,-4.433962264150948,16.790043101425873,24.2,0.1,2.78,1.0,,0,,0.5750551,17.923,20.17557204291259
33,Pakistan,APAC,2,2012,0,0,1,continuation,Pakistan_ep,1,0,1,1,11.88204031542304,144645.372,3.196,3.204,2.265,1363.0,1055.7,1274.0,945.4,-1.863,58.364,-3.764,11.004,15.169,97.3,-3.948667324777888,15.197766209004651,17.8,0.14,1.8,0.0,,0,,0.34345305,19.428,22.905830192974705
33,Pakistan,APAC,2,2013,0,0,1,continuation,Pakistan_ep,1,0,1,1,11.89544411191122,146597.221,3.856,3.196,3.204,1039.0,725.2,1363.0,1055.7,-0.965,59.231,-3.524,7.361,14.982,92.9,-4.522096608427539,14.405959137138812,14.23,0.11,2.35,1.0,,0,,0.51535386,19.506,26.48627186278324
33,Pakistan,APAC,2,2014,0,0,0,tranquil,,0,0,0,1,11.905907995526416,148139.251,3.556,3.856,3.196,566.0,502.7,1039.0,725.2,-1.153,58.783,-0.263,8.621,14.908,96.4,3.7674919268030127,14.036343426981563,14.18,0.09,2.54,1.0,,0,,0.6953081,18.094,25.06009270007351
33,Pakistan,APAC,2,2015,0,0,0,tranquil,,0,0,0,1,11.9188043741176,150062.083,3.812,3.556,3.856,562.0,506.6,566.0,502.7,-0.939,59.063,-0.454,4.526,15.811,100.0,3.734439834024883,13.877672060483317,16.67,0.13,2.14,1.0,,0,,0.5577344,17.833,26.423189786610358
33,Pakistan,APAC,2,2016,0,0,0,tranquil,,0,0,0,1,11.93423930907089,152396.249,4.072,3.812,3.556,592.0,489.9,562.0,506.6,-1.582,62.065,-0.063,2.864,15.936,106.3,6.2999999999999945,14.682249129127351,15.83,0.4,1.84,1.0,,0,,0.82135,17.712,27.786483803813404
33,Pakistan,APAC,2,2017,0,0,0,tranquil,,0,0,0,1,11.95472292662656,155550.066,4.609,4.072,3.812,375.0,345.4,592.0,489.9,-3.617,62.142,-1.379,4.775,16.333,105.5,-0.7525870178739402,15.313812931357146,11.09,1.0,2.33,0.0,,0,,0.73583704,19.128,28.521414729886818
33,Pakistan,APAC,2,2018,0,0,0,tranquil,,0,0,0,1,11.991817363756876,161428.462,6.096,4.609,4.072,582.0,452.2,375.0,345.4,-5.389,66.321,-1.846,4.7,17.068,104.6,-0.853080568720388,16.632351114514208,16.64,1.83,2.91,0.0,,0,,0.48774576,19.108,29.289024697141937
33,Pakistan,APAC,2,2019,0,0,0,tranquil,,0,0,0,1,12.002714564502218,163197.2,3.12,6.096,4.609,474.0,427.8,582.0,452.2,-4.184,78.712,-3.015,6.802,15.5,108.6,3.8240917782026873,15.687985806879116,15.39,2.16,2.14,1.0,,0,,0.6961465,19.054,32.20740314297775
33,Pakistan,APAC,2,2020,0,0,0,tranquil,,0,0,0,1,11.973383384805,158479.953,-0.943,3.12,6.096,939.0,620.6,474.0,427.8,-1.481,80.805,-1.52,10.739,14.816,113.6,4.604051565377532,15.03312012912005,29.25,0.38,0.89,1.0,,0,,0.6846953,20.296,34.92885867047547
33,Pakistan,APAC,2,2021,0,0,0,tranquil,,0,0,0,1,12.009748534966471,164349.171,5.77,-0.943,3.12,606.0,525.2,939.0,620.6,-0.809,74.749,-1.117,8.896,14.535,107.6,-5.2816901408450745,15.340139775110154,19.66,0.08,1.45,1.0,,0,,0.61603945,18.458,33.411979791837645
33,Pakistan,APAC,2,2022,1,1,0,onset,Pakistan_ep,1,1,1,1,12.05009511552782,171115.683,6.18,5.77,-0.943,3329.0,1687.7,606.0,525.2,-4.663,77.318,-3.043,12.153,15.561,94.6,-12.0817843866171,14.838324238190456,25.64,1.68,2.95,1.0,5.0,0,,0.38998076,19.955,34.57212669850016
33,Pakistan,APAC,2,2023,0,0,1,continuation,Pakistan_ep,1,0,1,1,12.028555371665384,167469.307,-0.212,6.18,5.77,3379.0,2299.8,3329.0,1687.7,-0.973,78.508,-0.916,29.181,13.968,116.1,22.72727272727273,12.020395511175442,16.85,5.02,3.96,1.0,,0,,0.60828125,19.29,35.454891978330636
33,Pakistan,APAC,2,2024,0,0,1,continuation,Pakistan_ep,1,0,1,1,12.035298025523648,168602.31,2.634,-0.212,6.18,1158.0,761.1,3379.0,2299.8,-0.557,70.22,0.954,23.411,13.184,,,11.466081613642674,15.55,5.14,4.21,1.0,,0,,0.71668863,19.431,33.63615128685839
33,Pakistan,APAC,2,2025,0,0,0,tranquil,,0,0,0,1,12.046705238880929,170536.604,3.093,2.634,-0.212,853.0,547.7,1158.0,761.1,0.474,72.834,2.43,4.495,14.305,,,,18.93,4.21,4.29,1.0,,0,,,21.21,
34,Panama,,0,1994,0,0,0,tranquil,,0,0,0,1,8.658846214136503,5760.884,2.849,,,,,,,0.208,88.664,7.036,1.332,24.462,137.9569584404,,,13.93,4.2,7.09,0.0,,0,,4.287107,28.471,-6.704544263008285
34,Panama,,0,1995,0,0,0,tranquil,,0,0,0,1,8.65573003583917,5742.96,1.752,2.849,,,,,,-6.033,86.746,7.973,0.939,26.178,128.2638529775,-7.026180899086443,,12.39,5.84,6.57,1.0,,0,,2.9382231,29.334,-8.877642981500674
34,Panama,LatAM,1,1996,0,0,0,tranquil,,0,0,0,1,8.70634900803077,6041.146,7.371,1.752,2.849,517.0,450.8,,,-2.181,73.58,5.766,1.384,26.735,131.879785209,2.819135826314456,,16.44,5.3,6.44,1.0,,0,,4.6566987,24.279,-5.559276708695457
34,Panama,LatAM,1,1997,0,0,0,tranquil,,0,0,0,1,8.760191133392762,6375.33,7.709,7.371,1.752,412.0,287.5,517.0,450.8,-5.037,67.289,4.281,1.255,27.039,129.8608474489,-1.5308925146491958,,22.36,5.46,6.35,1.0,,0,,13.045223,24.779,-8.661146106265383
34,Panama,LatAM,1,1998,0,0,0,tranquil,,0,0,0,1,8.8203633025813,6770.724,8.387,7.709,7.371,679.0,415.7,412.0,287.5,-9.104,64.316,1.372,0.627,29.824,130.8576100038,0.7675620284953499,,25.6,5.35,5.26,1.0,,0,,11.935143,25.924,-7.748431598478161
34,Panama,LatAM,1,1999,0,0,0,tranquil,,0,0,0,1,8.851000308330248,6981.369,5.212,8.387,7.709,514.0,460.5,679.0,415.7,-9.975,60.418,2.038,1.3,29.077,130.7708603274,-0.0662931841697966,,24.37,4.97,5.65,1.0,,0,,8.948859,25.217,-7.754464599572876
34,Panama,LatAM,1,2000,0,0,0,tranquil,,0,0,0,1,8.872093301268338,7130.191,4.209,5.212,8.387,503.0,444.6,514.0,460.5,-5.84,58.026,5.398,1.446,28.406,125.023493571,-4.394990399245513,,23.32,6.24,6.03,1.0,,0,,6.917647,24.68,-7.3842618136923885
34,Panama,LatAM,1,2001,0,0,0,tranquil,,0,0,0,1,8.86150221150482,7055.073,0.95,4.209,5.212,497.0,434.6,503.0,444.6,-1.559,62.133,2.79,0.307,22.378,128.3516173446,2.6619987000362944,,25.75,3.89,5.02,1.0,,0,,4.9522943,25.181,-9.2486525114231
34,Panama,LatAM,1,2002,0,0,0,tranquil,,0,0,0,1,8.866465724993821,7090.178,2.509,0.95,4.209,561.0,436.6,497.0,434.6,-0.884,60.916,2.028,0.886,21.201,127.0807874138,-0.9901160243178332,,27.29,1.67,4.61,1.0,,0,,1.9303404,25.095,-6.179147959321052
34,Panama,LatAM,1,2003,0,0,0,tranquil,,0,0,0,1,8.896717938820016,7307.949,5.097,2.509,0.95,449.0,366.8,561.0,436.6,-4.228,59.873,1.358,0.178,25.483,121.5014357047,-4.390397496462251,,21.98,1.13,4.01,0.0,,0,,7.7230372,25.677,-3.7653125945811543
34,Panama,LatAM,1,2004,0,0,0,tranquil,,0,0,0,1,8.956210541309597,7755.911,8.176,5.097,2.509,368.0,340.5,449.0,366.8,-6.923,61.548,-1.047,0.475,27.105,119.187412344,-1.9045234710839631,,15.48,1.35,4.27,0.0,,0,,8.4628,24.408,-0.01948359773382822
34,Panama,LatAM,1,2005,0,0,0,tranquil,,0,0,0,1,9.0169671296606,8241.743,8.276,8.176,5.097,300.0,252.3,368.0,340.5,-6.401,61.545,1.381,2.856,27.034,109.0,-8.54738947985294,,12.81,3.21,4.29,0.0,,0,,6.6434445,23.193,-3.422109958513523
34,Panama,LatAM,1,2006,0,0,0,tranquil,,0,0,0,1,9.092530910970654,8888.654,9.857,8.276,8.176,212.0,182.0,300.0,252.3,-2.48,56.059,4.18,2.458,28.605,105.9,-2.8440366972476983,,12.81,4.96,4.8,0.0,,0,,15.778907,22.425,-2.9543742051539623
34,Panama,LatAM,1,2007,0,0,0,tranquil,,0,0,0,1,9.19800307959565,9877.385,13.153,9.857,8.276,195.0,157.3,212.0,182.0,-5.432,48.214,5.913,4.169,35.387,104.9,-0.9442870632672352,,17.54,5.02,4.63,0.0,,0,,10.240621,22.177,-7.094015427704162
34,Panama,LatAM,1,2008,0,0,0,tranquil,,0,0,0,1,9.277356571132968,10693.128,10.197,13.153,9.857,582.0,306.9,195.0,157.3,-8.892,40.579,2.863,8.759,41.39,100.2,-4.480457578646336,,32.69,1.93,3.66,0.0,,0,,9.2919,23.026,-8.073991911684791
34,Panama,LatAM,1,2009,0,0,0,tranquil,,0,0,0,1,9.275970422179096,10678.316,1.612,10.197,13.153,481.0,304.3,582.0,306.9,-0.764,39.507,1.239,2.409,30.857,105.0,4.79041916167664,,31.48,0.16,3.26,0.0,,0,,3.9059105,22.949,-7.896255441764414
34,Panama,LatAM,1,2010,0,0,0,tranquil,,0,0,0,1,9.317900935752387,11135.583,6.073,1.612,10.197,220.0,180.5,481.0,304.3,-10.325,38.464,0.524,3.491,37.341,103.0,-1.904761904761909,82.06996380070395,22.55,0.18,3.22,0.0,,0,,8.432071,24.43,-3.825749924815563
34,Panama,LatAM,1,2011,0,0,0,tranquil,,0,0,0,1,9.413629808268745,12254.271,11.909,6.073,1.612,252.0,171.9,220.0,180.5,-12.658,35.906,-0.169,5.876,37.619,100.7,-2.2330097087378653,80.31740153164075,24.2,0.1,2.78,0.0,,0,,12.316835,23.719,-1.9004838171813838
34,Panama,LatAM,1,2012,0,0,0,tranquil,,0,0,0,1,9.48858722238347,13208.122,9.627,11.909,6.073,218.0,164.5,252.0,171.9,-8.98,31.306,0.016,5.698,42.504,101.1,0.3972194637537063,79.59230094099033,17.8,0.14,1.8,0.0,,0,,8.130459,22.992,-1.7359713120968727
34,Panama,LatAM,1,2013,0,0,0,tranquil,,0,0,0,1,9.53335640721284,13812.875,6.324,9.627,11.909,219.0,185.2,218.0,164.5,-8.698,30.778,-0.664,4.027,43.071,100.6,-0.4945598417408492,65.43741360674568,14.23,0.11,2.35,0.0,,0,,8.091674,23.591,-3.3951694634454235
34,Panama,LatAM,1,2014,0,0,0,tranquil,,0,0,0,1,9.562465953239506,14220.871,4.626,6.324,9.627,236.0,188.8,219.0,185.2,-12.984,32.949,-1.46,2.627,43.575,102.7,2.0874751491053667,80.87282294186662,14.18,0.09,2.54,0.0,,0,,9.692165,22.922,-5.427508210556148
34,Panama,LatAM,1,2015,0,0,0,tranquil,,0,0,0,1,9.598043193875911,14735.918,5.267,4.626,6.324,241.0,201.0,236.0,188.8,-8.694,34.064,-0.584,0.137,42.266,100.0,-2.629016553067187,82.93242777449703,16.67,0.13,2.14,0.0,,0,,9.179669,21.355,-4.826696290361351
34,Panama,LatAM,1,2016,0,0,0,tranquil,,0,0,0,1,9.627362440409,15174.36,4.572,5.267,4.626,246.0,198.7,241.0,201.0,-7.543,34.03,-0.169,0.738,40.262,96.9,-3.099999999999992,84.19087183460066,15.83,0.4,1.84,0.0,,0,,8.782261,21.251,-5.8381282363479805
34,Panama,LatAM,1,2017,0,0,0,tranquil,,0,0,0,1,9.668194367424034,15806.782,5.744,4.572,5.267,169.0,142.6,246.0,198.7,-5.822,34.298,-0.232,0.877,41.485,94.7,-2.270381836945312,84.4380104002795,11.09,1.0,2.33,0.0,,0,,6.3457317,21.145,-4.180252480673829
34,Panama,LatAM,1,2018,0,0,0,tranquil,,0,0,0,1,9.691937721070373,16186.579,3.918,5.744,4.572,171.0,137.2,169.0,142.6,-7.884,36.264,-1.102,0.762,41.199,93.4,-1.372756071805703,83.9514799603357,16.64,1.83,2.91,0.0,,0,,6.394046,21.71,-3.8668581280738934
34,Panama,LatAM,1,2019,0,0,0,tranquil,,0,0,0,1,9.708166588376091,16451.412,3.103,3.918,5.744,159.0,138.6,171.0,137.2,-5.144,42.456,-1.158,-0.355,38.067,93.5,0.1070663811563177,83.32655675401372,15.39,2.16,2.14,0.0,,0,,6.7135043,20.488,-6.420302014849141
34,Panama,LatAM,1,2020,0,0,0,tranquil,,0,0,0,1,9.49784352842345,13330.948,-17.821,3.103,3.918,283.0,196.7,159.0,138.6,0.215,62.354,-7.472,-1.55,23.955,93.5,0.0,100.1538915125791,29.25,0.38,0.89,0.0,,0,,-2.8598003,27.017,-11.372751153842184
34,Panama,LatAM,1,2021,0,0,0,tranquil,,0,0,0,1,9.6366083912435,15315.312,16.467,-17.821,3.103,214.0,175.7,283.0,196.7,-1.214,57.964,-4.52,1.631,31.299,93.5,0.0,,19.66,0.08,1.45,1.0,,0,,2.7198226,23.749,
34,Panama,LatAM,1,2022,0,0,0,tranquil,,0,0,0,1,9.72803034211682,16781.466,11.039,16.467,-17.821,286.0,234.7,214.0,175.7,0.038,56.199,-2.258,2.86,35.855,84.7,-9.411764705882351,,25.64,1.68,2.95,1.0,,0,,3.2250848,21.347,
34,Panama,LatAM,1,2023,0,0,0,tranquil,,0,0,0,1,9.784265744843472,17752.218,7.166,11.039,16.467,285.0,233.4,286.0,234.7,-3.08,54.418,-1.367,1.486,37.493,80.6,-4.840613931523031,,16.85,5.02,3.96,1.0,,0,,2.8482678,21.384,
34,Panama,LatAM,1,2024,0,0,0,tranquil,,0,0,0,1,9.79871913932882,18010.661,2.748,7.166,11.039,311.0,274.2,285.0,233.4,0.657,57.814,-3.321,0.693,33.534,,,,15.55,5.14,4.21,0.0,,0,,3.7451034,23.109,
34,Panama,LatAM,1,2025,0,0,0,tranquil,,0,0,0,1,9.828954020613924,18563.527,4.35,2.748,7.166,304.0,235.5,311.0,274.2,0.3,56.582,-0.681,0.006,33.598,,,,18.93,4.21,4.29,0.0,,0,,,20.932,
35,Paraguay,,0,1994,0,0,0,tranquil,,0,0,0,1,16.891366954231355,21668430.731,5.318,,,,,,,-3.482,18.691,5.256,20.413,24.414,98.9345067528,,26.879101163663897,13.93,4.2,7.09,0.0,,0,,1.7418411,14.48,1.335175903427377
35,Paraguay,,0,1995,0,0,0,tranquil,,0,0,0,1,16.933066260625274,22591092.754,6.823,5.318,,,,,,-2.399,17.557,3.502,13.478,22.021,76.0294735901,-23.151713102417386,23.964444650783705,12.39,5.84,6.57,0.0,,0,,1.042801,15.723,1.0166284476541287
35,Paraguay,,0,1996,0,0,0,tranquil,,0,0,0,1,16.92507312528442,22411238.848,1.574,6.823,5.318,,,,,-0.707,16.791,2.983,9.775,22.129,70.7845785087,-6.89850242772555,25.785659171081925,16.44,5.3,6.44,0.0,,0,,1.4282224,16.918,-1.33318743103759
35,Paraguay,,0,1997,0,0,0,tranquil,,0,0,0,1,16.94371917827758,22833040.24,4.243,1.574,6.823,,,,,-5.506,17.963,3.475,6.922,22.918,63.8439812059,-9.805239289440626,32.774101187726785,22.36,5.46,6.35,0.0,,0,,2.3170574,18.052,-1.5668372730489104
35,Paraguay,,0,1998,0,0,0,tranquil,,0,0,0,1,16.922210083200365,22347166.293,0.068,4.243,1.574,,,,,1.425,22.138,4.954,11.565,20.112,69.9182886039,9.514299207641908,24.52193099526568,25.6,5.35,5.26,0.0,,0,,3.6779945,17.958,-0.21881088946878652
35,Paraguay,,0,1999,0,0,0,tranquil,,0,0,0,1,16.887057066759,21575243.191,-1.366,0.068,4.243,,,,,1.57,32.015,3.372,6.732,18.971,74.0195211817,5.865750806679837,25.05516054422531,24.37,4.97,5.65,0.0,,0,,0.9867524,19.195,-1.750044734831556
35,Paraguay,,0,2000,0,0,0,tranquil,,0,0,0,1,16.843381503517598,20653213.93,-2.314,-1.366,0.068,,,,,-2.79,33.58,0.445,8.973,17.339,78.5928324929,6.178520528353104,23.76039842641331,23.32,6.24,6.03,0.0,,0,,1.2172943,19.62,-0.5303768488674622
35,Paraguay,,0,2001,0,0,0,tranquil,,0,0,0,1,16.819123606128368,20158238.193,-0.834,-2.314,-1.366,,,,,-0.376,37.097,1.158,7.314,17.968,87.3067142401,11.087374599951216,24.16866754133566,25.75,3.89,5.02,0.0,,0,,1.1676348,19.04,0.4790889030001813
35,Paraguay,,0,2002,0,0,0,tranquil,,0,0,0,1,16.80589709353778,19893370.501,-0.021,-0.834,-2.314,,,,,8.613,50.537,-0.732,10.472,18.1,106.6125303308,22.11263619153912,20.85562796719768,27.29,1.67,4.61,0.0,,0,,1.256208,17.642,2.8583058549445326
35,Paraguay,,0,2003,0,0,0,tranquil,,0,0,0,1,16.83723389280793,20526635.487,4.321,-0.021,-0.834,,,,,0.221,37.508,0.902,14.239,20.627,105.3763376955,-1.1595190841679814,12.686170751137752,21.98,1.13,4.01,1.0,,0,,-0.7501917,14.596,1.627238751285662
35,Paraguay,,0,2004,0,0,0,tranquil,,0,0,0,1,16.86712186493888,21149395.15,4.057,4.321,-0.021,,,,,-0.102,36.045,2.16,4.31,20.068,97.9950733438,-7.004669656511709,12.296811185952851,15.48,1.35,4.27,1.0,,0,,0.97646195,14.013,0.9734768986944288
35,Paraguay,,0,2005,0,0,0,tranquil,,0,0,0,1,16.87921109551419,21406626.798,2.133,4.057,4.321,,,,,-0.629,28.285,1.552,6.823,20.903,80.4,-17.955059110033524,12.280888461823604,12.81,3.21,4.29,1.0,,0,,0.06798603,14.044,0.5751559096928786
35,Paraguay,,0,2006,0,0,0,tranquil,,0,0,0,1,16.91808708159258,22255218.571,4.807,2.133,4.057,,,,,1.244,20.966,1.594,9.565,21.95,61.0,-24.12935323383085,11.66828605921294,12.81,4.96,4.8,1.0,,0,,1.3984212,14.082,0.00846642302841609
35,Paraguay,,0,2007,0,0,0,tranquil,,0,0,0,1,16.96370270364976,23293914.488,5.422,4.807,2.133,,,,,4.362,16.812,1.845,8.144,21.325,71.9,17.868852459016395,13.71766496649433,17.54,5.02,4.63,1.0,,0,,0.5880247,13.085,-1.1656632787836618
35,Paraguay,,0,2008,0,0,0,tranquil,,0,0,0,1,17.019934687230435,24641305.723,6.496,5.422,4.807,,,,,0.375,16.041,2.707,10.186,22.248,74.2,3.198887343532686,18.75969801385741,32.69,1.93,3.66,1.0,,0,,1.8350366,11.827,-2.3225209874957016
35,Paraguay,,0,2009,0,0,0,tranquil,,0,0,0,1,17.010440652032447,24408467.336,-0.261,6.496,5.422,,,,,1.775,14.939,0.979,2.606,18.916,71.9,-3.099730458221017,21.581430649678648,31.48,0.16,3.26,0.0,,0,,0.86067444,14.26,-3.008556973008298
35,Paraguay,,0,2010,0,0,0,tranquil,,0,0,0,1,17.108399300074336,26920517.874,11.095,-0.261,6.496,,,,,-1.139,12.976,1.807,4.636,23.835,77.8,8.205841446453398,25.424139058165085,22.55,0.18,3.22,0.0,,0,,2.7617338,13.333,-4.173521341546934
35,Paraguay,,0,2011,0,0,0,tranquil,,0,0,0,1,17.14283462441041,27863680.496,4.286,11.095,-0.261,,,,,-0.733,11.052,1.486,8.244,24.662,89.0,14.395886889460163,28.95225031820211,24.2,0.1,2.78,0.0,,0,,1.9587525,14.707,-5.159786875426935
35,Paraguay,,0,2012,0,0,0,tranquil,,0,0,0,1,17.12779615575245,27447788.438,-0.708,4.286,11.095,,,,,-1.884,12.312,-0.406,3.692,21.264,79.8,-10.337078651685394,31.5463020861612,17.8,0.14,1.8,0.0,,0,,2.6117277,17.583,-3.443130362992022
35,Paraguay,LatAM,1,2013,0,0,0,tranquil,,0,0,0,1,17.199058302151453,29475156.152,8.293,-0.708,4.286,319.0,266.3,,,0.831,13.495,-0.907,2.662,22.017,88.2,10.526315789473696,34.37789427880166,14.23,0.11,2.35,0.0,,0,,1.1323663,17.078,-5.928037705955176
35,Paraguay,LatAM,1,2014,0,0,0,tranquil,,0,0,0,1,17.241801200466895,30762322.402,5.301,8.293,-0.708,291.0,231.9,319.0,266.3,-0.787,15.589,0.021,5.028,22.659,98.4,11.56462585034015,38.13814903695872,14.18,0.09,2.54,0.0,,0,,2.5135376,17.135,-7.168801087074947
35,Paraguay,LatAM,1,2015,0,0,0,tranquil,,0,0,0,1,17.261578605954977,31376777.461,2.957,5.301,8.293,343.0,302.2,291.0,231.9,-0.218,18.613,0.037,3.132,21.879,100.0,1.6260162601625885,43.34964647029312,16.67,0.13,2.14,0.0,,0,,2.2235081,17.978,-6.701948580533163
35,Paraguay,LatAM,1,2016,0,0,0,tranquil,,0,0,0,1,17.29370855976325,32401282.385,4.268,2.957,5.301,370.0,310.2,343.0,302.2,4.589,19.39,0.189,4.082,19.806,100.3,0.2999999999999891,41.35571913079792,15.83,0.4,1.84,0.0,,0,,2.2703269,17.699,-7.28986471026394
35,Paraguay,LatAM,1,2017,0,0,0,tranquil,,0,0,0,1,17.33092193281369,33629759.516,4.81,4.268,2.957,274.0,226.5,370.0,310.2,3.677,19.847,0.144,3.614,20.6,99.2,-1.0967098703888234,41.07534411983119,11.09,1.0,2.33,0.0,,0,,1.9468132,18.057,-7.59648178275992
35,Paraguay,LatAM,1,2018,0,0,0,tranquil,,0,0,0,1,17.35275404906935,34372041.647,3.204,4.81,4.268,260.0,221.9,274.0,226.5,0.231,22.331,-0.342,3.972,22.782,96.9,-2.318548387096775,44.512192418115774,16.64,1.83,2.91,0.0,,0,,0.78745496,18.488,-7.639145392159801
35,Paraguay,LatAM,1,2019,0,0,0,tranquil,,0,0,0,1,17.339252783825913,33911094.284,-0.402,3.204,4.81,245.0,222.1,260.0,221.9,-0.163,25.768,-1.613,2.757,21.685,93.6,-3.4055727554179627,47.65227983877562,15.39,2.16,2.14,0.0,,0,,1.2802279,20.121,-7.071293125337701
35,Paraguay,LatAM,1,2020,0,0,0,tranquil,,0,0,0,1,17.32168365644868,33320509.173,-0.82,-0.402,3.204,429.0,287.2,245.0,222.1,2.387,36.899,-4.654,1.768,20.041,124.9,33.44017094017096,50.64453391954763,29.25,0.38,0.89,0.0,,0,,0.81672376,22.632,-8.875169478845942
35,Paraguay,LatAM,1,2021,0,0,0,tranquil,,0,0,0,1,17.35355351193124,34399531.805,3.995,-0.82,-0.402,267.0,227.6,429.0,287.2,-0.609,37.513,-2.298,4.788,24.006,146.7,17.453963170536426,49.41282861554173,19.66,0.08,1.45,0.0,,0,,1.4619517,20.454,-7.481309801674986
35,Paraguay,LatAM,1,2022,0,0,0,tranquil,,0,0,0,1,17.347510765863777,34192290.952,-0.028,3.995,-0.82,357.0,275.4,267.0,227.6,-6.452,40.636,-1.408,9.766,27.76,117.1,-20.1772324471711,50.95835137850302,25.64,1.68,2.95,1.0,,0,,2.0384471,20.214,-6.544544358034081
35,Paraguay,LatAM,1,2023,0,0,0,tranquil,,0,0,0,1,17.392230945108928,35756082.236,5.286,-0.028,3.995,246.0,218.2,357.0,275.4,0.141,41.039,-2.148,4.632,20.269,92.0,-21.43467122117848,52.23315418846772,16.85,5.02,3.96,1.0,,0,,2.5783415,21.465,-5.534819731207114
35,Paraguay,LatAM,1,2024,0,0,0,tranquil,,0,0,0,1,17.430652513656003,37156620.145,4.669,5.286,-0.028,204.0,168.0,246.0,218.2,-3.401,44.633,-0.142,3.835,23.109,,,57.38921169017899,15.55,5.14,4.21,1.0,,0,,2.468438,20.862,-5.29190460320441
35,Paraguay,LatAM,1,2025,0,0,0,tranquil,,0,0,0,1,17.481970018320403,39113178.661,6.0,4.669,5.286,186.0,147.8,204.0,168.0,-3.519,38.133,0.247,4.108,25.475,,,,18.93,4.21,4.29,1.0,,0,,,19.609,
36,Peru,,0,1994,0,0,0,tranquil,,0,0,0,0,8.94206607763607,7646.98,12.308,,,,,,,-6.243,,,23.734,20.969,72.5445203657,,13.283559378772356,13.93,4.2,7.09,1.0,,0,,7.328508,,-3.8344880755536166
36,Peru,,0,1995,0,0,0,tranquil,,0,0,0,0,8.995371814159718,8065.668,7.411,12.308,,,,,,-9.001,,,11.131,21.672,75.4863908286,4.055262131543369,15.873876420844317,12.39,5.84,6.57,1.0,,0,,4.7961874,,-4.36543242726358
36,Peru,,0,1996,0,0,0,tranquil,,0,0,0,0,9.00475219438211,8141.683,2.799,7.411,12.308,,,,,-6.843,,,11.549,19.726,73.0877281188,-3.1776094783050546,21.02532336327301,16.44,5.3,6.44,1.0,,0,,6.282348,,-8.63405749008156
36,Peru,LatAM,1,1997,0,0,0,tranquil,,0,0,0,0,9.049203075818635,8511.752,6.476,2.799,7.411,568.0,411.5,,,-6.004,,,8.547,21.134,77.8238261196,6.48001808607559,24.4097995545657,22.36,5.46,6.35,1.0,,0,,3.6790218,,-5.542816564991447
36,Peru,LatAM,1,1998,0,0,0,tranquil,,0,0,0,0,9.02762017573608,8330.012,-0.392,6.476,2.799,941.0,581.3,568.0,411.5,-6.237,,,7.255,20.841,68.0579604308,-12.548683578974618,28.19104965987232,25.6,5.35,5.26,1.0,,0,,2.9619923,,-4.322881428905317
36,Peru,LatAM,1,1999,0,0,0,tranquil,,0,0,0,0,9.02614273644653,8317.714,1.495,-0.392,6.476,743.0,598.8,941.0,581.3,-2.848,,,3.469,18.184,63.1220330004,-7.252535043889163,28.97732825461118,24.37,4.97,5.65,1.0,,0,,3.8655355,,-1.3437027181368075
36,Peru,LatAM,1,2000,0,0,0,tranquil,,0,0,0,0,9.03838399066853,8420.159,2.695,1.495,-0.392,772.0,583.4,743.0,598.8,-3.068,44.909,0.4,3.759,17.443,61.1897258896,-3.0612244551561862,26.34167755725867,23.32,6.24,6.03,1.0,,0,,1.5647902,21.735,-0.4912949098480486
36,Peru,LatAM,1,2001,0,0,0,tranquil,,0,0,0,0,9.032294939516962,8369.044,0.617,2.695,1.495,824.0,655.5,772.0,583.4,-2.35,43.841,0.128,1.975,16.506,60.8580324785,-0.5420736999189213,23.447807884092107,25.75,3.89,5.02,1.0,,0,,2.1992245,20.934,1.1042678037988845
36,Peru,LatAM,1,2002,0,0,0,tranquil,,0,0,0,0,9.074824955334142,8732.657,5.454,0.617,2.695,880.0,621.9,824.0,655.5,-2.032,45.463,0.765,0.192,16.682,65.3216722718,7.334512161359985,22.202048294023747,27.29,1.67,4.61,1.0,,0,,3.9356208,19.649,0.5998993407751219
36,Peru,LatAM,1,2003,0,0,0,tranquil,,0,0,0,0,9.106189901695844,9010.897,4.165,5.454,0.617,608.0,426.8,880.0,621.9,-1.591,49.376,0.557,2.261,17.227,66.5881110722,1.9387727783979791,19.9857411626907,21.98,1.13,4.01,1.0,,0,,2.2730863,20.113,-0.17230420226774887
36,Peru,LatAM,1,2004,0,0,0,tranquil,,0,0,0,0,9.145931869052545,9376.219,4.959,4.165,5.454,483.0,368.9,608.0,426.8,0.094,46.738,1.061,3.662,16.121,75.9200506765,14.014423076488214,17.9102399219746,15.48,1.35,4.27,1.0,,0,,2.394892,19.558,-1.475589223600522
36,Peru,LatAM,1,2005,0,0,0,tranquil,,0,0,0,0,9.1985512525871,9882.801,6.285,4.959,4.165,279.0,238.8,483.0,368.9,1.566,40.359,1.565,1.618,15.387,80.6,6.164312697104935,19.06642160886305,12.81,3.21,4.29,1.0,,0,,3.3903482,20.379,-2.0013429915559824
36,Peru,LatAM,1,2006,0,0,0,tranquil,,0,0,0,0,9.263486653522149,10545.839,7.529,6.285,4.959,226.0,181.6,279.0,238.8,3.323,34.94,3.956,2.001,18.799,104.6,29.776674937965254,20.81316402082481,12.81,4.96,4.8,1.0,,0,,3.9106567,19.162,-2.709465554057398
36,Peru,LatAM,1,2007,0,0,0,tranquil,,0,0,0,0,9.338564267221749,11368.075,8.518,7.529,6.285,188.0,140.9,226.0,181.6,1.486,31.87,5.181,1.779,22.267,110.9,6.022944550669229,24.607073691738947,17.54,5.02,4.63,1.0,,0,,5.3742867,18.593,-4.673438560208919
36,Peru,LatAM,1,2008,0,0,0,tranquil,,0,0,0,0,9.419592847491431,12327.562,9.127,8.518,7.529,530.0,283.8,188.0,140.9,-4.396,28.127,3.898,5.788,26.785,97.7,-11.90261496844004,29.763960750002127,32.69,1.93,3.66,1.0,,0,,5.743357,19.894,-6.4562617929661
36,Peru,LatAM,1,2009,0,0,0,tranquil,,0,0,0,0,9.423972835955665,12381.675,1.096,9.127,8.518,425.0,281.7,530.0,283.8,-0.517,28.181,-0.366,2.935,20.889,95.2,-2.558853633572156,30.0145290325562,31.48,0.16,3.26,1.0,,0,,5.3223753,21.345,-6.0131277145958295
36,Peru,LatAM,1,2010,0,0,0,tranquil,,0,0,0,0,9.496705903167715,13315.791,8.33,1.096,9.127,215.0,179.2,425.0,281.7,-2.386,25.107,1.025,1.529,24.687,115.1,20.903361344537807,30.26168715343204,22.55,0.18,3.22,0.0,,0,,5.7308774,21.002,-6.842393036795247
36,Peru,LatAM,1,2011,0,0,0,tranquil,,0,0,0,0,9.550667454835647,14054.072,6.328,8.33,1.096,279.0,194.0,215.0,179.2,-1.977,23.108,3.078,3.369,23.986,124.2,7.9061685490877665,32.30922750005031,24.2,0.1,2.78,0.0,,0,,4.4726267,19.791,-8.420682928491551
36,Peru,LatAM,1,2012,0,0,0,tranquil,,0,0,0,0,9.603119282825997,14810.909,6.14,6.328,8.33,221.0,158.2,279.0,194.0,-2.864,20.663,2.988,3.656,24.042,120.7,-2.8180354267310803,34.04374682090838,17.8,0.14,1.8,0.0,,0,,7.361737,20.302,-12.441456894859737
36,Peru,LatAM,1,2013,0,0,0,tranquil,,0,0,0,0,9.652189416979638,15555.809,5.852,6.14,6.328,207.0,167.3,221.0,158.2,-4.842,19.902,1.703,2.807,25.628,113.5,-5.965202982601491,37.719929176453206,14.23,0.11,2.35,0.0,,0,,4.757349,21.457,-12.375467997316564
36,Peru,LatAM,1,2014,0,0,0,tranquil,,0,0,0,0,9.666416271619804,15778.701,2.384,5.852,6.14,202.0,164.8,207.0,167.3,-4.304,20.46,0.726,3.245,24.687,107.4,-5.374449339207043,40.89962681759733,14.18,0.09,2.54,0.0,,0,,2.1230297,22.398,-11.995302530271015
36,Peru,LatAM,1,2015,0,0,0,tranquil,,0,0,0,0,9.686729197399272,16102.49,3.251,2.384,5.852,258.0,204.1,202.0,164.8,-4.622,23.689,-1.123,3.548,24.281,100.0,-6.890130353817514,43.86793145404778,16.67,0.13,2.14,0.0,,0,,3.865513,21.993,-11.591986992643555
36,Peru,LatAM,1,2016,0,0,0,tranquil,,0,0,0,0,9.710303572659322,16486.606,3.954,3.251,2.384,273.0,198.2,258.0,204.1,-2.214,23.932,-1.201,3.593,22.757,99.8,-0.2000000000000001,42.80902534564191,15.83,0.4,1.84,0.0,,0,,3.5462818,20.504,-11.087379548555587
36,Peru,LatAM,1,2017,0,0,0,tranquil,,0,0,0,0,9.7172311042007,16601.214,2.519,3.954,3.251,159.0,145.1,273.0,198.2,-0.913,24.799,-1.803,2.804,21.324,107.2,7.414829659318634,42.41461430807557,11.09,1.0,2.33,0.0,,0,,3.5133314,20.623,-8.384667005142234
36,Peru,LatAM,1,2018,0,0,0,tranquil,,0,0,0,0,9.737352032227156,16938.629,3.969,2.519,3.954,168.0,150.2,159.0,145.1,-1.24,25.689,-0.826,1.317,21.759,106.7,-0.4664179104477584,43.90394244329953,16.64,1.83,2.91,0.0,,0,,2.6382463,20.969,-7.2406055569326
36,Peru,LatAM,1,2019,0,0,0,tranquil,,0,0,0,0,9.741640279779396,17011.422,2.24,3.969,2.519,148.0,128.2,168.0,150.2,-0.701,26.501,-0.213,2.136,21.337,104.9,-1.6869728209934376,44.72423689453364,15.39,2.16,2.14,0.0,,0,,2.0912898,20.82,-7.448041999167436
36,Peru,LatAM,1,2020,0,0,0,tranquil,,0,0,0,0,9.61051557986752,14920.861,-10.938,2.24,3.969,265.0,173.8,148.0,128.2,0.753,34.289,-6.806,1.827,19.612,114.6,9.246901811248788,55.31240990832068,29.25,0.38,0.89,1.0,,0,,0.32938707,25.67,-3.9621809997988535
36,Peru,LatAM,1,2021,0,0,0,tranquil,,0,0,0,0,9.723996526009046,16713.909,13.421,-10.938,2.24,197.0,169.8,265.0,173.8,-2.226,35.527,-1.213,3.979,21.974,128.3,11.95462478184992,47.13142777680009,19.66,0.08,1.45,1.0,,0,,3.155709,23.127,-7.280836960593421
36,Peru,LatAM,1,2022,0,0,0,tranquil,,0,0,0,0,9.740898149966949,16998.802,2.819,13.421,-10.938,246.0,209.6,197.0,169.8,-4.018,33.458,-0.047,7.871,21.956,114.8,-10.522213561964156,45.66819298641331,25.64,1.68,2.95,1.0,,0,,4.552216,23.102,-4.6780432144787
36,Peru,LatAM,1,2023,0,0,0,tranquil,,0,0,0,0,9.727438144627554,16771.531,-0.35,2.819,13.421,209.0,180.7,246.0,209.6,0.323,32.398,-1.302,6.269,19.303,120.9,5.313588850174233,43.12065891095056,16.85,5.02,3.96,1.0,,0,,1.6253475,22.06,-1.8096319545607717
36,Peru,LatAM,1,2024,0,0,0,tranquil,,0,0,0,0,9.752022072663788,17188.951,3.514,-0.35,2.819,167.0,157.5,209.0,180.7,2.24,32.077,-2.108,2.351,19.626,,,39.96522749884275,15.55,5.14,4.21,1.0,,0,,2.3509264,22.218,-0.6395794490980616
36,Peru,LatAM,1,2025,0,0,0,tranquil,,0,0,0,0,9.7758857451223,17604.076,3.439,3.514,-0.35,176.0,146.2,167.0,157.5,3.143,30.227,-0.948,1.501,20.222,,,,18.93,4.21,4.29,0.0,,0,,,21.426,
37,Philippines,APAC,2,1994,0,0,0,tranquil,,0,0,0,0,11.333645055197392,83587.148,4.374,,,597.0,463.5,,,-4.032,63.603,4.505,12.489,23.311,94.7893042035,,25.4845333915397,13.93,4.2,7.09,1.0,,0,,2.1747053,19.683,13.984076943667342
37,Philippines,APAC,2,1995,0,0,0,tranquil,,0,0,0,0,11.355642299027233,85446.207,4.625,4.374,,625.0,533.8,597.0,463.5,-2.339,60.849,4.202,6.908,21.794,97.6048280941,2.970297033255398,32.865217535986204,12.39,5.84,6.57,1.0,,0,,1.74613,19.103,13.425304382737608
37,Philippines,APAC,2,1996,0,0,0,tranquil,,0,0,0,0,11.36283588769168,86063.088,5.86,4.625,4.374,416.0,270.1,625.0,533.8,-4.176,53.074,4.514,8.294,23.282,98.7416185451,1.1646866996210647,42.87278590950229,16.44,5.3,6.44,1.0,,0,,1.6027794,19.621,12.877303448505288
37,Philippines,APAC,2,1997,0,0,0,tranquil,,0,0,0,0,11.39098231427234,88519.869,5.186,5.86,4.625,429.0,250.2,416.0,270.1,-4.623,56.891,4.03,5.598,24.065,100.293758549,1.5719207632707288,49.40110696542971,22.36,5.46,6.35,1.0,,0,,1.2985313,20.287,14.91449894067748
37,Philippines,APAC,2,1998,0,0,0,tranquil,,0,0,0,0,11.361245079784506,85926.287,-0.514,5.186,5.86,937.0,521.8,429.0,250.2,2.075,50.773,2.588,9.369,19.989,106.3546325092,6.043121773364257,41.992604467297845,25.6,5.35,5.26,1.0,,0,,3.0701113,20.337,13.216534646632432
37,Philippines,APAC,2,1999,0,0,0,tranquil,,0,0,0,0,11.37276273929217,86921.678,3.346,-0.514,5.186,477.0,388.8,937.0,521.8,-3.357,54.218,1.362,6.2,16.201,125.2155006406,17.73394133045261,37.327929910099584,24.37,4.97,5.65,1.0,,0,,2.13568,20.749,13.135908791276742
37,Philippines,APAC,2,2000,0,0,0,tranquil,,0,0,0,0,11.416174667975085,90778.22,4.383,3.346,-0.514,682.0,525.0,477.0,388.8,-2.663,59.203,0.854,6.545,15.684,121.7047856512,-2.80373833226657,35.60713960418545,23.32,6.24,6.03,1.0,,0,,1.7772245,20.809,12.683160821601827
37,Philippines,APAC,2,2001,0,0,0,tranquil,,0,0,0,0,11.424867919118556,91570.818,3.049,4.383,3.346,680.0,585.4,682.0,525.0,-2.217,59.471,1.165,5.396,18.945,120.0678541787,-1.3450017299988182,36.265117304375394,25.75,3.89,5.02,0.0,,0,,0.96298546,21.017,14.658286267811215
37,Philippines,APAC,2,2002,0,0,0,tranquil,,0,0,0,0,11.440459788126397,93009.767,3.716,3.049,4.383,525.0,445.4,680.0,585.4,-0.334,65.184,0.618,2.757,20.459,111.954348014,-6.757434136054819,33.66395998385548,27.29,1.67,4.61,0.0,,0,,2.098275,20.557,15.479581829044042
37,Philippines,APAC,2,2003,0,0,0,tranquil,,0,0,0,0,11.469852156894303,95784.117,5.087,3.716,3.049,536.0,458.8,525.0,445.4,0.327,71.393,1.33,2.223,19.529,115.7552906167,3.395082611909528,31.948373355921834,21.98,1.13,4.01,0.0,,0,,0.5652633,20.411,14.620954346661572
37,Philippines,APAC,2,2004,0,0,0,tranquil,,0,0,0,0,11.513652670492188,100072.747,6.569,5.087,3.716,496.0,458.7,536.0,458.8,1.71,71.082,2.121,4.799,20.731,111.9939623132,-3.249379171751954,31.009211653359586,15.48,1.35,4.27,0.0,,0,,0.6231448,19.37,15.646482143120902
37,Philippines,APAC,2,2005,0,0,0,tranquil,,0,0,0,0,11.542691032242178,103021.299,4.942,6.569,5.087,456.0,402.9,496.0,458.7,1.853,64.674,3.424,6.64,18.567,114.0,1.7912016374507456,27.89657363812508,12.81,3.21,4.29,0.0,,0,,1.5490601,18.741,12.217839618951889
37,Philippines,APAC,2,2006,0,0,0,tranquil,,0,0,0,0,11.5756480445335,106473.142,5.316,4.942,6.569,285.0,229.6,456.0,402.9,5.455,57.189,4.563,5.448,16.015,111.9,-1.8421052631578887,27.470694916229217,12.81,4.96,4.8,0.0,,0,,2.1209188,18.282,11.710797124141985
37,Philippines,APAC,2,2007,0,0,0,tranquil,,0,0,0,0,11.62053654121565,111361.455,6.519,5.316,4.942,229.0,182.8,285.0,229.6,5.175,50.168,3.271,2.914,16.129,109.3,-2.323503127792681,27.63902331796324,17.54,5.02,4.63,0.0,,0,,1.8712125,18.184,11.023895182275714
37,Philippines,APAC,2,2008,0,0,0,tranquil,,0,0,0,0,11.645235642214702,114146.232,4.344,6.519,5.316,549.0,327.2,229.0,182.8,0.08,50.01,3.272,8.211,18.967,96.1,-12.0768526989936,27.876061060915667,32.69,1.93,3.66,0.0,,0,,0.7378006,17.884,11.14855270067265
37,Philippines,APAC,2,2009,0,0,0,tranquil,,0,0,0,0,11.642207783049852,113801.136,1.448,4.344,6.519,478.0,331.5,549.0,327.2,4.797,49.805,0.599,4.24,17.432,102.7,6.867845993756516,27.896668415313787,31.48,0.16,3.26,0.0,,0,,1.1732482,19.209,11.700192010482864
37,Philippines,APAC,2,2010,0,0,0,tranquil,,0,0,0,0,11.695878489013433,120075.8,7.335,1.448,4.344,266.0,209.2,478.0,331.5,3.445,47.587,0.653,3.738,20.442,100.2,-2.434274586173324,28.3324788107778,22.55,0.18,3.22,0.0,,0,,0.51369804,18.348,12.005047886182766
37,Philippines,APAC,2,2011,0,0,0,tranquil,,0,0,0,0,11.71712492066445,122654.277,3.858,7.335,1.448,289.0,198.8,266.0,209.2,2.409,45.434,2.094,4.745,20.74,92.7,-7.485029940119759,30.497639750655008,24.2,0.1,2.78,0.0,,0,,0.856963,17.218,11.449913581670906
37,Philippines,APAC,2,2012,0,0,0,tranquil,,0,0,0,0,11.76758516381118,129002.255,6.897,3.858,7.335,245.0,177.7,289.0,198.8,2.653,45.691,2.291,3.158,19.561,92.6,-0.107874865156432,31.905375984134515,17.8,0.14,1.8,0.0,,0,,1.22763,17.706,8.615446901287518
37,Philippines,APAC,2,2013,0,0,0,tranquil,,0,0,0,0,11.81703621463859,135541.916,6.751,6.897,3.858,194.0,154.8,245.0,177.7,4.01,43.863,2.738,2.592,20.642,90.8,-1.943844492440605,34.3357279070115,14.23,0.11,2.35,0.0,,0,,1.3164264,17.325,7.890450682563424
37,Philippines,APAC,2,2014,0,0,0,tranquil,,0,0,0,0,11.863158690520049,141939.855,6.348,6.751,6.897,166.0,136.0,194.0,154.8,3.616,40.299,3.475,3.594,20.924,94.8,4.405286343612325,37.57828380496234,14.18,0.09,2.54,0.0,,0,,1.9293752,16.831,8.473294286489029
37,Philippines,APAC,2,2015,0,0,0,tranquil,,0,0,0,0,11.909518445222078,148675.067,6.348,6.348,6.751,145.0,122.2,166.0,136.0,2.371,39.688,2.107,0.69,21.341,100.0,5.485232067510548,39.90378357514244,16.67,0.13,2.14,0.0,,0,,1.8401802,17.786,9.048174458004494
37,Philippines,APAC,2,2016,0,0,0,tranquil,,0,0,0,0,11.96185344221757,156663.182,7.149,6.348,6.348,133.0,107.8,145.0,122.2,-0.376,37.376,1.036,1.234,24.619,103.9,3.900000000000015,42.86451799281994,15.83,0.4,1.84,0.0,,0,,2.5985081,19.011,10.593373940112686
37,Philippines,APAC,2,2017,0,0,0,tranquil,,0,0,0,0,12.012998215251846,164884.122,6.931,7.149,6.348,107.0,97.5,133.0,107.8,-0.652,38.13,0.876,2.853,25.559,101.1,-2.694898941289714,45.60519778783582,11.09,1.0,2.33,0.0,,0,,3.122388,19.457,17.787040265785677
37,Philippines,APAC,2,2018,0,0,0,tranquil,,0,0,0,0,12.059335351858556,172704.16,6.341,6.931,7.149,132.0,107.8,107.0,97.5,-2.559,37.147,0.169,5.31,27.151,98.0,-3.066271018793265,47.562790796900615,16.64,1.83,2.91,0.0,,0,,2.8683383,20.913,17.22305591659411
37,Philippines,APAC,2,2019,0,0,0,tranquil,,0,0,0,0,12.10435865653854,180657.573,6.119,6.341,6.931,101.0,83.6,132.0,107.8,-0.809,36.973,0.067,2.392,26.402,99.3,1.3265306122449028,47.97366866431373,15.39,2.16,2.14,0.0,,0,,2.3011749,21.721,19.822302758281587
37,Philippines,APAC,2,2020,0,0,0,tranquil,,0,0,0,0,11.986690442717244,160602.949,-9.518,6.119,6.341,222.0,139.1,101.0,83.6,3.201,51.644,-3.727,2.393,17.433,101.6,2.316213494461228,52.03569140036007,29.25,0.38,0.89,0.0,,0,,1.8858637,25.92,26.386095900048943
37,Philippines,APAC,2,2021,0,0,0,tranquil,,0,0,0,0,12.03423816660404,168423.71,5.715,-9.518,6.119,117.0,102.5,222.0,139.1,-1.508,57.005,-4.429,3.927,21.141,95.5,-6.003937007874005,49.941324910651055,19.66,0.08,1.45,0.0,,0,,3.0407887,27.2,28.0513089495326
37,Philippines,APAC,2,2022,0,0,0,tranquil,,0,0,0,0,12.09952980898416,179787.308,7.581,5.715,-9.518,153.0,124.8,117.0,102.5,-4.516,57.389,-3.498,5.821,24.686,88.1,-7.748691099476446,48.8730299164324,25.64,1.68,2.95,0.0,,0,,2.3475096,25.887,29.01605818938529
37,Philippines,APAC,2,2023,0,0,0,tranquil,,0,0,0,0,12.144544819697764,188065.356,5.519,7.581,5.715,118.0,94.6,153.0,124.8,-2.834,56.484,-2.106,5.978,23.406,94.2,6.923950056753703,48.311040710878345,16.85,5.02,3.96,0.0,,0,,2.0421035,24.659,30.608149345941886
37,Philippines,APAC,2,2024,0,0,0,tranquil,,0,0,0,0,12.191229270688185,197053.249,5.692,5.519,7.581,91.0,76.7,118.0,94.6,-4.022,56.627,-1.858,3.213,23.685,,,49.85079064245696,15.55,5.14,4.21,0.0,,0,,2.0449893,25.644,30.353021642129875
37,Philippines,APAC,2,2025,0,0,0,tranquil,,0,0,0,0,12.22374120811354,203565.115,4.403,5.692,5.519,93.0,70.4,91.0,76.7,-3.344,59.371,-1.184,1.659,22.31,,,,18.93,4.21,4.29,0.0,,0,,,24.262,
38,Poland,,0,1994,0,0,0,tranquil,,0,0,0,0,10.00600370683078,22159.104,5.239,,,,,,,0.608,,,32.2,17.369,,,16.651228043614857,13.93,4.2,7.09,1.0,,0,,1.6921828,,16.589835684259555
38,Poland,Europe,3,1995,0,0,0,tranquil,,0,0,0,0,10.071123087355154,23650.111,6.728,5.239,,538.0,527.3,,,0.611,48.576,1.316,27.875,18.576,,,16.44662957841221,12.39,5.84,6.57,1.0,,0,,2.5616338,,12.711724950271522
38,Poland,Europe,3,1996,0,0,0,tranquil,,0,0,0,0,10.130898824163197,25106.921,6.239,6.728,5.239,331.0,235.9,538.0,527.3,-2.073,43.024,-0.299,19.9,20.718,,,18.74049745368662,16.44,5.3,6.44,1.0,,0,,2.7982807,,11.741044542032622
38,Poland,Europe,3,1997,0,0,0,tranquil,,0,0,0,0,10.198589653363674,26865.27,7.086,6.239,6.728,273.0,183.5,331.0,235.9,-3.636,42.564,-0.093,14.9,23.253,,,20.475312093893454,22.36,5.46,6.35,0.0,,0,,3.070785,,11.104329433820487
38,Poland,Europe,3,1998,0,0,0,tranquil,,0,0,0,0,10.246671075154778,28188.548,4.982,7.086,6.239,410.0,252.8,273.0,183.5,-3.991,38.562,-0.257,11.8,24.872,,,22.25260253358635,25.6,5.35,5.26,0.0,,0,,3.6415548,,10.578800826033856
38,Poland,Europe,3,1999,0,0,0,tranquil,,0,0,0,0,10.290738824550685,29458.531,4.524,4.982,7.086,287.0,251.7,410.0,252.8,-7.404,39.233,0.639,7.3,25.069,,,25.088282442635368,24.37,4.97,5.65,0.0,,0,,4.3390784,,10.169031449949276
38,Poland,Europe,3,2000,0,0,0,tranquil,,0,0,0,0,10.342948852285916,31037.42,4.26,4.524,4.982,300.0,257.3,287.0,251.7,-6.008,36.275,-0.986,10.1,24.663,99.5524814316,,26.318406043085453,23.32,6.24,6.03,0.0,,0,,5.3974037,,7.070535755764838
38,Poland,Europe,3,2001,0,0,0,tranquil,,0,0,0,0,10.35517403623614,31419.187,1.205,4.26,4.524,280.0,210.4,300.0,257.3,-3.107,37.037,-1.618,5.5,20.612,101.9250721175,2.3832561999272084,23.44738358854203,25.75,3.89,5.02,0.0,,0,,2.959496,,8.537255471441032
38,Poland,Europe,3,2002,0,0,0,tranquil,,0,0,0,0,10.369812737092053,31882.506,1.443,1.205,4.26,250.0,192.8,280.0,210.4,-2.776,41.426,-1.929,1.9,18.544,103.945744483,1.982507663247524,12.829165398399528,27.29,1.67,4.61,0.0,,0,,2.0486298,,7.96032659924395
38,Poland,Europe,3,2003,0,0,0,tranquil,,0,0,0,0,10.405059432176072,33026.298,3.523,1.443,1.205,176.0,95.6,250.0,192.8,-2.504,46.237,-3.058,0.8,18.911,102.8279090918,-1.0754027466538751,13.289229777376732,21.98,1.13,4.01,0.0,,0,,2.457435,,8.178311437280662
38,Poland,Europe,3,2004,0,0,0,tranquil,,0,0,0,0,10.455445062001145,34732.984,5.091,3.523,1.443,81.0,69.8,176.0,95.6,-5.965,45.012,-2.297,3.5,20.489,105.2233339313,2.3295473579662884,26.15958580620245,15.48,1.35,4.27,0.0,,0,,5.4115086,,7.379080567436114
38,Poland,Europe,3,2005,0,0,0,tranquil,,0,0,0,0,10.487972021184714,35881.317,3.261,5.091,3.523,62.0,51.8,81.0,69.8,-3.303,46.474,-1.47,2.1,20.107,103.5,-1.6377868547913232,27.041064419058625,12.81,3.21,4.29,0.0,,0,,3.596418,,6.50925759066055
38,Poland,Europe,3,2006,0,0,0,tranquil,,0,0,0,0,10.548585539340248,38123.476,6.202,3.261,5.091,69.0,59.5,62.0,51.8,-4.649,47.098,-1.167,1.0,21.956,102.2,-1.256038647342994,31.09910329567952,12.81,4.96,4.8,0.0,,0,,6.2079062,,6.78113427273786
38,Poland,Europe,3,2007,0,0,0,tranquil,,0,0,0,0,10.61483070276177,40734.501,6.76,6.202,3.261,74.0,61.7,69.0,59.5,-6.684,44.428,0.295,2.5,25.419,102.7,0.4892367906066619,37.05716183381956,17.54,5.02,4.63,0.0,,0,,5.8250217,,5.204173427608183
38,Poland,Europe,3,2008,0,0,0,tranquil,,0,0,0,0,10.657993297275612,42531.204,4.384,6.76,6.202,368.0,173.6,74.0,61.7,-6.746,46.559,-1.488,4.2,24.756,100.8,-1.8500486854917344,47.10555253758663,32.69,1.93,3.66,0.0,,0,,2.7209995,,8.591473002179912
38,Poland,Europe,3,2009,0,0,0,tranquil,,0,0,0,0,10.68327743588372,43620.279,2.615,4.384,6.76,319.0,216.4,368.0,173.6,-3.945,49.701,-4.79,3.5,20.758,104.2,3.3730158730158832,46.91511757402351,31.48,0.16,3.26,1.0,,0,,3.1810548,,8.38618130853622
38,Poland,Europe,3,2010,0,0,0,tranquil,,0,0,0,0,10.717442522901155,45136.32,3.169,2.615,4.384,217.0,166.4,319.0,216.4,-5.167,53.748,-4.93,2.6,20.859,101.8,-2.303262955854135,48.87212568931433,22.55,0.18,3.22,1.0,,0,,3.9448946,,8.625741338050151
38,Poland,Europe,3,2011,0,0,0,tranquil,,0,0,0,0,10.767614990630356,47458.693,5.255,3.169,2.615,315.0,216.3,217.0,166.4,-5.111,54.78,-2.432,4.3,22.345,99.4,-2.357563850687616,51.48378928791798,24.2,0.1,2.78,1.0,,0,,3.5712895,,7.772701550895657
38,Poland,Europe,3,2012,0,0,0,tranquil,,0,0,0,0,10.782591964475095,48174.83,1.512,5.255,3.169,294.0,188.5,315.0,216.3,-4.112,54.472,-1.115,3.7,20.802,97.5,-1.9114688128772703,50.32510562542457,17.8,0.14,1.8,1.0,,0,,1.5288609,,6.6530147783129765
38,Poland,Europe,3,2013,0,0,0,tranquil,,0,0,0,0,10.789444203117585,48506.069,0.684,1.512,5.255,163.0,139.7,294.0,188.5,-1.982,56.859,-1.703,0.9,19.128,98.2,0.7179487179487243,51.66427723584781,14.23,0.11,2.35,1.0,,0,,0.25898343,,8.872502088207854
38,Poland,Europe,3,2014,0,0,0,tranquil,,0,0,0,0,10.829074559831664,50466.981,3.92,0.684,1.512,143.0,104.1,163.0,139.7,-2.972,51.13,-1.694,,20.827,98.3,0.1018329938900164,52.62354982388197,14.18,0.09,2.54,1.0,,0,,3.8508918,,9.848875998795451
38,Poland,Europe,3,2015,0,0,0,tranquil,,0,0,0,0,10.872760506755732,52720.545,4.432,3.92,0.684,116.0,99.2,143.0,104.1,-1.326,51.056,-0.844,-0.9,20.802,100.0,1.729399796541209,53.31488690093305,16.67,0.13,2.14,1.0,,0,,3.295462,,11.124723966657161
38,Poland,Europe,3,2016,0,0,0,tranquil,,0,0,0,0,10.903633027803574,54373.546,3.031,4.432,3.92,146.0,110.8,116.0,99.2,-1.07,54.129,-0.679,-0.6,20.087,100.3,0.2999999999999891,54.34569872880448,15.83,0.4,1.84,1.0,,0,,3.8160875,,13.517867478402538
38,Poland,Europe,3,2017,0,0,0,tranquil,,0,0,0,0,10.953722484318154,57166.451,5.152,3.031,4.432,106.0,67.8,146.0,110.8,-1.186,50.444,0.075,2.0,19.908,99.0,-1.2961116650049842,52.27429793934003,11.09,1.0,2.33,1.0,,0,,2.3781283,,13.462297354414684
38,Poland,Europe,3,2018,0,0,0,tranquil,,0,0,0,0,11.014210016131855,60731.028,6.246,5.152,3.031,83.0,62.7,106.0,67.8,-1.966,48.234,1.179,1.6,21.444,97.4,-1.6161616161616157,51.89698950496534,16.64,1.83,2.91,0.0,,0,,3.3480392,,12.837524160837255
38,Poland,Europe,3,2019,0,0,0,tranquil,,0,0,0,0,11.059099296114589,63519.314,4.581,6.246,5.152,67.0,42.8,83.0,62.7,-0.273,45.211,0.625,2.3,20.708,98.1,0.7186858316221567,50.22772954572072,15.39,2.16,2.14,0.0,,0,,3.1545565,,13.40935698545634
38,Poland,Europe,3,2020,0,0,0,tranquil,,0,0,0,0,11.038919918725991,62250.38,-2.036,4.581,6.246,105.0,48.7,67.0,42.8,2.398,56.585,-5.563,3.4,18.839,100.5,2.446483180428149,49.26651851594793,29.25,0.38,0.89,0.0,,0,,3.3149905,,17.420603163304214
38,Poland,Europe,3,2021,0,0,0,tranquil,,0,0,0,0,11.129483458256416,68151.16,6.927,-2.036,4.581,56.0,21.5,105.0,48.7,-1.301,53.014,-0.582,5.1,21.811,98.3,-2.189054726368167,45.72788912192215,19.66,0.08,1.45,0.0,,0,,5.4430676,,14.580588972157994
38,Poland,Europe,3,2022,0,0,0,tranquil,,0,0,0,0,11.185668203746106,72089.826,5.255,6.927,-2.036,95.0,45.3,56.0,21.5,-2.274,48.787,-1.842,14.4,22.059,96.5,-1.831129196337744,39.315929503200735,25.64,1.68,2.95,0.0,,0,,6.006261,,11.338600706257962
38,Poland,Europe,3,2023,0,0,0,tranquil,,0,0,0,0,11.19185536413952,72537.24,0.25,5.255,6.927,131.0,106.7,95.0,45.3,1.536,49.521,-3.124,11.4,17.668,100.9,4.559585492227991,34.70752273463271,16.85,5.02,3.96,0.0,,0,,4.389187,,12.130476207765467
38,Poland,Europe,3,2024,0,0,0,tranquil,,0,0,0,0,11.225308723717651,75004.9,3.028,0.25,5.255,120.0,104.0,131.0,106.7,0.305,55.089,-4.269,3.6,17.803,,,33.58579001880971,15.55,5.14,4.21,0.0,,0,,2.2452319,,12.54395866680973
38,Poland,Europe,3,2025,0,0,0,tranquil,,0,0,0,0,11.263790391597873,77947.468,3.573,3.028,0.25,119.0,100.3,120.0,104.0,-0.7,58.804,-4.532,3.6,17.887,,,,18.93,4.21,4.29,0.0,,0,,,,
39,Romania,,0,1994,0,0,0,tranquil,,0,0,0,1,10.01336497658654,22322.825,3.932,,,,,,,-1.646,,-0.863,136.742,25.155,,,,13.93,4.2,7.09,0.0,,0,,1.1339148,33.102,-1.230019392565063
39,Romania,,0,1995,0,0,0,tranquil,,0,0,0,1,10.088266919771277,24059.06,7.138,3.932,,,,,,-4.42,,-1.963,32.272,24.657,,,,12.39,5.84,6.57,0.0,,0,,1.119418,34.393,1.176122776128032
39,Romania,,0,1996,0,0,0,tranquil,,0,0,0,1,10.132564585878242,25148.778,3.948,7.138,3.932,,,,,-6.584,,-3.066,38.809,26.267,,,10.990981497580725,16.44,5.3,6.44,0.0,,0,,0.71202177,33.456,4.022058888098563
39,Romania,,0,1997,0,0,0,tranquil,,0,0,0,1,10.075449003280523,23752.641,-6.053,3.948,7.138,,,,,-5.35,,-1.407,154.763,21.041,,,8.292438068870318,22.36,5.46,6.35,0.0,,0,,3.4152992,33.519,4.483982415755232
39,Romania,,0,1998,0,0,0,tranquil,,0,0,0,1,10.031096466857385,22722.172,-4.818,-6.053,3.948,,,,,-6.798,,-0.708,59.097,18.101,,,11.66792316193657,25.6,5.35,5.26,0.0,,0,,4.87096,34.726,5.934359606244106
39,Romania,,0,1999,0,0,0,tranquil,,0,0,0,1,10.024280232444069,22567.819,-1.15,-4.818,-6.053,,,,,-4.022,,1.645,45.804,15.649,,,7.987189440993789,24.37,4.97,5.65,1.0,,0,,2.8954341,35.113,7.169740813838741
39,Romania,,0,2000,0,0,0,tranquil,,0,0,0,1,10.05318140114358,23229.572,2.921,-1.15,-4.818,,,,,-2.596,29.558,0.831,45.667,19.67,91.3413476445,,7.125224580237434,23.32,6.24,6.03,1.0,,0,,2.7836132,35.037,4.628535322622726
39,Romania,,0,2001,0,0,0,tranquil,,0,0,0,1,10.105162370970756,24469.002,5.218,2.921,-1.15,,,,,-3.182,27.409,0.599,34.454,22.756,91.2739149494,-0.0738249400068613,8.653376567619093,25.75,3.89,5.02,1.0,,0,,2.8642075,33.164,2.8433888683498107
39,Romania,,0,2002,0,0,0,tranquil,,0,0,0,1,10.187600174572731,26571.651,5.703,5.218,2.921,,,,,-2.675,27.383,0.383,22.498,22.173,93.1983672058,2.1084361917278027,10.089858509307389,27.29,1.67,4.61,1.0,,0,,2.4834201,32.082,2.006472255149519
39,Romania,,0,2003,0,0,0,tranquil,,0,0,0,1,10.220220276297974,27452.713,2.341,5.703,5.218,,,,,-4.677,24.88,-0.19,15.37,23.195,94.3490581924,1.2346686117998606,14.132268119234505,21.98,1.13,4.01,1.0,,0,,3.189959,31.816,0.5342246880953075
39,Romania,,0,2004,0,0,0,tranquil,,0,0,0,1,10.324345382506763,30465.354,10.428,2.341,5.703,,,,,-7.58,21.329,-2.291,11.855,24.217,97.5067283978,3.3467956817976763,15.78192827364447,15.48,1.35,4.27,1.0,,0,,8.593685,33.655,-0.04531291443031808
39,Romania,,0,2005,0,0,0,tranquil,,0,0,0,1,10.37643986139998,32094.497,4.668,10.428,2.341,,,,,-8.748,17.767,0.413,8.995,22.931,97.5,-0.006900444626301,20.05825486061412,12.81,3.21,4.29,1.0,,0,,6.600672,32.301,-0.29044847015236247
39,Romania,,0,2006,0,0,0,tranquil,,0,0,0,1,10.459546393457767,34875.728,8.029,4.668,10.428,,,,,-10.504,12.691,-0.721,6.591,27.467,98.8,1.3333333333333195,26.005425621115023,12.81,4.96,4.8,1.0,,0,,9.020061,33.857,-3.2927040464741486
39,Romania,,0,2007,0,0,0,tranquil,,0,0,0,1,10.535357368601982,37622.493,7.234,8.029,4.668,,,,,-13.56,12.431,-2.502,4.834,31.337,98.2,-0.6072874493927016,33.99995466900764,17.54,5.02,4.63,0.0,,0,,5.7867904,34.565,-1.7532861187372721
39,Romania,,0,2008,0,0,0,tranquil,,0,0,0,1,10.648058450228207,42110.755,9.307,7.234,8.029,,,,,-11.456,13.004,-4.006,7.846,33.094,97.5,-0.7128309572301483,35.91491713894375,32.69,1.93,3.66,0.0,,0,,6.3774185,35.272,0.5171915225753818
39,Romania,,0,2009,0,0,0,tranquil,,0,0,0,1,10.60081416210249,40167.527,-5.517,9.307,7.234,,,,,-4.643,22.451,-5.878,5.584,27.203,98.4,0.9230769230769376,37.0085626096682,31.48,0.16,3.26,1.0,,0,,2.663644,36.311,4.023905302610791
39,Romania,,0,2010,0,0,0,tranquil,,0,0,0,1,10.568122109169108,38875.601,-3.906,-5.517,9.307,,,,,-5.129,30.164,-4.984,6.113,27.189,99.1,0.7113821138211351,38.28600737111375,22.55,0.18,3.22,1.0,,0,,1.8897185,37.424,6.77874466678077
39,Romania,,0,2011,0,0,0,tranquil,,0,0,0,1,10.616819738256911,40815.604,4.496,-3.906,-5.517,,,,,-4.718,32.597,-2.745,5.795,27.81,99.8,0.7063572149344166,37.43260739499519,24.2,0.1,2.78,1.0,,0,,1.2304269,35.049,7.4351183153252105
39,Romania,Europe,3,2012,0,0,0,tranquil,,0,0,0,1,10.640792398076623,41805.885,1.904,4.496,-3.906,528.0,396.2,,,-4.641,36.167,-0.706,3.339,26.722,99.3,-0.501002004008011,35.96056979479075,17.8,0.14,1.8,1.0,,0,,1.7014377,33.47,6.50443597455115
39,Romania,Europe,3,2013,0,0,0,tranquil,,0,0,0,1,10.64736130692786,42081.408,0.279,1.904,4.496,283.0,243.1,528.0,396.2,-1.119,39.262,-0.785,4.002,25.251,98.6,-0.7049345417925457,34.16965053037044,14.23,0.11,2.35,1.0,,0,,2.0310051,34.224,5.604459638651497
39,Romania,Europe,3,2014,0,0,0,tranquil,,0,0,0,1,10.69133768311916,43973.29,4.116,0.279,1.904,244.0,183.7,283.0,243.1,-0.321,40.474,-0.279,1.076,25.226,98.2,-0.4056795131845758,31.08576027044199,14.18,0.09,2.54,1.0,,0,,1.9372883,33.758,4.430989676261951
39,Romania,Europe,3,2015,0,0,0,tranquil,,0,0,0,1,10.726270667013743,45536.554,3.157,4.116,0.279,202.0,178.4,244.0,183.7,-0.648,39.354,-0.049,-0.596,25.496,100.0,1.8329938900203624,29.90381456801684,16.67,0.13,2.14,1.0,,0,,2.4272583,34.163,5.1308293246243135
39,Romania,Europe,3,2016,0,0,0,tranquil,,0,0,0,1,10.760023290607773,47099.765,2.86,3.157,4.116,210.0,184.2,202.0,178.4,-2.085,39.548,-1.21,-1.555,23.665,100.2,0.2000000000000001,28.558624305056146,15.83,0.4,1.84,0.0,,0,,3.3741758,31.812,3.5007044584500187
39,Romania,Europe,3,2017,0,0,0,tranquil,,0,0,0,1,10.84471254585,51262.386,8.195,2.86,3.157,171.0,135.8,210.0,184.2,-3.183,37.107,-1.712,1.344,23.987,98.0,-2.195608782435132,26.66846046302778,11.09,1.0,2.33,0.0,,0,,2.8327308,31.019,4.271745918663781
39,Romania,Europe,3,2018,0,0,0,tranquil,,0,0,0,1,10.902892319954766,54333.286,5.395,8.195,2.86,213.0,166.1,171.0,135.8,-4.637,36.418,-1.443,4.631,23.044,96.7,-1.3265306122448917,25.691739171492927,16.64,1.83,2.91,0.0,,0,,3.0371466,31.929,4.92648443154876
39,Romania,Europe,3,2019,0,0,0,tranquil,,0,0,0,1,10.947842966765752,56831.326,3.96,5.395,8.195,204.0,180.5,213.0,166.1,-4.882,36.767,-3.479,3.825,24.407,96.1,-0.6204756980351722,24.715563111960016,15.39,2.16,2.14,0.0,,0,,2.9452293,33.444,6.734234990759297
39,Romania,Europe,3,2020,0,0,0,tranquil,,0,0,0,1,10.915619523177831,55029.216,-3.598,3.96,5.395,365.0,247.2,204.0,180.5,-5.097,49.537,-8.276,2.646,24.332,96.9,0.8324661810614087,25.85472181675808,29.25,0.38,0.89,0.0,,0,,1.4373735,38.297,7.322565533214992
39,Romania,Europe,3,2021,0,0,0,tranquil,,0,0,0,1,10.976589262504117,58488.724,5.587,-3.598,3.96,221.0,180.6,365.0,247.2,-7.23,51.805,-5.265,5.046,26.423,95.4,-1.5479876160990669,26.489032098571403,19.66,0.08,1.45,0.0,,0,,4.1283455,37.241,9.183607565298056
39,Romania,Europe,3,2022,0,0,0,tranquil,,0,0,0,1,11.025905296158978,61445.464,4.188,5.587,-3.598,373.0,273.8,221.0,180.6,-9.555,51.902,-3.797,13.8,27.061,94.8,-0.6289308176100739,25.222036981497443,25.64,1.68,2.95,0.0,,0,,3.8864734,37.496,6.555648810289891
39,Romania,Europe,3,2023,0,0,0,tranquil,,0,0,0,1,11.04759454957305,62792.728,2.258,4.188,5.587,259.0,224.3,373.0,273.8,-6.684,52.595,-3.778,10.397,26.21,95.1,0.3164556962025333,23.250230442142552,16.85,5.02,3.96,0.0,,0,,2.5042686,36.967,5.104009217416647
39,Romania,Europe,3,2024,0,0,0,tranquil,,0,0,0,1,11.06257362811625,63740.385,0.916,2.258,4.188,235.0,194.6,259.0,224.3,-8.159,57.468,-6.664,5.584,24.997,,,22.728119541209832,15.55,5.14,4.21,0.0,,0,,1.8713495,39.951,6.346614549944853
39,Romania,Europe,3,2025,0,0,0,tranquil,,0,0,0,1,11.075140352157256,64546.447,0.665,0.916,2.258,294.0,222.8,235.0,194.6,-7.951,60.563,-5.046,7.327,25.653,,,,18.93,4.21,4.29,0.0,,0,,,40.459,
40,Russia,,0,1994,0,0,0,tranquil,,0,0,0,1,13.026862546027148,454458.803,-12.7,,,,,,,3.044,,,307.547,14.281,,,,13.93,4.2,7.09,0.0,,0,,0.17454052,,
40,Russia,,0,1995,0,0,0,tranquil,,0,0,0,1,12.984386747909308,435559.525,-4.1,-12.7,,,,,,2.215,,,197.3,19.452,,,,12.39,5.84,6.57,1.0,,0,,0.52225685,,
40,Russia,,0,1996,0,0,0,tranquil,,0,0,0,1,12.94931257010538,420547.44,-3.581,-4.1,-12.7,,,,,2.448,,,47.752,18.961,,,,16.44,5.3,6.44,1.0,,0,,0.6584545,,
40,Russia,Europe,3,1997,0,0,0,tranquil,,0,0,0,1,12.964537390569609,426999.188,1.376,-3.581,-4.1,656.0,656.0,,,-0.193,51.519,,14.761,17.808,,,,22.36,5.46,6.35,1.0,,0,Spreads frozen at 3415bps from Feb 2022.,1.2013589,,
40,Russia,Europe,3,1998,1,1,0,onset,Russia_ep,1,1,1,1,12.911358337860923,404884.993,-5.319,1.376,-3.581,5783.0,2523.6,656.0,656.0,0.025,135.193,-3.152,27.686,11.602,,,,25.6,5.35,5.26,1.0,6.0,0,Spreads frozen at 3415bps from Feb 2022.,1.0191194,,
40,Russia,Europe,3,1999,0,0,1,continuation,Russia_ep,1,0,1,1,12.975569441917958,431735.945,6.347,-5.319,1.376,5258.0,3702.4,5783.0,2523.6,10.901,92.379,1.888,85.746,12.456,,,,24.37,4.97,5.65,1.0,,0,Spreads frozen at 3415bps from Feb 2022.,1.6622826,,
40,Russia,Europe,3,2000,0,0,1,continuation,Russia_ep,1,0,1,1,13.07494089543107,476842.199,10.054,6.347,-5.319,2505.0,1318.8,5258.0,3702.4,16.309,55.868,7.106,20.799,16.412,72.202326839,,,23.32,6.24,6.03,0.0,,0,Spreads frozen at 3415bps from Feb 2022.,1.0311611,,
40,Russia,Europe,3,2001,0,0,1,continuation,Russia_ep,1,0,1,1,13.12860982168703,503132.997,5.082,10.054,6.347,1088.0,923.4,2505.0,1318.8,9.758,44.438,5.459,21.477,19.553,69.3313756303,-3.976258570034408,16.83777185303285,25.75,3.89,5.02,0.0,,0,Spreads frozen at 3415bps from Feb 2022.,0.928663,,7.716147390781574
40,Russia,Europe,3,2002,0,0,0,tranquil,,0,0,0,1,13.17619704550845,527654.528,4.746,5.082,10.054,615.0,524.3,1088.0,923.4,7.424,37.577,2.59,15.789,17.891,67.3940555403,-2.7942905681411667,17.97239277965006,27.29,1.67,4.61,0.0,,0,Spreads frozen at 3415bps from Feb 2022.,1.005536,,7.468722588984811
40,Russia,Europe,3,2003,0,0,0,tranquil,,0,0,0,1,13.248170625231188,567031.777,7.356,4.746,5.082,424.0,312.1,615.0,524.3,7.178,28.334,2.796,13.663,18.75,72.8114041519,8.038318169412673,21.243567057854086,21.98,1.13,4.01,0.0,,0,Spreads frozen at 3415bps from Feb 2022.,1.8423789,,5.172531100155356
40,Russia,Europe,3,2004,0,0,0,tranquil,,0,0,0,1,13.321408877861304,610118.743,7.145,7.356,4.746,314.0,274.9,424.0,312.1,9.247,20.828,5.635,10.889,18.884,82.7844018102,13.697026962279434,24.31640094976888,15.48,1.35,4.27,0.0,,0,Spreads frozen at 3415bps from Feb 2022.,2.6061852,,-0.036999643991774696
40,Russia,Europe,3,2005,0,0,0,tranquil,,0,0,0,1,13.387430527322149,651759.252,6.397,7.145,7.356,207.0,151.5,314.0,274.9,10.32,14.851,8.342,12.685,18.196,99.8,20.55411142404786,25.922539524325146,12.81,3.21,4.29,0.0,,0,Spreads frozen at 3415bps from Feb 2022.,2.029807,,-6.4392184205252665
40,Russia,Europe,3,2006,0,0,0,tranquil,,0,0,0,1,13.4693490013256,707398.193,8.165,6.397,7.145,123.0,110.4,207.0,151.5,8.702,9.804,8.319,9.669,19.255,113.6,13.827655310621246,30.941924028311057,12.81,4.96,4.8,0.0,,0,Spreads frozen at 3415bps from Feb 2022.,3.797712,,-11.014889544771627
40,Russia,Europe,3,2007,0,0,0,tranquil,,0,0,0,1,13.55308156670205,769180.981,8.55,8.165,6.397,170.0,124.6,123.0,110.4,5.181,8.033,5.584,9.007,22.047,118.8,4.577464788732399,37.78357771745395,17.54,5.02,4.63,0.0,,0,Spreads frozen at 3415bps from Feb 2022.,4.298956,,-15.419499090621747
40,Russia,Europe,3,2008,1,1,0,onset,Russia_ep,0,1,1,1,13.604555356022944,809810.344,5.247,8.55,8.165,805.0,346.9,170.0,124.6,5.842,7.446,4.737,14.111,23.308,142.9,20.286195286195287,41.55404382319479,32.69,1.93,3.66,0.0,12.0,1,Spreads frozen at 3415bps from Feb 2022.,4.502694,,-19.059352045886573
40,Russia,Europe,3,2009,0,0,0,tranquil,,0,0,0,1,13.52271992969952,746178.353,-7.821,5.247,8.55,709.0,427.5,805.0,346.9,3.852,9.918,-6.197,11.647,17.22,95.2,-33.379986004198734,45.26090929720799,31.48,0.16,3.26,0.0,,0,Spreads frozen at 3415bps from Feb 2022.,2.9921255,,-13.332571078240434
40,Russia,Europe,3,2010,0,0,0,tranquil,,0,0,0,1,13.566400901387013,779494.492,4.512,-7.821,5.247,295.0,240.0,709.0,427.5,4.13,10.105,-3.079,6.849,20.658,115.3,21.11344537815125,42.84004524911272,22.55,0.18,3.22,0.0,,0,Spreads frozen at 3415bps from Feb 2022.,2.8308287,,-7.166496535452621
40,Russia,Europe,3,2011,0,0,0,tranquil,,0,0,0,1,13.60481176467296,810018.013,3.995,4.512,-7.821,407.0,261.6,295.0,240.0,4.753,10.34,1.709,8.44,24.261,140.4,21.76929748482221,41.6986059819676,24.2,0.1,2.78,0.0,,0,Spreads frozen at 3415bps from Feb 2022.,2.692361,,-7.427887014672123
40,Russia,Europe,3,2012,0,0,0,tranquil,,0,0,0,1,13.6425488127508,841169.793,4.024,3.995,4.512,336.0,250.9,407.0,261.6,3.253,11.167,0.655,5.075,24.554,146.6,4.415954415954415,43.913960242807256,17.8,0.14,1.8,0.0,,0,Spreads frozen at 3415bps from Feb 2022.,2.2907987,,-7.63765098365133
40,Russia,Europe,3,2013,0,0,0,tranquil,,0,0,0,1,13.65778338727809,854082.769,1.755,4.024,3.995,241.0,212.4,336.0,250.9,1.461,12.348,-0.825,6.754,23.272,136.9,-6.616643929058652,48.02475005377766,14.23,0.11,2.35,0.0,,0,Spreads frozen at 3415bps from Feb 2022.,3.019402,,-6.859836926959664
40,Russia,Europe,3,2014,0,0,0,tranquil,,0,0,0,1,13.662897967670627,858462.234,0.736,1.755,4.024,569.0,322.5,241.0,212.4,2.807,15.136,-0.677,7.823,22.391,131.5,-3.9444850255661135,54.832279893711245,14.18,0.09,2.54,0.0,,0,Spreads frozen at 3415bps from Feb 2022.,1.0698764,,-10.442654435024675
40,Russia,Europe,3,2015,0,0,0,tranquil,,0,0,0,1,13.640341384584945,839315.019,-1.973,0.736,1.755,706.0,383.2,569.0,322.5,4.996,15.286,-3.136,15.534,22.149,100.0,-23.954372623574148,55.95202268936084,16.67,0.13,2.14,0.0,,0,Spreads frozen at 3415bps from Feb 2022.,0.50260794,,-6.902359082123162
40,Russia,Europe,3,2016,0,0,0,tranquil,,0,0,0,1,13.63903964234247,838223.158,0.194,-1.973,0.736,325.0,246.2,706.0,383.2,1.911,14.849,-3.235,7.042,23.095,81.5,-18.500000000000007,53.102473833776585,15.83,0.4,1.84,0.0,,0,Spreads frozen at 3415bps from Feb 2022.,2.5485,,-3.1105136767500507
40,Russia,Europe,3,2017,0,0,0,tranquil,,0,0,0,1,13.654346170659869,851152.141,1.827,0.194,-1.973,188.0,173.9,325.0,246.2,2.043,14.311,-0.96,3.683,23.607,92.2,13.128834355828234,52.0765975053134,11.09,1.0,2.33,0.0,,0,Spreads frozen at 3415bps from Feb 2022.,1.814093,,-2.425906871711787
40,Russia,Europe,3,2018,0,0,0,tranquil,,0,0,0,1,13.680359770255611,873584.176,2.806,1.827,0.194,254.0,207.5,188.0,173.9,6.998,13.62,3.425,2.878,21.918,108.1,17.245119305856814,51.243310671787576,16.64,1.83,2.91,0.0,,0,Spreads frozen at 3415bps from Feb 2022.,0.53006077,,-5.730825511232726
40,Russia,Europe,3,2019,0,0,0,tranquil,,0,0,0,1,13.7013998115672,892159.147,2.198,2.806,1.827,227.0,195.8,254.0,207.5,3.872,13.748,2.2,4.47,22.662,109.3,1.1100832562442209,52.56142892463436,15.39,2.16,2.14,0.0,,0,Spreads frozen at 3415bps from Feb 2022.,1.8885173,,-8.121627103056976
40,Russia,Europe,3,2020,0,0,0,tranquil,,0,0,0,1,13.67560940024911,869444.169,-2.654,2.198,2.806,299.0,209.7,227.0,195.8,2.377,19.162,-3.84,3.382,23.456,89.2,-18.389752973467523,59.583626499074384,29.25,0.38,0.89,0.0,,0,Spreads frozen at 3415bps from Feb 2022.,0.63485116,,-4.105521275222208
40,Russia,Europe,3,2021,0,0,0,tranquil,,0,0,0,1,13.736280630811809,923827.487,5.866,-2.654,2.198,174.0,164.0,299.0,209.7,6.832,16.529,1.106,6.694,23.009,115.2,29.147982062780265,54.642244776247885,19.66,0.08,1.45,0.0,,0,Spreads frozen at 3415bps from Feb 2022.,2.2113652,,-6.5078754628738995
40,Russia,Europe,3,2022,1,1,0,onset,Russia_ep,1,1,1,1,13.723581749474931,912170.086,-1.435,5.866,-2.654,3415.0,3075.8,174.0,164.0,10.352,15.134,-0.986,13.75,23.173,135.5,17.621527777777768,,25.64,1.68,2.95,0.0,2.0,0,Spreads frozen at 3415bps from Feb 2022.,-1.7368098,,
40,Russia,Europe,3,2023,0,0,1,continuation,Russia_ep,1,0,1,1,13.76440077305362,950174.35,4.067,-1.435,5.866,3415.0,3415.0,3415.0,3075.8,2.428,15.19,-1.978,5.859,27.303,114.6,-15.424354243542435,,16.85,5.02,3.96,0.0,,0,Spreads frozen at 3415bps from Feb 2022.,-0.48491877,,
40,Russia,Europe,3,2024,0,0,1,continuation,Russia_ep,1,0,1,1,13.816717311544194,1001207.482,4.922,4.067,-1.435,3415.0,3415.0,3415.0,3415.0,2.863,14.758,-1.494,8.442,26.496,,,,15.55,5.14,4.21,0.0,,0,Spreads frozen at 3415bps from Feb 2022.,-0.4301268,,
40,Russia,Europe,3,2025,0,0,1,continuation,Russia_ep,1,0,1,1,13.83217909776243,1016808.235,0.981,4.922,4.067,3415.0,3415.0,3415.0,3415.0,1.599,17.189,-3.09,8.68,26.402,,,,18.93,4.21,4.29,0.0,,0,Spreads frozen at 3415bps from Feb 2022.,,,
41,Senegal,,0,1994,0,0,0,tranquil,,0,0,0,1,13.231744330661012,557793.628,-0.228,,,,,,,-6.092,,8.617,32.104,4.04,123.0417468458,,12.599699377418217,13.93,4.2,7.09,1.0,,0,,1.3283358,15.898,6.256944407803116
41,Senegal,,0,1995,0,0,0,tranquil,,0,0,0,1,13.26417430960016,576179.377,6.093,-0.228,,,,,,-5.365,,4.552,8.076,7.458,144.5121187632,17.44966441699447,11.33181381781794,12.39,5.84,6.57,1.0,,0,,0.5006676,14.44,5.683992376623783
41,Senegal,,0,1996,0,0,0,tranquil,,0,0,0,1,13.257432480396032,572307.939,1.874,6.093,-0.228,,,,,-5.345,0.071,2.656,2.835,7.321,153.2120402965,6.020202047937473,12.33924996030558,16.44,5.3,6.44,1.0,,0,,0.21274652,15.378,4.796568116779506
41,Senegal,,0,1997,0,0,0,tranquil,,0,0,0,1,13.26007379597328,573821.583,2.717,1.874,6.093,,,,,-4.608,67.845,2.691,1.784,10.266,116.8266391929,-23.748395382755817,12.226856376164823,22.36,5.46,6.35,1.0,,0,,2.9597082,14.058,4.335510427549332
41,Senegal,,0,1998,0,0,0,tranquil,,0,0,0,1,13.294603183709931,593981.34,5.972,2.717,1.874,,,,,-5.291,18.8,1.852,0.989,12.528,120.6362034812,3.2608695367926988,11.46281085916558,25.6,5.35,5.26,1.0,,0,,1.0929925,13.469,4.718604457342716
41,Senegal,,0,1999,0,0,0,tranquil,,0,0,0,1,13.329300804006603,614952.805,5.978,5.972,2.717,,,,,-5.165,14.989,0.432,0.818,21.772,106.2235613113,-11.947194750824586,11.982950907169185,24.37,4.97,5.65,1.0,,0,,2.4524646,14.624,4.629049532574454
41,Senegal,,0,2000,0,0,0,tranquil,,0,0,0,1,13.343784721771131,623924.547,3.887,5.978,5.972,,,,,-5.452,57.514,1.843,0.754,22.133,92.4877560084,-12.931034445969756,14.575522343576855,23.32,6.24,6.03,1.0,,0,,1.3577446,13.982,3.751663733750933
41,Senegal,,0,2001,0,0,0,tranquil,,0,0,0,1,13.36195196954611,635363.128,4.311,3.887,5.978,,,,,-3.78,53.209,-0.806,3.053,25.345,91.7750372679,-0.7706087500222836,13.752032281005016,25.75,3.89,5.02,1.0,,0,,0.69275725,15.712,3.8173928070587135
41,Senegal,,0,2002,0,0,0,tranquil,,0,0,0,1,13.33826795687121,620491.979,0.069,4.311,3.887,,,,,-4.619,51.993,1.01,2.398,22.88,90.396699334,-1.5018658394836737,14.146640099390371,27.29,1.67,4.61,1.0,,0,,1.1802444,15.515,2.1531534179626743
41,Senegal,,0,2003,0,0,0,tranquil,,0,0,0,1,13.367941390091316,639180.004,5.594,0.069,4.311,,,,,-4.99,42.883,0.361,-0.048,23.692,91.1273394084,0.8082596818058674,15.428954100835965,21.98,1.13,4.01,1.0,,0,,0.9864583,17.07,1.2633081052179462
41,Senegal,,0,2004,0,0,0,tranquil,,0,0,0,1,13.38816598552611,652238.77,4.643,5.594,0.069,,,,,-5.097,37.999,1.063,-0.048,23.404,90.274547721,-0.935824191660084,16.12543945208869,15.48,1.35,4.27,1.0,,0,,1.3653467,18.145,0.45323870138413114
41,Senegal,,0,2005,0,0,0,tranquil,,0,0,0,1,13.40479001521991,663172.234,4.31,4.643,5.594,,,,,-6.154,36.13,0.442,1.613,24.35,99.8,10.551647745097648,18.38131637604308,12.81,3.21,4.29,1.0,,0,,1.5255129,18.669,-0.6138798473784239
41,Senegal,,0,2006,0,0,0,tranquil,,0,0,0,1,13.401828084600286,661210.87,2.331,4.31,4.643,,,,,-6.191,17.487,-2.975,2.169,22.194,100.6,0.8016032064128265,18.18399864819569,12.81,4.96,4.8,1.0,,0,,2.4777083,21.284,0.18204169504860926
41,Senegal,,0,2007,0,0,0,tranquil,,0,0,0,1,13.40328029219375,662171.783,2.827,2.331,4.31,,,,,-9.551,18.963,-2.286,5.49,24.401,102.2,1.5904572564612307,18.36719398490981,17.54,5.02,4.63,1.0,,0,,2.5114567,22.172,1.391162170918437
41,Senegal,,0,2008,0,0,0,tranquil,,0,0,0,1,13.412828328554722,668524.503,3.703,2.827,2.331,,,,,-11.312,19.073,-3.017,6.236,26.008,101.0,-1.1741682974559686,19.15090819024729,32.69,1.93,3.66,1.0,,0,,2.7040474,20.939,0.3747192951970389
41,Senegal,,0,2009,0,0,0,tranquil,,0,0,0,1,13.4128275073429,668523.954,2.752,3.703,2.827,,,,,-5.307,29.937,-3.067,-1.047,20.177,97.0,-3.960396039603964,19.64880388189497,31.48,0.16,3.26,1.0,,0,,2.0529954,21.119,1.5121116141568929
41,Senegal,,0,2010,0,0,0,tranquil,,0,0,0,1,13.418742889237748,672490.248,3.391,2.752,3.703,,,,,-3.522,34.6,-3.184,0.0,19.867,97.8,0.8247422680412342,20.64739496798791,22.55,0.18,3.22,1.0,,0,,1.6877834,21.699,2.511327126348516
41,Senegal,Sub-Saharan Africa,5,2011,0,0,0,tranquil,,0,0,0,1,13.404328023981773,662865.925,1.334,3.391,2.752,716.0,628.3,,,-6.504,32.877,-3.689,3.403,20.773,98.7,0.920245398773023,23.26397708215873,24.2,0.1,2.78,1.0,,0,,1.90107,23.251,2.016582172936719
41,Senegal,Sub-Saharan Africa,5,2012,0,0,0,tranquil,,0,0,0,1,13.415721394661729,670461.389,4.003,1.334,3.391,722.0,542.3,716.0,628.3,-8.759,34.489,-2.991,1.418,24.406,97.5,-1.2158054711246202,23.741854553574264,17.8,0.14,1.8,1.0,,0,,1.5636802,22.972,1.1213304349421072
41,Senegal,Sub-Saharan Africa,5,2013,0,0,0,tranquil,,0,0,0,1,13.411567547377723,667682.171,2.412,4.003,1.334,577.0,482.3,722.0,542.3,-8.264,36.86,-3.124,0.71,23.845,95.8,-1.7435897435897465,25.837778544029987,14.23,0.11,2.35,1.0,,0,,1.6458176,22.09,1.6171323544389358
41,Senegal,Sub-Saharan Africa,5,2014,0,0,0,tranquil,,0,0,0,1,13.44388114701343,689609.757,6.224,2.412,4.003,522.0,407.1,577.0,482.3,-6.981,42.366,-2.556,-1.09,25.666,96.5,0.7306889352818313,26.268302152042565,14.18,0.09,2.54,1.0,,0,,2.0361311,23.1,0.71455950201324
41,Senegal,Sub-Saharan Africa,5,2015,0,0,0,tranquil,,0,0,0,1,13.47752384610416,713204.765,6.367,6.224,2.412,595.0,486.9,522.0,407.1,-5.715,44.509,-2.144,0.135,25.629,100.0,3.626943005181338,26.027090063899745,16.67,0.13,2.14,1.0,,0,,2.3019493,22.947,1.880459431040143
41,Senegal,Sub-Saharan Africa,5,2016,0,0,0,tranquil,,0,0,0,1,13.511072964509015,737538.054,6.356,6.367,6.224,615.0,501.6,595.0,486.9,-4.188,47.524,-1.609,0.839,25.165,99.8,-0.2000000000000001,,15.83,0.4,1.84,1.0,,0,,2.4811032,23.963,
41,Senegal,Sub-Saharan Africa,5,2017,0,0,0,tranquil,,0,0,0,1,13.554526896525685,770293.505,7.407,6.356,6.367,409.0,334.8,615.0,501.6,-7.276,61.139,-1.051,2.23,29.617,101.4,1.603206412825653,,11.09,1.0,2.33,1.0,,0,,2.801854,22.463,
41,Senegal,Sub-Saharan Africa,5,2018,0,0,0,tranquil,,0,0,0,1,13.586949033404077,795677.342,6.209,7.407,6.356,515.0,414.6,409.0,334.8,-8.808,61.523,-1.669,0.455,32.451,102.5,1.0848126232741562,,16.64,1.83,2.91,1.0,,0,,3.667658,22.552,
41,Senegal,Sub-Saharan Africa,5,2019,0,0,0,tranquil,,0,0,0,1,13.604553056716504,809808.482,4.614,6.209,7.407,506.0,440.4,515.0,414.6,-7.919,81.487,-11.476,1.02,31.772,106.1,3.512195121951222,,15.39,2.16,2.14,1.0,,0,,4.5524764,34.27,
41,Senegal,Sub-Saharan Africa,5,2020,0,0,0,tranquil,,0,0,0,1,13.590790622308894,798739.886,1.342,4.614,6.209,715.0,547.8,506.0,440.4,-11.872,90.112,-7.384,2.529,35.415,111.1,4.712535344015079,,29.25,0.38,0.89,1.0,,0,,7.5239573,29.594,
41,Senegal,Sub-Saharan Africa,5,2021,0,0,0,tranquil,,0,0,0,1,13.627084580247608,828261.811,6.544,1.342,4.614,499.0,450.8,715.0,547.8,-12.09,98.729,-11.443,2.173,38.121,111.6,0.4500450045004545,,19.66,0.08,1.45,1.0,,0,,9.404264,33.651,
41,Senegal,Sub-Saharan Africa,5,2022,0,0,0,tranquil,,0,0,0,1,13.637772192286038,837161.425,3.85,6.544,1.342,735.0,589.2,499.0,450.8,-19.948,104.689,-13.634,9.702,45.074,111.0,-0.5376344086021501,,25.64,1.68,2.95,1.0,,0,,10.541124,36.093,
41,Senegal,Sub-Saharan Africa,5,2023,0,0,0,tranquil,,0,0,0,1,13.65237123135412,849472.826,4.257,3.85,6.544,647.0,541.7,735.0,589.2,-19.78,118.374,-11.437,5.939,41.677,112.8,1.6216216216216273,,16.85,5.02,3.96,1.0,,0,,15.60446,35.495,
41,Senegal,Sub-Saharan Africa,5,2024,0,0,0,tranquil,,0,0,0,1,13.6848913208956,877551.85,6.143,4.257,3.85,561.0,500.1,647.0,541.7,-11.279,132.395,-9.279,0.802,36.175,,,,15.55,5.14,4.21,1.0,,0,,6.146139,33.536,
41,Senegal,Sub-Saharan Africa,5,2025,1,1,0,onset,Senegal_ep,1,0,1,1,13.733653597028107,921403.746,7.881,6.143,4.257,1310.0,838.0,561.0,500.1,-5.593,130.162,-3.072,1.441,29.069,,,,18.93,4.21,4.29,1.0,11.0,1,,,29.17,
42,Serbia,,0,1997,0,0,0,tranquil,,0,0,0,1,,,,,,,,,,-4.541,,,,13.746,,,19.59771793911888,22.36,5.46,6.35,0.0,,0,,,,0.7636768861915882
42,Serbia,,0,1998,0,0,0,tranquil,,0,0,0,1,,,5.343,,,,,,,-2.345,,,30.0,8.67,,,21.20294635140068,25.6,5.35,5.26,0.0,,0,,,,2.877244376392167
42,Serbia,,0,1999,0,0,0,tranquil,,0,0,0,1,12.969474671619423,429112.616,-10.326,5.343,,,,,,-3.529,,,41.1,7.709,,,24.31031444872183,24.37,4.97,5.65,0.0,,0,,,,3.8184320565934593
42,Serbia,,0,2000,0,0,0,tranquil,,0,0,0,1,13.03145840839539,456552.24,6.055,-10.326,5.343,,,,,-1.708,200.635,0.326,70.0,9.064,,,40.796971327442805,23.32,6.24,6.03,0.0,,0,,,,3.2201254599947706
42,Serbia,,0,2001,0,0,0,tranquil,,0,0,0,1,13.098764497370382,488338.698,6.779,6.055,-10.326,,,,,1.853,95.891,0.943,80.744,14.741,,,28.313128953227977,25.75,3.89,5.02,0.0,,0,,,,1.36375994220559
42,Serbia,,0,2002,0,0,0,tranquil,,0,0,0,1,13.1625781251876,520517.155,6.541,6.779,6.055,,,,,-3.534,68.42,-2.072,8.868,17.378,,,14.542489900615667,27.29,1.67,4.61,0.0,,0,,,,-0.09257823098675663
42,Serbia,,0,2003,0,0,0,tranquil,,0,0,0,1,13.209761398470835,545665.483,4.56,6.541,6.779,,,,,-6.463,64.446,-1.556,2.901,18.388,,,15.968167285667189,21.98,1.13,4.01,0.0,,0,,,,-0.6736493174040709
42,Serbia,,0,2004,0,0,0,tranquil,,0,0,0,1,13.27682257706302,583513.331,6.687,4.56,6.541,,,,,-12.208,57.583,1.191,10.602,24.86,,,20.22698351851124,15.48,1.35,4.27,0.0,,0,,,,0.3797840036302254
42,Serbia,Europe,3,2005,0,0,0,tranquil,,0,0,0,1,13.337184968262374,619820.357,5.903,6.687,4.56,310.0,270.3,,,-7.825,50.133,2.339,16.253,21.794,,,25.808963607039548,12.81,3.21,4.29,0.0,,0,,,,-1.4723857380515826
42,Serbia,Europe,3,2006,0,0,0,tranquil,,0,0,0,1,13.379382141647358,646534.695,3.901,5.903,6.687,266.0,213.5,310.0,270.3,-8.857,37.041,0.447,10.732,21.729,,,25.612070570648942,12.81,4.96,4.8,0.0,,0,,,,-4.660937863330698
42,Serbia,Europe,3,2007,0,0,0,tranquil,,0,0,0,1,13.458841652578736,700004.227,7.832,3.901,5.903,304.0,204.8,266.0,213.5,-15.421,30.011,-0.119,5.862,24.899,,,30.585815018348523,17.54,5.02,4.63,0.0,,0,,9.853836,,-4.277255545107853
42,Serbia,Europe,3,2008,1,1,0,onset,Serbia_ep,1,1,1,1,13.51342001627152,739271.127,5.161,7.832,3.901,1224.0,526.0,304.0,204.8,-19.124,29.414,-3.685,12.427,25.913,95.8,,35.440970880733694,32.69,1.93,3.66,0.0,11.0,1,,7.4801736,,-1.7520398651747975
42,Serbia,Europe,3,2009,0,0,0,tranquil,,0,0,0,1,13.485499461549152,718915.756,-3.143,5.161,7.832,939.0,593.0,1224.0,526.0,-5.665,35.337,-2.597,8.081,18.555,98.6,2.9227557411273475,38.61746598256157,31.48,0.16,3.26,0.0,,0,,6.2382393,,-0.13924561379625386
42,Serbia,Europe,3,2010,0,0,0,tranquil,,0,0,0,1,13.505500863658922,733439.846,1.611,-3.143,5.161,493.0,427.1,939.0,593.0,-5.771,42.449,-2.337,6.147,17.324,97.4,-1.2170385395537386,45.32564090357533,22.55,0.18,3.22,0.0,,0,,3.8892546,,1.939794523982668
42,Serbia,Europe,3,2011,0,0,0,tranquil,,0,0,0,1,13.513603661389157,739406.903,0.054,1.611,-3.143,625.0,463.2,493.0,427.1,-7.792,45.976,-2.561,11.113,18.15,96.9,-0.5133470225872738,43.12302149098771,24.2,0.1,2.78,0.0,,0,,9.620344,,0.7859052798634149
42,Serbia,Europe,3,2012,0,0,0,tranquil,,0,0,0,1,13.514005585239024,739704.148,-0.444,0.054,1.611,593.0,521.2,625.0,463.2,-10.366,57.954,-4.388,7.341,18.81,98.0,1.1351909184726503,44.72250760386488,17.8,0.14,1.8,0.0,,0,,2.8275993,,2.396705951674236
42,Serbia,Europe,3,2013,0,0,0,tranquil,,0,0,0,1,13.523375342305242,746667.568,0.452,-0.444,0.054,454.0,409.6,593.0,521.2,-5.506,61.166,-2.588,7.655,17.124,96.7,-1.3265306122448917,39.30384481956006,14.23,0.11,2.35,0.0,,0,,4.0814104,,1.1378540378101765
42,Serbia,Europe,3,2014,0,0,0,tranquil,,0,0,0,1,13.51003083610416,736769.845,-1.804,0.452,-0.444,403.0,291.2,454.0,409.6,-5.36,63.474,-2.956,2.154,16.478,96.4,-0.3102378490175805,39.09043567745464,14.18,0.09,2.54,0.0,,0,,4.0711937,,2.4278466368707985
42,Serbia,Europe,3,2015,0,0,0,tranquil,,0,0,0,1,13.52802253601681,750145.552,1.296,-1.804,0.452,310.0,277.1,403.0,291.2,-3.316,67.078,-0.355,1.379,18.514,100.0,3.734439834024883,39.02912480490996,16.67,0.13,2.14,0.0,,0,,5.6738176,,4.301623580454475
42,Serbia,Europe,3,2016,0,0,0,tranquil,,0,0,0,1,13.562577458913823,776519.83,2.975,1.296,-1.804,324.0,271.9,310.0,277.1,-2.816,64.978,1.722,1.125,18.167,101.4,1.4000000000000012,39.403843871739504,15.83,0.4,1.84,0.0,,0,,5.5777073,,7.2383464207511325
42,Serbia,Europe,3,2017,0,0,0,tranquil,,0,0,0,1,13.591258443671116,799113.641,2.363,2.975,1.296,225.0,151.5,324.0,271.9,-5.026,55.257,3.763,3.169,19.718,99.7,-1.67652859960552,38.71334400677209,11.09,1.0,2.33,0.0,,0,,6.296362,,7.128069920672668
42,Serbia,Europe,3,2018,0,0,0,tranquil,,0,0,0,1,13.642167019084388,840848.701,4.649,2.363,2.975,159.0,125.9,225.0,151.5,-4.644,51.137,2.833,1.956,22.499,98.3,-1.4042126379137487,39.72097777421752,16.64,1.83,2.91,0.0,,0,,7.7137456,,6.536432607012512
42,Serbia,Europe,3,2019,0,0,0,tranquil,,0,0,0,1,13.693941477024843,885529.878,4.75,4.649,2.363,131.0,84.8,159.0,125.9,-6.571,49.454,1.917,1.869,24.927,99.5,1.2207527975584886,40.16657183318131,15.39,2.16,2.14,0.0,,0,,7.9248743,,3.970325238931699
42,Serbia,Europe,3,2020,0,0,0,tranquil,,0,0,0,1,13.69105689720158,882979.177,-0.95,4.75,4.649,309.0,138.2,131.0,84.8,-3.934,54.325,-5.0,1.545,24.097,102.9,3.41708542713568,43.44905781038639,29.25,0.38,0.89,0.0,,0,,6.238654,,6.578650779171581
42,Serbia,Europe,3,2021,0,0,0,tranquil,,0,0,0,1,13.776983010436185,962205.198,7.949,-0.95,4.75,179.0,138.8,309.0,138.2,-4.106,53.637,-1.502,4.089,24.945,99.1,-3.692905733722074,41.4324145562729,19.66,0.08,1.45,0.0,,0,,6.9531207,,4.684160991504897
42,Serbia,Europe,3,2022,0,0,0,tranquil,,0,0,0,1,13.828829372467176,1013407.905,2.703,7.949,-0.95,387.0,279.0,179.0,138.8,-6.517,50.897,1.294,11.968,26.384,95.2,-3.9354187689202735,38.3866557415795,25.64,1.68,2.95,0.0,,0,,6.9035416,,2.302325273090093
42,Serbia,Europe,3,2023,0,0,0,tranquil,,0,0,0,1,13.871834632729046,1057940.48,3.748,2.703,7.949,282.0,231.6,387.0,279.0,-2.345,45.666,0.482,12.361,24.616,101.7,6.827731092436973,33.04428191787202,16.85,5.02,3.96,0.0,,0,,6.0699525,,-0.6362874790391622
42,Serbia,Europe,3,2024,0,0,0,tranquil,,0,0,0,1,13.916131365028448,1105857.229,3.95,3.748,2.703,190.0,165.2,282.0,231.6,-4.549,44.064,0.118,4.684,25.026,,,32.63652449026615,15.55,5.14,4.21,0.0,,0,,6.2017035,,-0.27793604888224804
42,Serbia,Europe,3,2025,0,0,0,tranquil,,0,0,0,1,13.943348690822823,1136369.047,2.03,3.95,3.748,188.0,146.2,190.0,165.2,-4.851,42.448,-0.396,3.902,23.381,,,,18.93,4.21,4.29,0.0,,0,,,,
43,South Africa,Sub-Saharan Africa,5,1994,0,0,0,tranquil,,0,0,0,0,10.983703936010404,58906.336,3.2,,,238.0,238.0,,,0.01,,,8.898,16.471,77.0278701262,,101.0586031731468,13.93,4.2,7.09,0.0,,0,,0.2438954,,14.606141288916533
43,South Africa,Sub-Saharan Africa,5,1995,0,0,0,tranquil,,0,0,0,0,10.99301005397717,59457.084,3.1,3.2,,353.0,243.8,238.0,238.0,-1.452,,,8.761,17.7,76.1387407181,-1.1542957200339043,105.007084387737,12.39,5.84,6.57,0.0,,0,,0.7269445,,14.136600207816901
43,South Africa,Sub-Saharan Africa,5,1996,0,0,0,tranquil,,0,0,0,0,11.016459249654815,60867.78,4.3,3.1,3.2,167.0,138.8,353.0,243.8,-1.014,,,7.429,16.568,77.1742877175,1.3600789685162429,105.54386860321084,16.44,5.3,6.44,0.0,,0,,0.5001315,,14.392339241804045
43,South Africa,Sub-Saharan Africa,5,1997,0,0,0,tranquil,,0,0,0,0,11.02544626353412,61417.265,2.6,4.3,3.1,264.0,142.3,167.0,138.8,-1.314,,,8.586,16.294,76.5475236297,-0.812141072288608,102.3654612317434,22.36,5.46,6.35,0.0,,0,,2.2550526,,16.022973935805286
43,South Africa,Sub-Saharan Africa,5,1998,0,0,0,tranquil,,0,0,0,0,11.015173704588184,60789.582,0.5,2.6,4.3,655.0,423.2,264.0,142.3,-1.549,,,6.977,16.428,74.7068796412,-2.404576792587232,103.71894319511208,25.6,5.35,5.26,0.0,,0,,0.35973844,,15.899083831579775
43,South Africa,Sub-Saharan Africa,5,1999,0,0,0,tranquil,,0,0,0,0,11.02408526420613,61333.733,2.4,0.5,2.6,635.0,412.7,655.0,423.2,-0.449,,,5.05,15.655,73.2710628634,-1.9219338094374927,118.17440047519123,24.37,4.97,5.65,0.0,,0,,0.9921876,,14.263754537592845
43,South Africa,Sub-Saharan Africa,5,2000,0,0,0,tranquil,,0,0,0,0,11.050192619399446,62956.08,4.2,2.4,0.5,418.0,339.3,635.0,412.7,-0.113,37.929,2.971,5.317,15.06,71.8056416248,-1.9999999745220045,117.09536648150166,23.32,6.24,6.03,0.0,,0,,0.6384275,22.646,14.451361088892689
43,South Africa,Sub-Saharan Africa,5,2001,0,0,0,tranquil,,0,0,0,0,11.05864879621373,63490.705,2.7,4.2,2.4,354.0,308.3,418.0,339.3,0.246,38.045,3.023,5.744,14.574,73.1028742323,1.806588699921808,121.06974562622727,25.75,3.89,5.02,0.0,,0,,5.3683453,22.62,26.93886218816993
43,South Africa,Sub-Saharan Africa,5,2002,0,0,0,tranquil,,0,0,0,0,11.076586790346632,64639.877,3.7,2.7,4.2,318.0,270.1,354.0,308.3,0.807,31.801,2.528,9.091,15.036,76.8878961577,5.17766498943979,97.31737283408954,27.29,1.67,4.61,0.0,,0,,1.1463573,22.213,30.82283327358728
43,South Africa,Sub-Saharan Africa,5,2003,0,0,0,tranquil,,0,0,0,0,11.096418013980738,65934.56,2.949,3.7,2.7,223.0,173.5,318.0,270.1,-0.735,31.514,1.517,5.896,15.657,77.3219407249,0.5645161187786574,102.76770118382797,21.98,1.13,4.01,0.0,,0,,0.39749274,22.619,27.8764425786229
43,South Africa,Sub-Saharan Africa,5,2004,0,0,0,tranquil,,0,0,0,0,11.130376074636304,68212.02,4.555,2.949,3.7,168.0,141.6,223.0,173.5,-2.472,30.733,1.887,1.386,16.96,78.50142794920001,1.5254237196353326,112.82091342021108,15.48,1.35,4.27,0.0,,0,,0.27419978,22.708,26.803293763423813
43,South Africa,Sub-Saharan Africa,5,2005,0,0,0,tranquil,,0,0,0,0,11.170165218185062,70980.837,5.277,4.555,2.949,125.0,94.2,168.0,141.6,-2.792,29.637,2.575,3.393,16.832,79.7,1.5268156033742653,122.28316803326176,12.81,3.21,4.29,0.0,,0,,2.2578187,25.14,22.18313456952485
43,South Africa,Sub-Saharan Africa,5,2006,0,0,0,tranquil,,0,0,0,0,11.212673184114497,74063.135,5.604,5.277,4.555,123.0,91.8,125.0,94.2,-4.028,28.03,3.258,4.651,18.49,84.6,6.148055207026348,139.0073677443215,12.81,4.96,4.8,0.0,,0,,0.20512554,24.667,17.77140324266574
43,South Africa,Sub-Saharan Africa,5,2007,0,0,0,tranquil,,0,0,0,0,11.249965702228833,76877.283,5.36,5.604,5.277,164.0,105.1,123.0,91.8,-4.846,24.326,3.413,7.128,19.326,87.3,3.1914893617021267,142.42204551118488,17.54,5.02,4.63,0.0,,0,,1.9775578,24.429,14.588145748312611
43,South Africa,Sub-Saharan Africa,5,2008,0,0,0,tranquil,,0,0,0,0,11.267397849316422,78229.168,3.191,5.36,5.604,634.0,335.9,164.0,105.1,-5.018,24.045,1.55,10.865,21.287,89.4,2.4054982817869552,125.9558802555063,32.69,1.93,3.66,0.0,,0,,3.126866,26.009,13.252356942493474
43,South Africa,Sub-Saharan Africa,5,2009,0,0,0,tranquil,,0,0,0,0,11.23772565723431,75942.037,-1.538,3.191,5.36,447.0,289.6,634.0,335.9,-2.435,26.995,-2.621,7.198,18.767,95.1,6.375838926174482,121.09454632471656,31.48,0.16,3.26,0.0,,0,,2.3121748,28.457,17.99588588698213
43,South Africa,Sub-Saharan Africa,5,2010,0,0,0,tranquil,,0,0,0,0,11.253500104690088,77149.479,3.04,-1.538,3.191,216.0,173.8,447.0,289.6,-1.336,31.185,-2.284,4.235,17.596,101.4,6.624605678233442,124.09389990564648,22.55,0.18,3.22,0.0,,0,,0.8849046,28.34,16.9388657437624
43,South Africa,Sub-Saharan Africa,5,2011,0,0,0,tranquil,,0,0,0,0,11.269712832614193,78410.477,3.169,3.04,-1.538,278.0,199.9,216.0,173.8,-2.006,34.742,-1.402,4.98,18.853,105.0,3.5502958579881616,118.97067599270268,24.2,0.1,2.78,0.0,,0,,0.9033814,28.08,13.916662621951033
43,South Africa,Sub-Saharan Africa,5,2012,0,0,0,tranquil,,0,0,0,0,11.27744912650635,79019.436,2.396,3.169,3.04,276.0,206.0,278.0,199.9,-4.689,37.408,-1.595,5.651,18.585,104.3,-0.666666666666671,125.1677854502373,17.8,0.14,1.8,0.0,,0,,1.0649225,28.619,16.092178555457316
43,South Africa,Sub-Saharan Africa,5,2013,0,0,0,tranquil,,0,0,0,0,11.286400967192236,79729.981,2.485,2.396,3.169,310.0,244.2,276.0,206.0,-5.326,40.356,-1.248,5.747,19.169,98.7,-5.369127516778516,127.02927247972455,14.23,0.11,2.35,0.0,,0,,2.053581,28.91,15.284052638792655
43,South Africa,Sub-Saharan Africa,5,2014,0,0,0,tranquil,,0,0,0,0,11.284332329107032,79565.219,1.414,2.485,2.396,295.0,229.2,310.0,244.2,-4.806,43.253,-1.159,6.116,18.488,97.5,-1.2158054711246202,128.83837477965338,14.18,0.09,2.54,0.0,,0,,1.5193274,29.321,17.056820650992034
43,South Africa,Sub-Saharan Africa,5,2015,0,0,0,tranquil,,0,0,0,0,11.282398384871062,79411.493,1.322,1.414,2.485,412.0,303.4,295.0,229.2,-4.339,45.195,-1.44,4.589,18.633,100.0,2.564102564102555,127.20324424273076,16.67,0.13,2.14,0.0,,0,,0.43873578,30.164,13.920077005233802
43,South Africa,Sub-Saharan Africa,5,2016,0,0,0,tranquil,,0,0,0,0,11.27534541962881,78853.377,0.665,1.322,1.414,443.0,341.1,412.0,303.4,-2.676,47.134,-0.617,6.32,16.96,103.8,3.8000000000000034,124.36049611176378,15.83,0.4,1.84,0.0,,0,,0.6846126,29.909,16.869188369862197
43,South Africa,Sub-Saharan Africa,5,2017,0,0,0,tranquil,,0,0,0,0,11.273224340471849,78686.3,1.158,0.665,1.322,288.0,267.2,443.0,341.1,-2.368,48.588,-0.762,5.294,16.611,108.5,4.527938342967253,127.03028385845415,11.09,1.0,2.33,0.0,,0,,0.539674,29.86,18.20879867975901
43,South Africa,Sub-Saharan Africa,5,2018,0,0,0,tranquil,,0,0,0,0,11.274300771776398,78771.046,1.557,1.158,0.665,361.0,292.0,288.0,267.2,-2.929,51.536,-0.353,4.596,16.171,106.3,-2.02764976958526,118.38085796348712,16.64,1.83,2.91,0.0,,0,,1.3742912,30.152,18.173590801632134
43,South Africa,Sub-Saharan Africa,5,2019,0,0,0,tranquil,,0,0,0,0,11.262342587612112,77834.697,0.26,1.557,1.158,349.0,314.7,361.0,292.0,-2.604,56.101,-1.506,4.115,15.821,112.0,5.362182502351831,117.1855568614892,15.39,2.16,2.14,0.0,,0,,1.3140775,31.394,19.429299198346172
43,South Africa,Sub-Saharan Africa,5,2020,0,0,0,tranquil,,0,0,0,0,11.18509979283637,72048.861,-6.169,0.26,1.557,720.0,507.1,349.0,314.7,1.969,68.927,-5.536,3.288,12.346,123.6,10.357142857142843,109.05469137272534,29.25,0.38,0.89,0.0,,0,,0.9330737,34.616,21.841647706352713
43,South Africa,Sub-Saharan Africa,5,2021,0,0,0,tranquil,,0,0,0,0,11.223529871946909,74871.596,4.859,-6.169,0.26,394.0,356.7,720.0,507.1,3.732,68.819,-1.328,4.553,12.836,128.4,3.883495145631066,93.19638973973868,19.66,0.08,1.45,0.0,,0,,9.680981,32.654,20.464091338326966
43,South Africa,Sub-Saharan Africa,5,2022,0,0,0,tranquil,,0,0,0,0,11.233459811774422,75618.77,2.058,4.859,-6.169,519.0,405.4,394.0,356.7,-0.324,70.715,0.251,6.864,15.672,118.1,-8.021806853582557,91.56972876348726,25.64,1.68,2.95,0.0,,0,,2.266703,31.889,19.258228066152313
43,South Africa,Sub-Saharan Africa,5,2023,0,0,0,tranquil,,0,0,0,0,11.22986975438411,75347.781,0.806,2.058,4.859,448.0,367.8,519.0,405.4,-1.086,73.22,-0.686,5.903,15.391,113.8,-3.640982218458933,89.71179958638707,16.85,5.02,3.96,0.0,,0,,1.0127378,32.511,21.721839196559642
43,South Africa,Sub-Saharan Africa,5,2024,0,0,0,tranquil,,0,0,0,0,11.223093108981631,74838.902,0.535,0.806,2.058,347.0,306.2,448.0,367.8,-0.653,75.963,-0.503,4.426,14.07,,,89.44763601734431,15.55,5.14,4.21,0.0,,0,,0.5808917,32.972,27.047941296061023
43,South Africa,Sub-Saharan Africa,5,2025,0,0,0,tranquil,,0,0,0,0,11.221862349896773,74746.85,1.115,0.535,0.806,362.0,281.9,347.0,306.2,-0.54,78.642,-0.333,3.223,13.871,,,,18.93,4.21,4.29,0.0,,0,,,34.159,
44,Sri Lanka,,0,1994,0,0,0,tranquil,,0,0,0,1,12.19776793669804,198345.936,8.036,,,,,,,-6.885,77.897,-2.038,8.448,31.499,89.8269578258,,10.957408597025648,13.93,4.2,7.09,0.0,,0,,1.4201959,24.102,6.60883395155107
44,Sri Lanka,,0,1995,0,0,0,tranquil,,0,0,0,1,12.248349228024212,208636.593,6.051,8.036,,,,,,-6.511,77.807,-2.431,7.675,30.518,89.9278869909,0.1123595494525675,31.066846169051715,12.39,5.84,6.57,0.0,,0,,0.42975354,24.764,7.264290805843911
44,Sri Lanka,,0,1996,0,0,0,tranquil,,0,0,0,1,12.35632987140712,232426.627,12.162,6.051,8.036,,,,,-5.311,76.227,-1.687,15.937,30.116,90.8362494858,1.0101010101481789,29.895993896850527,16.44,5.3,6.44,0.0,,0,,0.8625457,23.097,6.629311781369772
44,Sri Lanka,,0,1997,0,0,0,tranquil,,0,0,0,1,12.44865764519781,254907.916,10.291,12.162,6.051,,,,,-2.863,70.147,-0.638,9.565,26.923,95.3780619601,5.000000000011018,29.44191213471838,22.36,5.46,6.35,0.0,,0,,2.84958,21.405,5.504441339276086
44,Sri Lanka,,0,1998,0,0,0,tranquil,,0,0,0,1,12.427002744966195,249447.249,-1.646,10.291,12.162,,,,,-1.85,74.243,-2.378,9.371,27.36,,,28.722615045786487,25.6,5.35,5.26,0.0,,0,,1.2272524,21.373,6.658058165829392
44,Sri Lanka,,0,1999,0,0,0,tranquil,,0,0,0,1,12.450086062282423,255272.291,2.879,-1.646,10.291,,,,,-3.508,77.695,-0.993,4.692,28.445,,,29.257750937418344,24.37,4.97,5.65,0.0,,0,,1.1227783,20.51,8.518585160624722
44,Sri Lanka,,0,2000,0,0,0,tranquil,,0,0,0,1,12.524800142807695,275075.296,8.418,2.879,-1.646,,,,,-5.329,79.202,-3.151,6.176,29.277,90.8362494858,,28.83454354042028,23.32,6.24,6.03,0.0,,0,,1.0420742,21.732,11.736321161289911
44,Sri Lanka,,0,2001,0,0,0,tranquil,,0,0,0,1,12.498011369323509,267804.193,-1.948,8.418,2.879,,,,,-0.932,84.364,-3.004,14.158,23.282,92.6257320484,1.970009299954345,30.73267831842876,25.75,3.89,5.02,1.0,,0,,1.0907472,22.406,12.538052491192966
44,Sri Lanka,,0,2002,0,0,0,tranquil,,0,0,0,1,12.526660207502392,275587.43,3.727,-1.948,8.418,,,,,-1.166,96.301,-0.884,9.551,23.895,91.9812413189,-0.6958009564374867,31.03446543811813,27.29,1.67,4.61,1.0,,0,,1.188278,20.802,12.280895413560405
44,Sri Lanka,,0,2003,0,0,0,tranquil,,0,0,0,1,12.575926496421133,289504.609,5.94,3.727,-1.948,,,,,-0.329,86.45,-0.349,8.969,23.197,110.9533004774,20.626009049740546,30.745490236316908,21.98,1.13,4.01,1.0,,0,,1.2113274,19.344,10.309670402991987
44,Sri Lanka,,0,2004,0,0,0,tranquil,,0,0,0,1,12.620497121702837,302699.887,5.445,5.94,3.727,,,,,-2.654,86.499,-1.48,9.014,26.336,108.1873573912,-2.492889417709032,32.38635085116467,15.48,1.35,4.27,1.0,,0,,1.1266774,19.266,10.584997280998412
44,Sri Lanka,,0,2005,0,0,0,tranquil,,0,0,0,1,12.672936334694567,318996.795,6.242,5.445,5.94,,,,,-2.097,76.589,-1.792,11.009,28.026,103.9,-3.962900559348281,33.0761025922139,12.81,3.21,4.29,1.0,,0,,1.1161286,20.145,10.442638277718933
44,Sri Lanka,,0,2006,0,0,0,tranquil,,0,0,0,1,12.739125724906714,340825.442,7.668,6.242,5.445,,,,,-4.484,74.29,-1.576,9.939,30.207,98.0,-5.678537054860444,34.670492058144475,12.81,4.96,4.8,1.0,,0,,1.6970072,20.523,11.904166961005247
44,Sri Lanka,APAC,2,2007,0,0,0,tranquil,,0,0,0,1,12.797494550488834,361311.068,6.797,7.668,6.242,605.0,570.0,,,-3.66,71.849,-1.493,15.895,30.213,97.8,-0.2040816326530636,34.23950368168446,17.54,5.02,4.63,0.0,,0,,1.8639739,19.876,10.232457680105112
44,Sri Lanka,APAC,2,2008,1,1,0,onset,Sri_Lanka_ep,1,1,1,1,12.848164448135051,380090.419,5.95,6.797,7.668,2309.0,1096.6,605.0,570.0,-8.063,68.782,-1.858,22.356,29.698,87.0,-11.042944785276076,29.54200651648951,32.69,1.93,3.66,0.0,10.0,1,,1.8475296,19.087,13.222506054553469
44,Sri Lanka,APAC,2,2009,0,0,1,continuation,Sri_Lanka_ep,1,0,1,1,12.875983826561166,390812.751,3.539,5.95,6.797,1824.0,990.6,2309.0,1096.6,-0.432,72.75,-2.914,3.503,28.411,101.7,16.896551724137932,25.740030159443283,31.48,0.16,3.26,1.0,,0,,0.96039045,21.012,13.259681702858256
44,Sri Lanka,APAC,2,2010,0,0,0,tranquil,,0,0,0,1,12.946247440261438,419260.381,8.016,3.539,5.95,463.0,370.9,1824.0,990.6,-1.833,68.731,-1.409,6.214,30.352,99.8,-1.868239921337267,24.684261656875066,22.55,0.18,3.22,1.0,,0,,0.8144461,19.31,9.6797422735466
44,Sri Lanka,APAC,2,2011,0,0,0,tranquil,,0,0,0,1,13.022661401968143,452553.561,8.669,8.016,3.539,487.0,363.5,463.0,370.9,-6.814,69.428,-1.248,6.73,33.364,90.7,-9.118236472945885,33.73879695233305,24.2,0.1,2.78,1.0,,0,,1.4108835,19.132,15.137861437365311
44,Sri Lanka,APAC,2,2012,0,0,0,tranquil,,0,0,0,1,13.104160418236576,490980.857,8.632,8.669,8.016,537.0,417.1,487.0,363.5,-5.658,67.504,-0.895,7.547,39.056,89.4,-1.433296582138921,34.01804378243371,17.8,0.14,1.8,1.0,,0,,1.3359174,17.315,15.197871089698062
44,Sri Lanka,APAC,2,2013,0,0,0,tranquil,,0,0,0,1,13.136075493171024,506903.279,4.052,8.632,8.669,489.0,415.9,537.0,417.1,-3.302,69.457,-0.537,6.884,33.249,93.6,4.69798657718119,33.53936076351569,14.23,0.11,2.35,0.0,,0,,1.21148,16.609,18.063935111142477
44,Sri Lanka,APAC,2,2014,0,0,0,tranquil,,0,0,0,1,13.18857183280021,534224.709,6.378,4.052,8.632,440.0,335.4,489.0,415.9,-2.41,69.561,-1.942,2.784,32.31,97.5,4.166666666666674,34.493628880873445,14.18,0.09,2.54,0.0,,0,,1.0827781,17.171,19.48295708199016
44,Sri Lanka,APAC,2,2015,0,0,0,tranquil,,0,0,0,1,13.220572804870988,551596.9,4.206,6.378,4.052,543.0,430.2,440.0,335.4,-2.212,76.334,-2.081,2.224,34.276,100.0,2.564102564102555,39.38185044269904,16.67,0.13,2.14,0.0,,0,,0.7987463,19.269,20.2840789507272
44,Sri Lanka,APAC,2,2016,0,0,0,tranquil,,0,0,0,1,13.258823869026886,573104.796,5.054,4.206,6.378,611.0,478.2,543.0,430.2,-1.982,75.0,-0.23,3.985,36.453,104.0,4.000000000000004,42.47566528769696,15.83,0.4,1.84,1.0,,0,,1.0193719,18.215,20.02386138884278
44,Sri Lanka,APAC,2,2017,0,0,0,tranquil,,0,0,0,1,13.310127179944203,603274.249,6.461,5.054,4.206,394.0,317.9,611.0,478.2,-2.447,72.26,0.014,6.58,39.727,105.3,1.2499999999999956,43.88275256412691,11.09,1.0,2.33,1.0,,0,,1.4546281,17.884,19.399031532037444
44,Sri Lanka,APAC,2,2018,0,0,0,tranquil,,0,0,0,1,13.322481107099996,610773.281,2.31,6.461,5.054,558.0,395.8,394.0,317.9,-2.963,83.585,0.596,4.273,38.057,105.6,0.2849002849002913,46.69840732639108,16.64,1.83,2.91,1.0,,0,,1.708887,17.543,18.14165978169315
44,Sri Lanka,APAC,2,2019,0,0,0,tranquil,,0,0,0,1,13.314155154767446,605709.123,-0.22,2.31,6.461,579.0,487.8,558.0,395.8,-2.071,82.594,-1.854,4.304,34.109,103.7,-1.79924242424242,47.00849294504562,15.39,2.16,2.14,1.0,,0,,0.83536744,19.453,21.164501176390072
44,Sri Lanka,APAC,2,2020,1,1,0,onset,Sri_Lanka_ep,1,1,1,1,13.261500373236723,574640.768,-4.625,-0.22,2.31,2052.0,1473.8,579.0,487.8,-1.406,96.881,-7.093,4.569,32.871,106.2,2.410800385728052,,29.25,0.38,0.89,1.0,3.0,0,,0.51470053,22.135,
44,Sri Lanka,APAC,2,2021,0,0,1,continuation,Sri_Lanka_ep,1,0,1,1,13.29195950157633,592413.116,4.207,-4.625,-0.22,2423.0,1815.2,2052.0,1473.8,-3.707,102.669,-5.731,5.954,36.733,97.3,-8.380414312617713,,19.66,0.08,1.45,0.0,,0,,0.6688257,19.995,
44,Sri Lanka,APAC,2,2022,0,0,1,continuation,Sri_Lanka_ep,1,1,1,1,13.214499227988744,548256.887,-7.349,4.207,-4.625,6913.0,4542.1,2423.0,1815.2,-1.959,115.942,-3.718,45.214,27.272,88.6,-8.941418293936287,,25.64,1.68,2.95,0.0,,0,,1.1924932,18.587,
44,Sri Lanka,APAC,2,2023,0,0,1,continuation,Sri_Lanka_ep,1,0,1,1,13.19743818330935,538982.393,-2.33,-7.349,4.207,5608.0,4242.2,6913.0,4542.1,1.719,110.376,0.632,17.365,24.585,85.6,-3.386004514672692,,16.85,5.02,3.96,1.0,,0,,0.85170597,19.535,
44,Sri Lanka,APAC,2,2024,0,0,1,continuation,Sri_Lanka_ep,1,1,1,1,13.251817410133077,569103.395,5.009,-2.33,-7.349,4127.0,2970.2,5608.0,4242.2,1.219,100.84,2.175,1.242,26.959,,,,15.55,5.14,4.21,1.0,,0,,0.7691189,19.108,
44,Sri Lanka,APAC,2,2025,0,0,0,tranquil,,0,0,0,1,,,,5.009,-2.33,548.0,356.4,4127.0,2970.2,,,,,,,,,,,,,,0,,,,
45,Trinidad and Tobago,,0,1994,0,0,0,tranquil,,0,0,0,1,10.84840196995481,51451.864,3.567,,,,,,,4.328,64.823,5.036,8.814,,,,26.015550104565754,13.93,4.2,7.09,0.0,,0,,10.433718,26.481,5.562105564696043
45,Trinidad and Tobago,,0,1995,0,0,0,tranquil,,0,0,0,1,10.882060411805082,53213.128,3.81,3.567,,,,,,5.42,57.304,4.738,5.272,,,,27.57160749721584,12.39,5.84,6.57,0.0,,0,,5.609346,26.735,6.63906612493758
45,Trinidad and Tobago,,0,1996,0,0,0,tranquil,,0,0,0,1,10.948309994425063,56857.874,7.134,3.81,3.567,,,,,1.795,51.878,3.915,3.286,,,,28.316383764232388,16.44,5.3,6.44,0.0,,0,,6.170598,28.161,3.2726689729548437
45,Trinidad and Tobago,,0,1997,0,0,0,tranquil,,0,0,0,1,11.019023081944816,61024.035,7.523,7.134,3.81,,,,,-10.513,51.341,4.279,3.662,,,,33.12909421895865,22.36,5.46,6.35,0.0,,0,,17.417,27.411,7.668057774172235
45,Trinidad and Tobago,,0,1998,0,0,0,tranquil,,0,0,0,1,11.09566074950064,65884.649,8.125,7.523,7.134,,,,,-10.468,47.352,2.696,5.603,,,,35.40840957041902,25.6,5.35,5.26,0.0,,0,,12.074873,27.251,5.060202071561802
45,Trinidad and Tobago,,0,1999,0,0,0,tranquil,,0,0,0,1,11.17108723914568,71046.313,8.025,8.125,7.523,,,,,0.442,55.173,2.704,3.414,,,,33.900403599049646,24.37,4.97,5.65,0.0,,0,,9.447814,24.826,3.47759277098377
45,Trinidad and Tobago,,0,2000,0,0,0,tranquil,,0,0,0,1,11.235269746884397,75755.759,6.901,8.025,8.125,,,,,6.562,52.33,4.842,3.524,,82.6015756118,,31.90454270235757,23.32,6.24,6.03,0.0,,0,,8.332984,24.087,-1.871592131312207
45,Trinidad and Tobago,,0,2001,0,0,0,tranquil,,0,0,0,1,11.268060783709956,78281.046,3.698,6.901,8.025,,,,,4.643,54.186,4.386,5.602,,81.8903082464,-0.8610820800110663,47.41287954954988,25.75,3.89,5.02,0.0,,0,,9.460786,25.222,-6.718629331233002
45,Trinidad and Tobago,,0,2002,0,0,0,tranquil,,0,0,0,1,11.332759395443585,83513.151,7.152,3.698,6.901,,,,,0.835,58.179,3.421,4.142,,77.550741231,-5.2992437180022005,47.15027389365785,27.29,1.67,4.61,0.0,,0,,11.187463,24.565,-5.525350675892699
45,Trinidad and Tobago,,0,2003,0,0,0,tranquil,,0,0,0,1,11.45775421893327,94632.308,13.878,7.152,3.698,,,,,8.59,52.423,5.504,3.781,,87.6824356984,13.064600423638462,39.33872634366086,21.98,1.13,4.01,0.0,,0,,7.149643,23.457,-6.042445541148534
45,Trinidad and Tobago,,0,2004,0,0,0,tranquil,,0,0,0,1,11.523380589185866,101050.997,7.328,13.878,7.152,,,,,13.308,43.255,4.701,3.757,,91.286740995,4.110635462953693,37.9611653638537,15.48,1.35,4.27,0.0,,0,,7.515648,23.343,-10.737932097137664
45,Trinidad and Tobago,,0,2005,0,0,0,tranquil,,0,0,0,1,11.575724577338091,106481.291,5.895,7.328,13.878,,,,,24.004,36.612,3.315,6.878,,120.4,31.892100306872173,33.49220255347048,12.81,3.21,4.29,0.0,,0,,5.8795967,29.53,-16.040785214522177
45,Trinidad and Tobago,,0,2006,0,0,0,tranquil,,0,0,0,1,11.703683782004465,121016.694,14.181,5.895,7.328,,,,,38.304,32.68,1.616,8.308,,116.6,-3.1561461794019974,32.69499241888483,12.81,4.96,4.8,0.0,,0,,4.805284,34.577,-20.68131307932238
45,Trinidad and Tobago,LatAM,1,2007,0,0,0,tranquil,,0,0,0,1,11.74083631463826,125597.335,4.255,14.181,5.895,232.0,165.6,,,23.551,29.368,5.052,7.875,,115.6,-0.8576329331046351,32.05282276724412,17.54,5.02,4.63,0.0,,0,,3.8352027,26.775,-14.305431072744202
45,Trinidad and Tobago,LatAM,1,2008,0,0,0,tranquil,,0,0,0,1,11.768593954996472,129132.457,3.286,4.255,14.181,692.0,384.4,232.0,165.6,30.146,24.576,7.37,12.036,,129.1,11.678200692041528,26.70825241246365,32.69,1.93,3.66,0.0,,0,,10.0489435,28.197,-16.698449744191247
45,Trinidad and Tobago,LatAM,1,2009,0,0,0,tranquil,,0,0,0,1,11.714247317474518,122301.834,-4.823,3.286,4.255,955.0,144.7,692.0,384.4,8.365,34.165,-2.435,7.01,,102.0,-20.99147947327653,35.95344206931495,31.48,0.16,3.26,0.0,,0,,3.6985912,33.398,-11.472505504150684
45,Trinidad and Tobago,LatAM,1,2010,0,0,0,tranquil,,0,0,0,1,11.742819969235375,125846.724,3.461,-4.823,3.286,0.0,0.0,955.0,144.7,18.526,28.902,2.387,10.537,,101.1,-0.8823529411764786,30.845460844111905,22.55,0.18,3.22,0.0,,0,,2.4794745,31.521,-7.481202468343856
45,Trinidad and Tobago,LatAM,1,2011,0,0,0,tranquil,,0,0,0,1,11.734868568034674,124850.034,-0.192,3.461,-4.823,0.0,0.0,0.0,0.0,18.257,39.231,1.073,5.091,,104.4,3.264094955489627,28.125639787384404,24.2,0.1,2.78,0.0,,0,,0.16139442,30.402,-10.004020886313416
45,Trinidad and Tobago,LatAM,1,2012,0,0,0,tranquil,,0,0,0,1,11.773685581942376,129791.628,4.63,-0.192,3.461,0.0,0.0,0.0,0.0,14.243,32.9,0.395,9.28,,101.0,-3.256704980842917,26.973679641935515,17.8,0.14,1.8,0.0,,0,,-7.0148563,29.887,-0.9277387526355657
45,Trinidad and Tobago,LatAM,1,2013,0,0,0,tranquil,,0,0,0,1,11.800227130076308,133282.622,3.369,4.63,-0.192,318.0,115.9,0.0,0.0,19.507,32.883,-1.177,5.189,,102.5,1.4851485148514865,26.63228499313211,14.23,0.11,2.35,0.0,,0,,-3.9563892,31.749,-3.6732239583140376
45,Trinidad and Tobago,LatAM,1,2014,0,0,0,tranquil,,0,0,0,1,11.829923985055329,137300.054,3.671,3.369,4.63,239.0,182.1,318.0,115.9,14.095,37.123,-2.689,5.698,,105.0,2.4390243902439046,27.687460729094663,14.18,0.09,2.54,0.0,,0,,2.2440438,32.993,-5.766310463533017
45,Trinidad and Tobago,LatAM,1,2015,0,0,0,tranquil,,0,0,0,1,11.82000144149635,135944.425,-0.406,3.671,3.369,373.0,283.6,239.0,182.1,7.664,43.168,-5.438,4.659,,100.0,-4.761904761904767,32.56882990214416,16.67,0.13,2.14,0.0,,0,,0.65880114,34.135,-5.773386559222861
45,Trinidad and Tobago,LatAM,1,2016,0,0,0,tranquil,,0,0,0,1,11.736383758747833,125039.349,-7.536,-0.406,3.671,473.0,357.2,373.0,283.6,-3.286,53.33,-7.528,3.069,,93.3,-6.700000000000006,36.655528139884936,15.83,0.4,1.84,0.0,,0,,-0.09988935,31.228,-3.129068822476274
45,Trinidad and Tobago,LatAM,1,2017,0,0,0,tranquil,,0,0,0,1,11.68172382749588,118388.14,-4.873,-7.536,-0.406,298.0,254.3,473.0,357.2,5.913,57.229,-7.692,1.884,,97.6,4.608788853161849,37.48848106432553,11.09,1.0,2.33,0.0,,0,,-1.9759452,30.942,-1.0019635234633093
45,Trinidad and Tobago,LatAM,1,2018,0,0,0,tranquil,,0,0,0,1,11.668056212945192,116781.064,-0.945,-4.873,-7.536,303.0,212.7,298.0,254.3,6.808,58.139,-2.949,1.019,,103.5,6.045081967213117,38.93717246676012,16.64,1.83,2.91,0.0,,0,,-2.9317255,30.206,0.5807906904982418
45,Trinidad and Tobago,LatAM,1,2019,0,0,0,tranquil,,0,0,0,1,11.669039809830425,116895.986,0.468,-0.945,-4.873,333.0,275.4,303.0,212.7,4.345,62.899,-0.57,1.001,,95.4,-7.826086956521738,41.44843385072191,15.39,2.16,2.14,0.0,,0,,0.7836049,31.006,3.8480634800535167
45,Trinidad and Tobago,LatAM,1,2020,0,0,0,tranquil,,0,0,0,1,11.573810937468048,106277.719,-8.789,0.468,-0.945,758.0,472.4,333.0,275.4,-6.494,81.558,-8.34,0.599,,87.0,-8.80503144654089,46.45598241269418,29.25,0.38,0.89,0.0,,0,,5.055262,35.085,9.116069541611413
45,Trinidad and Tobago,LatAM,1,2021,0,0,0,tranquil,,0,0,0,1,11.56138444096958,104965.231,-0.717,-8.789,0.468,352.0,316.0,758.0,472.4,10.855,80.238,-5.28,2.061,,127.4,46.4367816091954,40.78295832731032,19.66,0.08,1.45,0.0,,0,,-3.859073,31.39,8.589755270700728
45,Trinidad and Tobago,LatAM,1,2022,0,0,0,tranquil,,0,0,0,1,11.56480682741186,105325.078,0.861,-0.717,-8.789,349.0,276.1,352.0,316.0,10.171,69.914,3.624,5.826,,161.9,27.08006279434852,37.12719984678269,25.64,1.68,2.95,0.0,,0,,4.1369724,28.266,5.57749936301418
45,Trinidad and Tobago,LatAM,1,2023,0,0,0,tranquil,,0,0,0,1,11.57434044731066,106334.009,1.466,0.861,-0.717,225.0,190.8,349.0,276.1,11.549,78.196,2.108,4.629,,130.5,-19.39468807906115,45.529190336265,16.85,5.02,3.96,0.0,,0,,-5.9848647,32.425,9.842066697902483
45,Trinidad and Tobago,LatAM,1,2024,0,0,0,tranquil,,0,0,0,1,11.594255254767326,108472.857,2.509,1.466,0.861,232.0,197.8,225.0,190.8,2.518,81.786,-2.243,0.527,,,,48.37663266876651,15.55,5.14,4.21,0.0,,0,,-1.7678283,32.238,8.261095909385805
45,Trinidad and Tobago,LatAM,1,2025,0,0,0,tranquil,,0,0,0,1,11.597326547269674,108806.521,0.782,2.509,1.466,317.0,246.6,232.0,197.8,3.133,84.172,-1.898,0.994,,,,,18.93,4.21,4.29,0.0,,0,,,32.354,
46,Tunisia,,0,1994,0,0,0,tranquil,,0,0,0,1,8.410929379019835,4495.937,3.628,,,,,,,-1.609,63.888,0.437,5.423,26.552,89.4971594839,,53.8139220174784,13.93,4.2,7.09,0.0,,0,,2.7634087,25.943,3.5601563191642738
46,Tunisia,,0,1995,0,0,0,tranquil,,0,0,0,1,8.421582106344463,4544.087,2.671,3.628,,,,,,-4.107,65.627,-0.978,6.232,24.87,91.8608299679,2.641056428640298,54.38617037497507,12.39,5.84,6.57,0.0,,0,,1.5305493,26.577,2.772393530301786
46,Tunisia,,0,1996,0,0,0,tranquil,,0,0,0,1,8.473449641639872,4785.997,6.855,2.671,3.628,,,,,-2.423,66.795,-1.378,3.733,23.751,95.0907319582,3.5160818723591447,49.15762366059487,16.44,5.3,6.44,0.0,,0,,1.2168062,26.677,1.993218401053167
46,Tunisia,,0,1997,0,0,0,tranquil,,0,0,0,1,8.515568271949373,4991.882,5.725,6.855,2.671,,,,,-3.109,66.633,-0.427,3.599,24.911,92.4954840452,-2.7292332907278616,45.93822188516087,22.36,5.46,6.35,0.0,,0,,1.6518906,24.53,2.9596441678216827
46,Tunisia,,0,1998,0,0,0,tranquil,,0,0,0,1,8.55130742713973,5173.514,4.963,5.725,6.855,,,,,-3.158,58.194,0.148,3.102,25.279,92.4651775326,-0.0327653970492169,46.576473668311344,25.6,5.35,5.26,0.0,,0,,2.9845936,24.176,2.271843721679589
46,Tunisia,,0,1999,0,0,0,tranquil,,0,0,0,1,8.597830245507867,5419.887,6.017,4.963,5.725,,,,,-2.179,61.925,-0.111,2.768,25.72,93.2746369953,0.875420871186483,46.57341323789858,24.37,4.97,5.65,0.0,,0,,1.5138265,24.009,4.174442786910545
46,Tunisia,,0,2000,0,0,0,tranquil,,0,0,0,1,8.628709163322023,5589.858,4.3,6.017,4.963,,,,,-4.717,62.859,-0.341,2.77,26.502,95.8898137361,2.8037383205595123,53.48235338085304,23.32,6.24,6.03,0.0,,0,,3.4960275,24.044,6.379789626750562
46,Tunisia,,0,2001,0,0,0,tranquil,,0,0,0,1,8.655299677322642,5740.489,3.796,4.3,6.017,,,,,-5.292,52.155,-0.217,1.945,26.649,97.0340187468,1.1932498000767788,49.60032476794598,25.75,3.89,5.02,0.0,,0,,2.046217,23.988,-0.042184613732294055
46,Tunisia,Middle East & Central Asia,4,2002,0,0,0,tranquil,,0,0,0,1,8.658173347988814,5757.009,1.323,3.796,4.3,394.0,304.1,,,-3.923,51.625,0.104,2.714,26.352,99.9718000523,3.02757872284547,50.674424775600905,27.29,1.67,4.61,0.0,,0,,3.4150722,24.125,-0.7413523904301578
46,Tunisia,Middle East & Central Asia,4,2003,0,0,0,tranquil,,0,0,0,1,8.694134969784312,5967.808,4.702,1.323,3.796,272.0,185.8,394.0,304.1,-3.353,52.556,-0.207,2.72,24.155,109.4448638739,9.475735974188916,49.57880019542055,21.98,1.13,4.01,0.0,,0,,1.9650465,23.473,-0.10752946312066763
46,Tunisia,Middle East & Central Asia,4,2004,0,0,0,tranquil,,0,0,0,1,8.74528368640248,6280.995,6.236,4.702,1.323,168.0,131.0,272.0,185.8,-3.019,51.578,0.327,3.713,23.216,113.617309572,3.8123723219276817,49.61648021831816,15.48,1.35,4.27,0.0,,0,,1.8988895,23.021,0.48745400456167204
46,Tunisia,Middle East & Central Asia,4,2005,0,0,0,tranquil,,0,0,0,1,8.77080852613608,6443.38,3.487,6.236,4.702,102.0,75.6,168.0,131.0,-1.721,49.977,-0.171,1.941,22.653,113.0,-0.5433235255485447,50.065558636162976,12.81,3.21,4.29,0.0,,0,,2.2084491,23.039,0.8202078745268109
46,Tunisia,Middle East & Central Asia,4,2006,0,0,0,tranquil,,0,0,0,1,8.813092658410472,6721.675,5.244,3.487,6.236,121.0,93.2,102.0,75.6,-2.547,45.715,0.02,4.143,23.748,110.8,-1.9469026548672552,48.59958570048387,12.81,4.96,4.8,0.0,,0,,9.424734,22.852,-2.5336635294767156
46,Tunisia,Middle East & Central Asia,4,2007,0,0,0,tranquil,,0,0,0,1,8.868864759318566,7107.208,6.71,5.244,3.487,148.0,96.8,121.0,93.2,-3.08,42.704,-0.206,3.421,24.271,114.9,3.700361010830333,48.01155598138355,17.54,5.02,4.63,0.0,,0,,3.8939517,23.319,1.8132249696285172
46,Tunisia,Middle East & Central Asia,4,2008,0,0,0,tranquil,,0,0,0,1,8.900749239255195,7337.469,4.238,6.71,5.244,535.0,278.7,148.0,96.8,-4.425,41.363,1.351,4.915,24.684,118.0,2.6979982593559493,48.5083070989921,32.69,1.93,3.66,0.0,,0,,5.797386,23.67,1.1114256847397872
46,Tunisia,Middle East & Central Asia,4,2009,0,0,0,tranquil,,0,0,0,1,8.920533510424669,7484.081,3.043,4.238,6.71,445.0,274.8,535.0,278.7,-3.44,40.299,-0.67,3.541,25.748,112.4,-4.745762711864399,49.977069531827865,31.48,0.16,3.26,0.0,,0,,3.5098813,24.638,1.1356702445004498
46,Tunisia,Middle East & Central Asia,4,2010,0,0,0,tranquil,,0,0,0,1,8.944275488657345,7663.894,3.511,3.043,4.238,201.0,113.8,445.0,274.8,-5.342,38.803,1.285,4.361,25.836,108.2,-3.7366548042704673,52.24710386560205,22.55,0.18,3.22,0.0,,0,,2.8881423,23.999,0.012915033051299226
46,Tunisia,Middle East & Central Asia,4,2011,0,0,0,tranquil,,0,0,0,1,8.912507083161758,7424.251,-2.047,3.511,3.043,299.0,234.0,201.0,113.8,-8.04,43.336,-1.436,3.24,25.037,108.2,0.0,57.93479862712644,24.2,0.1,2.78,0.0,,0,,0.89907753,27.887,2.20835020273988
46,Tunisia,Middle East & Central Asia,4,2012,0,0,0,tranquil,,0,0,0,1,8.942518049372064,7650.437,4.217,-2.047,3.511,227.0,227.0,299.0,234.0,-8.688,49.04,-3.183,4.612,26.097,103.9,-3.974121996303137,57.85204273594938,17.8,0.14,1.8,0.0,,0,,3.2851894,28.349,1.6624345602055934
46,Tunisia,Middle East & Central Asia,4,2013,0,0,0,tranquil,,0,0,0,1,8.954634242850211,7743.695,2.43,4.217,-2.047,227.0,227.0,227.0,227.0,-9.175,45.628,-5.263,5.36,23.868,108.8,4.716073147256972,57.95988230651906,14.23,0.11,2.35,1.0,,0,,2.1744127,30.798,6.104353535881693
46,Tunisia,Middle East & Central Asia,4,2014,0,0,0,tranquil,,0,0,0,1,8.973209325165321,7888.879,3.09,2.43,4.217,227.0,227.0,227.0,227.0,-9.327,50.733,-1.339,4.582,23.865,108.8,0.0,59.80855558907824,14.18,0.09,2.54,1.0,,0,,2.0384274,27.687,7.260602841278592
46,Tunisia,Middle East & Central Asia,4,2015,0,0,0,tranquil,,0,0,0,1,8.971552585257122,7875.82,0.968,3.09,2.43,553.0,393.4,227.0,227.0,-9.144,52.401,-3.117,4.437,21.739,100.0,-8.088235294117641,60.13655413991083,16.67,0.13,2.14,1.0,,0,,2.1199925,27.444,6.669159762614255
46,Tunisia,Middle East & Central Asia,4,2016,0,0,0,tranquil,,0,0,0,1,8.971639556545544,7876.505,1.117,0.968,3.09,652.0,529.7,553.0,393.4,-9.708,58.908,-3.784,3.629,20.475,101.3,1.29999999999999,62.24695546754171,15.83,0.4,1.84,1.0,,0,,1.4034456,27.213,9.424731433866741
46,Tunisia,Middle East & Central Asia,4,2017,0,0,0,tranquil,,0,0,0,1,8.98340263182231,7969.704,2.252,1.117,0.968,433.0,396.4,652.0,529.7,-9.676,67.099,-3.393,5.309,21.295,97.4,-3.849950641658429,64.75372853730315,11.09,1.0,2.33,1.0,,0,,1.9233125,28.725,9.522850050920567
46,Tunisia,Middle East & Central Asia,4,2018,0,0,0,tranquil,,0,0,0,1,8.999314355885797,8097.53,2.607,2.252,1.117,646.0,485.6,433.0,396.4,-10.799,72.908,-1.785,7.308,22.964,96.9,-0.5133470225872738,63.522438982530495,16.64,1.83,2.91,1.0,,0,,2.3224804,28.685,8.42912529726454
46,Tunisia,Middle East & Central Asia,4,2019,0,0,0,tranquil,,0,0,0,1,9.005429711664581,8147.201,1.55,2.607,2.252,653.0,579.2,646.0,485.6,-8.085,67.297,-1.008,6.722,19.803,97.0,0.1031991744065985,59.29035832244472,15.39,2.16,2.14,1.0,,0,,1.9448766,29.532,8.362294930608616
46,Tunisia,Middle East & Central Asia,4,2020,1,1,0,onset,Tunisia_ep,1,0,1,1,8.9030887250693,7354.655,-8.975,1.55,2.607,1041.0,798.2,653.0,579.2,-5.968,77.708,-5.932,5.635,12.688,100.1,3.1958762886597825,67.65671846485186,29.25,0.38,0.89,1.0,3.0,0,,1.466343,34.533,11.001219616209095
46,Tunisia,Middle East & Central Asia,4,2021,0,0,1,continuation,Tunisia_ep,1,0,1,1,8.943150362307923,7655.276,4.736,-8.975,1.55,1471.0,972.0,1041.0,798.2,-5.97,79.728,-4.985,5.707,15.934,95.4,-4.695304695304681,64.66753464618297,19.66,0.08,1.45,0.0,,0,,1.162893,33.421,15.287256721829007
46,Tunisia,Middle East & Central Asia,4,2022,0,0,1,continuation,Tunisia_ep,1,1,1,1,8.963686992681021,7814.115,2.674,4.736,-8.975,3027.0,2179.0,1471.0,972.0,-8.996,82.985,-3.628,8.308,16.798,88.5,-7.232704402515733,66.00676675177367,25.64,1.68,2.95,0.0,,0,,1.431592,36.58,16.747754868964353
46,Tunisia,Middle East & Central Asia,4,2023,0,0,1,continuation,Tunisia_ep,1,1,1,1,8.959413668520291,7780.794,0.24,2.674,4.736,4450.0,2921.0,3027.0,2179.0,-2.291,84.015,-3.402,9.323,8.151,92.5,4.519774011299438,62.73056522649792,16.85,5.02,3.96,0.0,,0,,1.4635134,35.946,20.151667851605268
46,Tunisia,Middle East & Central Asia,4,2024,0,0,1,continuation,Tunisia_ep,1,0,1,1,8.96937495037078,7858.688,1.636,0.24,2.674,1682.0,856.8,4450.0,2921.0,-1.612,85.66,-2.42,7.007,7.858,,,60.61172497351488,15.55,5.14,4.21,0.0,,0,,1.4797736,35.784,24.6411803304685
46,Tunisia,Middle East & Central Asia,4,2025,0,0,0,tranquil,,0,0,0,1,8.988196196119924,8007.999,2.493,1.636,0.24,775.0,775.0,1682.0,856.8,-2.755,81.278,-1.499,5.345,10.698,,,,18.93,4.21,4.29,0.0,,0,,,34.032,
47,Turkey,,0,1994,0,0,0,tranquil,,0,0,0,0,9.155807097675618,9469.27,-5.456,,,,,,,1.466,,,104.546,20.165,112.1843422036,,,13.93,4.2,7.09,1.0,,0,,0.4653639,,7.470761193477735
47,Turkey,,0,1995,0,0,0,tranquil,,0,0,0,0,9.209741392623862,9994.012,7.19,-5.456,,,,,,-1.001,,,89.564,22.812,108.2157847971,-3.537532358390605,,12.39,5.84,6.57,1.0,,0,,0.37707773,,6.051467812927901
47,Turkey,Europe,3,1996,0,0,0,tranquil,,0,0,0,0,9.262269793991644,10533.014,7.007,7.19,-5.456,291.0,240.4,,,-0.973,,,80.234,21.322,109.4631659149,1.1526794544241217,,16.44,5.3,6.44,0.0,,0,,0.2883767,,7.683441267524279
47,Turkey,Europe,3,1997,0,0,0,tranquil,,0,0,0,0,9.319944630207129,11158.364,7.528,7.007,7.19,426.0,234.8,291.0,240.4,-1.007,,,85.656,21.662,114.0400230388,4.18118468038664,,22.36,5.46,6.35,0.0,,0,,0.30513513,,5.06876250778342
47,Turkey,Europe,3,1998,0,0,0,tranquil,,0,0,0,0,9.336179315937004,11340.995,3.092,7.528,7.007,949.0,581.7,426.0,234.8,0.72,,,84.721,25.3,113.4899442475,-0.4823559103568797,,25.6,5.35,5.26,0.0,,0,,0.34053606,,9.257666071760449
47,Turkey,Europe,3,1999,0,0,0,tranquil,,0,0,0,0,9.290870499302995,10838.615,-3.053,3.092,7.528,726.0,583.6,949.0,581.7,-0.364,,,64.869,21.505,111.938323925,-1.3671874920620386,,24.37,4.97,5.65,1.0,,0,,0.3050563,,18.08904794607253
47,Turkey,Europe,3,2000,0,0,0,tranquil,,0,0,0,0,9.34421011985211,11432.439,6.985,-3.053,3.092,866.0,556.7,726.0,583.6,-3.626,51.234,3.722,55.035,24.011,102.3436104457,-8.571428571441341,,23.32,6.24,6.03,1.0,,0,,0.35741782,39.41,17.688718264632033
47,Turkey,Europe,3,2001,1,0,0,onset,Turkey_ep,1,0,1,0,9.2742087623763,10659.521,-5.459,6.985,-3.053,1073.0,891.5,866.0,556.7,1.852,75.571,4.579,54.246,19.614,100.0018354815,-2.2881496499895904,,25.75,3.89,5.02,1.0,3.0,0,,1.657805,43.941,35.12721371909328
47,Turkey,Europe,3,2002,0,0,1,continuation,Turkey_ep,1,0,1,0,9.323815475134998,11201.64,6.436,-5.459,6.985,1017.0,755.5,1073.0,891.5,-0.262,71.189,2.256,45.134,21.526,99.4209962025,-0.5808286179981637,,27.29,1.67,4.61,1.0,,0,,0.44937658,40.923,29.916174950819986
47,Turkey,Europe,3,2003,0,0,0,tranquil,,0,0,0,0,9.368259172084151,11710.711,5.799,6.436,-5.459,970.0,617.7,1017.0,755.5,-2.38,63.612,4.134,25.337,22.857,100.5860151126,1.1718036980107094,,21.98,1.13,4.01,1.0,,0,,0.53964436,38.331,25.434137989225793
47,Turkey,Europe,3,2004,0,0,0,tranquil,,0,0,0,0,9.45092604128513,12719.939,9.925,5.799,6.436,494.0,352.8,970.0,617.7,-3.477,57.045,4.597,8.599,25.168,101.1585982916,0.569247303771836,,15.48,1.35,4.27,1.0,,0,,0.67900866,34.451,21.66883655182322
47,Turkey,Europe,3,2005,0,0,0,tranquil,,0,0,0,0,9.525835694953948,13709.382,9.112,9.925,5.799,352.0,273.4,494.0,352.8,-4.14,50.154,4.316,8.109,27.567,100.2,-0.9476191918325494,,12.81,3.21,4.29,1.0,,0,,1.9733857,31.986,20.93828110386126
47,Turkey,Europe,3,2006,0,0,0,tranquil,,0,0,0,0,9.581637755056647,14496.141,7.068,9.112,9.925,294.0,224.5,352.0,273.4,-5.616,44.202,4.563,9.571,30.158,95.5,-4.690618762475052,,12.81,4.96,4.8,1.0,,0,,3.6066017,33.406,17.465885016099385
47,Turkey,Europe,3,2007,0,0,0,tranquil,,0,0,0,0,9.619080644207582,15049.208,5.108,7.068,9.112,246.0,216.3,294.0,224.5,-5.379,37.131,3.167,8.776,29.549,98.1,2.7225130890052407,,17.54,5.02,4.63,1.0,,0,,3.217467,32.706,16.872425405421076
47,Turkey,Europe,3,2008,0,0,0,tranquil,,0,0,0,0,9.615577587452128,14996.582,0.92,5.108,7.068,627.0,388.8,246.0,216.3,-5.004,37.024,1.951,10.417,29.726,94.4,-3.771661569826701,33.16285584430279,32.69,1.93,3.66,1.0,,0,,2.5600455,33.479,17.09364659387838
47,Turkey,Europe,3,2009,0,0,0,tranquil,,0,0,0,0,9.551722677313608,14068.91,-4.883,0.92,5.108,551.0,360.6,627.0,388.8,-1.731,42.376,-0.87,6.244,23.695,98.4,4.237288135593209,36.81907831645537,31.48,0.16,3.26,0.0,,0,,1.312903,36.966,22.86905141028424
47,Turkey,Europe,3,2010,0,0,0,tranquil,,0,0,0,0,9.618496456158327,15040.419,8.542,-4.883,0.92,284.0,227.9,551.0,360.6,-5.698,38.62,0.441,8.573,28.452,93.9,-4.573170731707322,44.04597075634171,22.55,0.18,3.22,0.0,,0,,1.1627437,35.225,22.203763598248578
47,Turkey,Europe,3,2011,0,0,0,tranquil,,0,0,0,0,9.70799114731554,16448.526,10.98,8.542,-4.883,385.0,265.8,284.0,227.9,-8.823,34.773,2.119,6.468,31.958,91.1,-2.981895633652832,48.74220840508228,24.2,0.1,2.78,0.0,,0,,1.9168614,32.602,16.275170074333513
47,Turkey,Europe,3,2012,0,0,0,tranquil,,0,0,0,0,9.742202978555094,17020.997,4.808,10.98,8.542,394.0,276.9,385.0,265.8,-4.736,30.816,0.69,8.897,29.422,91.0,-0.1097694840834218,51.55867659501045,17.8,0.14,1.8,0.0,,0,,1.5524197,33.95,14.005380428128994
47,Turkey,Europe,3,2013,0,0,0,tranquil,,0,0,0,0,9.810827981761888,18230.075,8.488,4.808,10.98,326.0,249.3,394.0,276.9,-5.125,29.548,1.056,7.477,31.365,92.6,1.758241758241752,59.97929142441433,14.23,0.11,2.35,0.0,,0,,1.4096296,33.549,11.238041085694082
47,Turkey,Europe,3,2014,0,0,0,tranquil,,0,0,0,0,9.842321471657188,18813.34,4.601,8.488,4.808,344.0,246.3,326.0,249.3,-3.404,27.367,0.988,8.878,30.212,93.9,1.403887688984895,63.23763272042163,14.18,0.09,2.54,0.0,,0,,1.4153014,32.502,10.644413041780918
47,Turkey,Europe,3,2015,0,0,0,tranquil,,0,0,0,0,9.885420929512184,19641.912,5.806,4.601,8.488,343.0,272.8,344.0,246.3,-2.459,26.455,1.327,7.661,30.063,100.0,6.496272630457933,66.38985210516044,16.67,0.13,2.14,0.0,,0,,2.2257526,32.422,9.741070439178163
47,Turkey,Europe,3,2016,0,0,0,tranquil,,0,0,0,0,9.904656369203725,20023.39,3.324,5.806,4.601,365.0,320.2,343.0,272.8,-2.547,27.018,-0.286,7.778,29.829,104.0,4.000000000000004,69.28263646766668,15.83,0.4,1.84,0.0,,0,,1.588736,33.756,9.630887540710367
47,Turkey,Europe,3,2017,0,0,0,tranquil,,0,0,0,0,9.967032799289983,21312.154,7.826,3.324,5.806,353.0,300.8,365.0,320.2,-4.068,26.927,-0.548,11.165,32.795,98.6,-5.192307692307696,70.08440272882083,11.09,1.0,2.33,0.0,,0,,1.295327,32.426,8.488881464052628
47,Turkey,Europe,3,2018,0,0,0,tranquil,,0,0,0,0,9.987596734729555,21754.953,3.468,7.826,3.324,598.0,401.2,353.0,300.8,-1.809,28.826,-1.684,16.314,31.341,95.0,-3.651115618661249,66.69766681874383,16.64,1.83,2.91,0.0,,0,,1.5792338,33.886,13.268038449652696
47,Turkey,Europe,3,2019,0,0,0,tranquil,,0,0,0,0,9.986234830329712,21725.345,1.302,3.468,7.826,547.0,462.9,598.0,401.2,1.937,31.195,-2.905,15.18,27.506,94.7,-0.3157894736842026,64.25575193862667,15.39,2.16,2.14,0.0,,0,,1.2253608,34.835,15.43760940035927
47,Turkey,Europe,3,2020,0,0,0,tranquil,,0,0,0,0,9.994391813245208,21903.283,1.803,1.302,3.468,726.0,585.2,547.0,462.9,-4.248,38.297,-2.858,12.272,34.154,99.6,5.174234424498403,75.26760192367644,29.25,0.38,0.89,0.0,,0,,1.0253149,34.046,20.038015278630866
47,Turkey,Europe,3,2021,0,0,0,tranquil,,0,0,0,0,10.096935604666193,24268.527,11.811,1.803,1.302,579.0,498.5,726.0,585.2,-0.854,38.91,-1.204,19.608,34.376,88.6,-11.044176706827312,70.99836085414853,19.66,0.08,1.45,0.0,,0,,1.5089197,30.536,18.989061044824314
47,Turkey,Europe,3,2022,0,0,0,tranquil,,0,0,0,0,10.140068417413664,25338.2,5.441,11.811,1.803,721.0,570.2,579.0,498.5,-5.047,29.433,0.046,72.3,38.602,76.0,-14.22121896162528,53.42622214779125,25.64,1.68,2.95,0.0,,0,,1.4883963,26.772,16.373094432309813
47,Turkey,Europe,3,2023,0,0,0,tranquil,,0,0,0,0,10.185224978035048,26508.613,5.045,5.441,11.811,548.0,421.9,721.0,570.2,-3.626,28.241,-3.501,53.858,34.588,86.7,14.078947368421058,48.78339818859893,16.85,5.02,3.96,0.0,,0,,0.9338065,32.693,13.944835587853818
47,Turkey,Europe,3,2024,0,0,0,tranquil,,0,0,0,0,10.215711848221588,27329.223,3.328,5.045,5.441,354.0,278.8,548.0,421.9,-0.959,23.6,-2.542,58.505,30.731,,,42.95466584780323,15.55,5.14,4.21,0.0,,0,,0.8607016,32.871,13.1340749546799
47,Turkey,Europe,3,2025,0,0,0,tranquil,,0,0,0,0,10.247540199397193,28213.058,3.605,3.328,5.045,345.0,270.0,354.0,278.8,-1.884,23.478,-0.133,34.883,31.667,,,,18.93,4.21,4.29,0.0,,0,,,32.388,
48,Ukraine,,0,1994,0,0,0,tranquil,,0,0,0,1,11.427821885159528,91841.715,-22.934,,,,,,,-3.164,,,891.188,35.123,,,,13.93,4.2,7.09,0.0,,0,,0.3025714,,7.645517537002531
48,Ukraine,,0,1995,0,0,0,tranquil,,0,0,0,1,11.306620434187678,81358.487,-12.151,-22.934,,,,,,-3.113,,-3.36,376.746,26.559,,,,12.39,5.84,6.57,1.0,,0,,0.5537827,42.703,7.31641598989809
48,Ukraine,,0,1996,0,0,0,tranquil,,0,0,0,1,11.21013795772044,73875.606,-10.044,-12.151,-22.934,,,,,-2.657,,-1.628,80.23,22.52,,,,16.44,5.3,6.44,1.0,,0,,1.1692407,38.157,7.328623265741729
48,Ukraine,,0,1997,0,0,0,tranquil,,0,0,0,1,11.188298068436238,72279.662,-2.988,-10.044,-12.151,,,,,-2.662,29.88,-3.749,15.886,21.275,,,,22.36,5.46,6.35,0.0,,0,,1.2422352,42.214,8.682619934665023
48,Ukraine,,0,1998,0,0,0,tranquil,,0,0,0,1,11.177282350532202,71487.819,-1.944,-2.988,-10.044,,,,,-3.094,48.129,-0.423,10.577,20.688,,,,25.6,5.35,5.26,1.0,,0,,1.7740096,38.354,15.211899209434563
48,Ukraine,,0,1999,0,0,0,tranquil,,0,0,0,1,11.184385591801602,71997.422,-0.161,-1.944,-2.988,,,,,5.25,60.976,7.491,22.684,17.335,,,,24.37,4.97,5.65,1.0,,0,,1.5705825,26.733,15.153283886516613
48,Ukraine,Europe,3,2000,1,1,0,onset,Ukraine_ep,1,1,1,1,11.25085638793064,76945.787,5.891,-0.161,-1.944,2196.0,1817.4,,,4.575,43.73,-0.177,28.203,19.721,119.6354718085,,,23.32,6.24,6.03,1.0,5.0,0,,1.837833,35.416,11.006057353322582
48,Ukraine,Europe,3,2001,0,0,1,continuation,Ukraine_ep,1,0,1,1,11.34421728031036,84475.538,8.832,5.891,-0.161,2239.0,1649.1,2196.0,1817.4,3.567,35.34,-0.997,11.959,21.773,116.8195020387,-2.3537916700052897,,25.75,3.89,5.02,1.0,,0,,2.014776,35.327,9.162649797471293
48,Ukraine,Europe,3,2002,0,0,0,tranquil,,0,0,0,1,11.404935851817935,89763.692,5.34,8.832,5.891,829.0,681.8,2239.0,1649.1,7.219,32.344,-0.512,0.757,20.15,125.1635210528,7.142659289316078,,27.29,1.67,4.61,0.0,,0,,1.5765707,36.488,8.21126545731577
48,Ukraine,Europe,3,2003,0,0,0,tranquil,,0,0,0,1,11.503840239005894,99095.592,9.517,5.34,8.832,528.0,346.7,829.0,681.8,5.559,28.299,0.093,5.21,21.901,124.8339727037,-0.2632942460614962,,21.98,1.13,4.01,0.0,,0,,2.7379162,37.451,5.747037628865534
48,Ukraine,Europe,3,2004,0,0,0,tranquil,,0,0,0,1,11.622566403532934,111587.733,11.795,9.517,5.34,360.0,323.2,528.0,346.7,10.278,23.885,-3.355,9.036,21.059,132.9455779564,6.497914852035769,,15.48,1.35,4.27,1.0,,0,,2.5513182,40.087,4.059864928171079
48,Ukraine,Europe,3,2005,0,0,0,tranquil,,0,0,0,1,11.660303565425332,115879.202,3.071,11.795,9.517,224.0,189.9,360.0,323.2,2.835,17.088,-1.469,13.52,22.468,128.1,-3.644783099133342,,12.81,3.21,4.29,1.0,,0,,8.749551,42.568,-1.2614863964445417
48,Ukraine,Europe,3,2006,0,0,0,tranquil,,0,0,0,1,11.73937051234372,125413.369,7.571,3.071,11.795,257.0,203.9,224.0,189.9,-1.445,14.256,-0.706,9.076,24.505,124.3,-2.9664324746291992,,12.81,4.96,4.8,0.0,,0,,5.008725,42.946,-1.1959092916384966
48,Ukraine,Europe,3,2007,0,0,0,tranquil,,0,0,0,1,11.824229765159732,136520.459,8.216,7.571,3.071,320.0,206.2,257.0,203.9,-3.545,11.815,-1.405,12.843,27.743,133.0,6.999195494770727,,17.54,5.02,4.63,0.0,,0,,6.8531804,42.052,-0.46993696717240974
48,Ukraine,Europe,3,2008,1,1,0,onset,Ukraine_ep,1,1,1,1,11.85138411308343,140278.374,2.243,8.216,7.571,2771.0,918.7,320.0,206.2,-6.78,19.662,-2.528,25.201,27.358,133.2,0.1503759398496118,84.5638428852733,32.69,1.93,3.66,1.0,10.0,1,,5.6881495,45.379,2.4462617764501107
48,Ukraine,Europe,3,2009,0,0,1,continuation,Ukraine_ep,1,1,1,1,11.691199826239242,119515.318,-15.136,2.243,8.216,3491.0,1568.4,2771.0,918.7,-1.425,34.121,-4.917,15.9,17.021,114.7,-13.888888888888884,87.34997513591833,31.48,0.16,3.26,1.0,,0,,3.9234188,46.834,7.760834447084031
48,Ukraine,Europe,3,2010,0,0,1,continuation,Ukraine_ep,0,0,0,1,11.735340831222038,124909.01,4.092,-15.136,2.243,808.0,582.4,3491.0,1568.4,-2.137,39.131,-3.989,9.365,18.339,122.4,6.713164777680913,75.75190257156498,22.55,0.18,3.22,1.0,,0,,4.5684004,47.341,10.30183973874047
48,Ukraine,Europe,3,2011,0,0,1,continuation,Ukraine_ep,0,0,0,1,11.791545470645472,132130.516,5.445,4.092,-15.136,940.0,604.3,808.0,582.4,-6.054,35.531,-0.763,7.958,20.405,127.5,4.166666666666652,68.48385857669838,24.2,0.1,2.78,1.0,,0,,4.2560897,44.034,10.881579102110946
48,Ukraine,Europe,3,2012,0,0,0,tranquil,,0,0,0,1,11.794842672473372,132566.896,0.152,5.445,4.092,972.0,805.4,940.0,604.3,-7.84,36.141,-2.296,0.565,19.563,113.5,-10.98039215686275,66.9838104671062,17.8,0.14,1.8,1.0,,0,,4.477201,47.146,12.674590480164719
48,Ukraine,Europe,3,2013,0,0,0,tranquil,,0,0,0,1,11.798094820691777,132998.725,0.045,0.152,5.445,996.0,749.6,972.0,805.4,-8.671,38.99,-2.246,-0.261,16.412,113.1,-0.3524229074889917,70.69117174689421,14.23,0.11,2.35,0.0,,0,,2.3669438,46.294,16.059937153232802
48,Ukraine,Europe,3,2014,1,1,0,onset,Ukraine_ep,1,1,1,1,11.749676666824708,126712.582,-9.962,0.045,0.152,2226.0,1048.8,996.0,749.6,-3.832,70.317,-1.153,12.1,13.375,109.1,-3.536693191865603,75.22884563199541,14.18,0.09,2.54,1.0,4.0,0,,0.6344385,44.774,27.917643428794992
48,Ukraine,Europe,3,2015,0,0,1,continuation,Ukraine_ep,1,1,1,1,11.650790635697811,114782.078,-9.773,-9.962,0.045,4126.0,2314.9,2226.0,1048.8,1.72,79.331,3.003,48.684,15.924,100.0,-8.340971585701185,56.6577541315206,16.67,0.13,2.14,1.0,,0,,-0.2175084,43.043,23.5029999988479
48,Ukraine,Europe,3,2016,0,0,0,tranquil,,0,0,0,1,11.679048277672702,118071.81,2.441,-9.773,-9.962,914.0,755.9,4126.0,2314.9,-1.493,79.513,1.636,13.913,21.685,99.8,-0.2000000000000001,47.307130093336745,15.83,0.4,1.84,1.0,,0,,4.4217896,40.785,27.683219248862756
48,Ukraine,Europe,3,2017,0,0,0,tranquil,,0,0,0,1,11.707055196712858,121425.38,2.36,2.441,-9.773,677.0,561.3,914.0,755.9,-2.182,71.62,1.39,14.443,19.96,101.5,1.7034068136272618,38.305147298538856,11.09,1.0,2.33,1.0,,0,,3.2830613,41.67,24.26629734287201
48,Ukraine,Europe,3,2018,0,0,0,tranquil,,0,0,0,1,11.746883338146295,126359.126,3.488,2.36,2.441,780.0,552.0,677.0,561.3,-3.273,60.353,1.161,10.947,18.566,101.0,-0.492610837438423,34.511858640982766,16.64,1.83,2.91,1.0,,0,,3.80087,41.921,20.25566235807631
48,Ukraine,Europe,3,2019,0,0,0,tranquil,,0,0,0,1,11.78436886598366,131185.662,3.2,3.488,2.36,669.0,551.4,780.0,552.0,-2.735,50.452,0.955,7.886,14.853,100.9,-0.099009900990088,30.02706858801782,15.39,2.16,2.14,1.0,,0,,3.7664967,41.503,16.87310896353312
48,Ukraine,Europe,3,2020,0,0,0,tranquil,,0,0,0,1,11.753673527531893,127220.048,-3.753,3.2,3.488,889.0,651.1,669.0,551.4,2.712,60.505,-3.024,2.74,8.898,106.0,5.05450941526262,28.17515424586281,29.25,0.38,0.89,1.0,,0,,0.1941032,45.6,20.912671816361385
48,Ukraine,Europe,3,2021,0,0,0,tranquil,,0,0,0,1,11.797765966480643,132954.995,3.446,-3.753,3.2,765.0,544.9,889.0,651.1,-2.415,48.917,-1.128,9.361,14.439,126.0,18.867924528301884,23.5556488725733,19.66,0.08,1.45,1.0,,0,,3.9816613,40.488,16.608376631705447
48,Ukraine,Europe,3,2022,1,1,0,onset,Ukraine_ep,1,1,1,1,11.630916194612276,112523.368,-28.759,3.446,-3.753,6595.0,3785.2,765.0,544.9,4.523,77.717,-12.507,20.183,12.086,99.4,-21.111111111111104,23.3160378131569,25.64,1.68,2.95,1.0,2.0,0,,0.13642858,65.394,24.45253725312089
48,Ukraine,Europe,3,2023,0,0,1,continuation,Ukraine_ep,1,1,1,1,11.69893864101184,120443.813,5.535,-28.759,3.446,5288.0,4129.0,6595.0,3785.2,-5.154,81.209,-15.51,12.851,18.039,79.4,-20.120724346076457,18.646620836353907,16.85,5.02,3.96,1.0,,0,,2.5228791,73.404,20.093836857729094
48,Ukraine,Europe,3,2024,0,0,1,continuation,Ukraine_ep,1,0,1,1,11.7511800907312,126903.228,3.248,5.535,-28.759,4319.0,2991.2,5288.0,4129.0,-7.96,89.677,-13.221,6.504,19.195,,,18.17295915848225,15.55,5.14,4.21,1.0,,0,,2.1065185,71.236,19.19951190839728
48,Ukraine,Europe,3,2025,0,0,1,continuation,Ukraine_ep,1,0,1,1,11.786598664768665,131478.506,1.8,3.248,5.535,1116.0,1007.8,4319.0,2991.2,-14.962,108.747,-19.298,12.727,21.82,,,,18.93,4.21,4.29,1.0,,0,,,74.546,
49,Uruguay,,0,1994,0,0,0,tranquil,,0,0,0,1,12.62030790320294,302642.616,7.281,,,,,,,,,,44.736,15.677,92.8211843874,,23.855799072152813,13.93,4.2,7.09,0.0,,0,,0.88414097,,2.622750327273394
49,Uruguay,,0,1995,0,0,0,tranquil,,0,0,0,1,12.599495718496236,296409.054,-1.448,7.281,,,,,,,,,42.248,15.202,96.4038011153,3.859697278745689,26.438220566565874,12.39,5.84,6.57,0.0,,0,,0.8114972,,2.085191809332913
49,Uruguay,,0,1996,0,0,0,tranquil,,0,0,0,1,12.647583036213438,311010.837,5.578,-1.448,7.281,,,,,,,,28.342,15.053,90.53645842,-6.086215094654401,26.80770337822053,16.44,5.3,6.44,1.0,,0,,0.66681427,,1.2855302409894878
49,Uruguay,,0,1997,0,0,0,tranquil,,0,0,0,1,12.689599623824956,324356.865,5.496,5.578,-1.448,,,,,,,,19.819,18.473,87.7386678308,-3.090236395398871,25.90578431366437,22.36,5.46,6.35,1.0,,0,,0.4722621,,0.42457072387308126
49,Uruguay,,0,1998,0,0,0,tranquil,,0,0,0,1,12.725869370365256,336337.154,4.519,5.496,5.578,,,,,,,,10.808,19.135,89.0087424636,1.4475654397321014,40.52126900153524,25.6,5.35,5.26,1.0,,0,,0.64642215,,1.34867643201899
49,Uruguay,,0,1999,0,0,0,tranquil,,0,0,0,1,12.699210328932628,327489.191,-1.939,4.519,5.496,,,,,,24.125,-1.143,5.66,17.108,81.7658103264,-8.137326667840505,43.59576650007816,24.37,4.97,5.65,1.0,,0,,0.98107296,27.222,2.752708101678535
49,Uruguay,,0,2000,0,0,0,tranquil,,0,0,0,1,12.675671236508984,319870.414,-1.93,-1.939,4.519,,,,,,30.487,-0.881,4.775,16.249,85.2267238381,4.232714747012745,45.0942269291081,23.32,6.24,6.03,1.0,,0,,1.1515659,26.564,2.014059824323172
49,Uruguay,LatAM,1,2001,0,0,0,tranquil,,0,0,0,1,12.63577452251035,307359.86,-3.844,-1.93,-1.939,362.0,296.8,,,,39.41,-0.639,4.357,15.99,88.6724397715,4.042999399983516,53.853885675274725,25.75,3.89,5.02,1.0,,0,,1.4852694,27.817,6.846375844417037
49,Uruguay,LatAM,1,2002,1,1,0,onset,Uruguay_ep,1,1,1,1,12.556738950197444,284002.679,-7.732,-3.844,-1.93,1643.0,998.2,362.0,296.8,,90.097,0.414,13.968,13.576,87.4455055427,-1.3836703173631837,70.51173826682682,27.29,1.67,4.61,1.0,7.0,1,,1.3218093,27.598,23.21663554408899
49,Uruguay,LatAM,1,2003,0,0,1,continuation,Uruguay_ep,1,0,1,1,12.567235958155212,286999.559,0.805,-7.732,-3.844,1435.0,882.2,1643.0,998.2,,91.915,2.977,19.379,14.135,88.1889605842,0.850192399124472,43.18654311480204,21.98,1.13,4.01,1.0,,0,,3.343263,27.731,22.793743422483985
49,Uruguay,LatAM,1,2004,0,0,0,tranquil,,0,0,0,1,12.615162353499231,301089.353,5.004,0.805,-7.732,710.0,571.2,1435.0,882.2,,73.676,3.704,9.169,15.644,85.1612723477,-3.433182811593816,24.193389595693056,15.48,1.35,4.27,1.0,,0,,2.5771174,26.612,20.71546879136601
49,Uruguay,LatAM,1,2005,0,0,0,tranquil,,0,0,0,1,12.683843981005264,322495.345,7.46,5.004,0.805,470.0,374.3,710.0,571.2,,66.173,3.782,4.699,16.294,77.2,-9.348465714785693,22.474943073869127,12.81,3.21,4.29,1.0,,0,,4.760891,26.274,12.011783955903537
49,Uruguay,LatAM,1,2006,0,0,0,tranquil,,0,0,0,1,12.72232800257825,335148.167,4.099,7.46,5.004,307.0,243.2,470.0,374.3,,61.055,3.387,6.386,18.403,76.0,-1.5544041450777255,23.751935281585165,12.81,4.96,4.8,1.0,,0,,7.6405354,26.827,4.669668409866965
49,Uruguay,LatAM,1,2007,0,0,0,tranquil,,0,0,0,1,12.785457746481372,356988.107,6.542,4.099,7.46,244.0,199.6,307.0,243.2,,52.811,3.415,8.115,18.585,76.1,0.1315789473684159,23.02997258819576,17.54,5.02,4.63,1.0,,0,,5.7095113,26.752,0.06807256572743751
49,Uruguay,LatAM,1,2008,1,1,0,onset,Uruguay_ep,0,1,1,1,12.853491934499264,382120.749,7.176,6.542,4.099,834.0,426.4,244.0,199.6,,46.214,1.382,7.878,22.269,82.2,8.015768725361383,27.16853394795116,32.69,1.93,3.66,1.0,10.0,1,,6.883023,26.292,5.452464361137423
49,Uruguay,LatAM,1,2009,0,0,0,tranquil,,0,0,0,1,12.890594060912388,396564.532,4.243,7.176,6.542,636.0,412.4,834.0,426.4,,46.176,1.119,7.068,18.484,87.8,6.812652068126512,19.864726099437103,31.48,0.16,3.26,0.0,,0,,4.899646,27.193,5.9969173700237715
49,Uruguay,LatAM,1,2010,0,0,0,tranquil,,0,0,0,1,12.960235420878425,425166.196,7.803,4.243,7.176,266.0,218.7,636.0,412.4,,40.853,1.8,6.694,18.436,87.4,-0.4555808656036331,21.404036115124605,22.55,0.18,3.22,0.0,,0,,5.2230015,27.4,8.112798396424074
49,Uruguay,LatAM,1,2011,0,0,0,tranquil,,0,0,0,1,13.005889514407324,445026.68,5.162,7.803,4.243,312.0,200.9,266.0,218.7,,41.259,1.84,8.092,19.987,89.4,2.288329519450793,21.973990507876675,24.2,0.1,2.78,0.0,,0,,5.343595,26.329,5.080342916522413
49,Uruguay,LatAM,1,2012,0,0,0,tranquil,,0,0,0,1,13.036299099411185,458767.626,3.538,5.162,7.803,251.0,175.9,312.0,200.9,-3.641,49.812,-0.115,8.099,22.312,92.9,3.914988814317666,22.170529186153896,17.8,0.14,1.8,0.0,,0,,11.790158,27.678,18.021210204185067
49,Uruguay,LatAM,1,2013,0,0,0,tranquil,,0,0,0,1,13.077414788526651,478023.316,4.638,3.538,5.162,242.0,188.4,251.0,175.9,-3.208,49.976,0.419,8.577,22.282,94.5,1.7222820236813652,24.376881523044112,14.23,0.11,2.35,0.0,,0,,1.6090126,28.827,21.505007295065134
49,Uruguay,LatAM,1,2014,0,0,0,tranquil,,0,0,0,1,13.104859107659776,491324.02,3.239,4.638,3.538,239.0,192.7,242.0,188.4,-2.939,51.098,-0.5,8.878,20.874,98.1,3.809523809523796,25.166793166477607,14.18,0.09,2.54,0.0,,0,,6.6430583,29.096,16.470144732963426
49,Uruguay,LatAM,1,2015,0,0,0,tranquil,,0,0,0,1,13.10415131600728,490976.388,0.371,3.239,4.638,305.0,240.2,239.0,192.7,-0.253,57.76,0.246,8.66,19.392,100.0,1.936799184505622,27.81400852758537,16.67,0.13,2.14,0.0,,0,,4.634234,28.351,16.59005710583626
49,Uruguay,LatAM,1,2016,0,0,0,tranquil,,0,0,0,1,13.117010347470533,497330.636,1.69,0.371,3.239,317.0,263.6,305.0,240.2,0.824,56.401,-0.259,9.64,17.389,102.8,2.8000000000000025,25.681582295366788,15.83,0.4,1.84,0.0,,0,,-0.8970825,29.668,19.928316298992833
49,Uruguay,LatAM,1,2017,0,0,0,tranquil,,0,0,0,1,13.13123946215478,504457.797,1.74,1.69,0.371,227.0,186.3,317.0,263.6,0.011,55.821,-0.155,6.222,15.924,102.3,-0.4863813229571967,23.92631567507772,11.09,1.0,2.33,0.0,,0,,4.13271,29.727,24.798287776309106
49,Uruguay,LatAM,1,2018,0,0,0,tranquil,,0,0,0,1,13.130810426420096,504241.413,0.165,1.74,1.69,207.0,177.1,227.0,186.3,-0.46,57.889,0.517,7.606,14.853,97.4,-4.789833822091882,24.94485121969097,16.64,1.83,2.91,0.0,,0,,2.6422238,30.342,23.154566584120513
49,Uruguay,LatAM,1,2019,0,0,0,tranquil,,0,0,0,1,13.13896932822122,508372.298,0.928,0.165,1.74,194.0,170.7,207.0,177.1,1.291,59.628,-0.49,7.883,14.121,100.4,3.0800821355236208,25.30825431384492,15.39,2.16,2.14,0.0,,0,,2.3570335,30.585,23.103334860893863
49,Uruguay,LatAM,1,2020,0,0,0,tranquil,,0,0,0,1,13.061826751591132,470629.647,-7.357,0.928,0.165,301.0,200.7,194.0,170.7,-0.641,68.219,-2.077,9.754,16.234,107.6,7.17131474103585,27.884637300587144,29.25,0.38,0.89,0.0,,0,,1.8175075,32.788,25.415561881316943
49,Uruguay,LatAM,1,2021,0,0,0,tranquil,,0,0,0,1,13.119178735812085,498410.212,5.844,-7.357,0.928,150.0,135.9,301.0,200.7,-2.433,64.079,-0.62,7.75,18.197,103.9,-3.438661710037161,26.71297709999092,19.66,0.08,1.45,0.0,,0,,8.504042,30.215,24.77884521269255
49,Uruguay,LatAM,1,2022,0,0,0,tranquil,,0,0,0,1,13.16617033648189,522390.325,4.606,5.844,-7.357,162.0,137.2,150.0,135.9,-3.527,59.39,-0.496,9.106,18.615,97.3,-6.352261790182878,26.623834108085347,25.64,1.68,2.95,0.0,,0,,12.480407,29.724,25.498346707783035
49,Uruguay,LatAM,1,2023,0,0,0,tranquil,,0,0,0,1,13.175216021374128,527137.14,0.762,4.606,5.844,119.0,98.2,162.0,137.2,-2.997,63.019,-0.98,5.866,17.657,102.8,5.6526207605344325,28.57710424851304,16.85,5.02,3.96,0.0,,0,,-6.7290406,30.055,29.087498952129465
49,Uruguay,LatAM,1,2024,0,0,0,tranquil,,0,0,0,1,13.209259461414645,545391.662,3.326,0.762,4.606,97.0,85.1,119.0,98.2,-0.772,67.553,-0.951,4.85,15.923,,,31.079204054424192,15.55,5.14,4.21,0.0,,0,,-4.862395,30.628,6.57698842419574
49,Uruguay,LatAM,1,2025,0,0,0,tranquil,,0,0,0,1,13.228620913818713,556054.124,1.785,3.326,0.762,102.0,83.8,97.0,85.1,-0.521,65.669,-1.051,4.651,16.178,,,,18.93,4.21,4.29,0.0,,0,,,31.5,
50,Venezuela,LatAM,1,1994,1,1,0,onset,Venezuela_ep,1,0,1,1,,,-2.349,,,2094.0,1571.5,,,4.495,,-6.058,60.817,14.156,44.020014306,,9.198434336518051,13.93,4.2,7.09,0.0,3.0,0,De facto default from Nov 2017.,1.371137,,10.438709457287992
50,Venezuela,LatAM,1,1995,0,0,1,continuation,Venezuela_ep,1,0,1,1,,,3.952,-2.349,,2153.0,1845.6,2094.0,1571.5,2.759,,0.343,59.923,18.114,39.3457857076,-10.618416809017017,8.655919769019981,12.39,5.84,6.57,0.0,,0,De facto default from Nov 2017.,1.2869965,,12.5302144152657
50,Venezuela,LatAM,1,1996,0,0,1,continuation,Venezuela_ep,1,0,1,1,,,-0.198,3.952,-2.349,1531.0,934.4,2153.0,1845.6,12.744,,12.831,99.876,16.555,46.5926097066,18.41829783971048,8.126613469100047,16.44,5.3,6.44,1.0,,0,De facto default from Nov 2017.,3.0945573,,3.806301567367295
50,Venezuela,LatAM,1,1997,0,0,1,continuation,Venezuela_ep,0,0,0,1,,,6.371,-0.198,3.952,547.0,422.7,1531.0,934.4,4.356,,5.585,50.04,27.673,48.7246066327,4.575826380032111,12.606896451611131,22.36,5.46,6.35,1.0,,0,De facto default from Nov 2017.,7.2252655,,-0.8718674096660263
50,Venezuela,LatAM,1,1998,0,0,1,continuation,Venezuela_ep,1,1,1,1,,,0.294,6.371,-0.198,2526.0,1023.5,547.0,422.7,-4.826,30.655,-0.608,35.782,30.66,35.5880313903,-26.96086464366404,12.04051443984917,25.6,5.35,5.26,0.0,,0,De facto default from Nov 2017.,5.5005236,,1.113676748006252
50,Venezuela,LatAM,1,1999,0,0,1,continuation,Venezuela_ep,1,0,1,1,,,-5.97,0.294,6.371,1472.0,1055.0,2526.0,1023.5,2.166,29.564,4.584,23.57,26.517,45.9489679559,29.11354228046459,11.21428578789713,24.37,4.97,5.65,0.0,,0,De facto default from Nov 2017.,2.992666,,1.0652857613727955
50,Venezuela,LatAM,1,2000,0,0,1,continuation,Venezuela_ep,0,0,0,1,,,3.687,-5.97,0.294,980.0,882.4,1472.0,1055.0,10.079,27.7,7.53,16.206,24.17,69.4690850807,51.18747639201313,10.483842323388515,23.32,6.24,6.03,0.0,,0,De facto default from Nov 2017.,4.014632,,-0.2813948268435858
50,Venezuela,LatAM,1,2001,0,0,1,continuation,Venezuela_ep,1,0,1,1,,,3.394,3.687,-5.97,1130.0,930.0,980.0,882.4,1.611,30.729,-1.195,12.531,27.524,57.1208458702,-17.77515739001808,12.370066744505596,25.75,3.89,5.02,0.0,,0,De facto default from Nov 2017.,3.0135617,,1.8531063123224671
50,Venezuela,LatAM,1,2002,0,0,1,continuation,Venezuela_ep,1,0,1,1,,,-8.856,3.394,3.687,1253.0,1060.8,1130.0,930.0,7.977,48.177,3.735,22.434,21.159,60.8433324419,6.51686177785058,10.12716637381567,27.29,1.67,4.61,0.0,,0,De facto default from Nov 2017.,0.8192169,,3.794917215170849
50,Venezuela,LatAM,1,2003,0,0,1,continuation,Venezuela_ep,1,0,1,1,,,-7.755,-8.856,3.394,1406.0,988.2,1253.0,1060.8,14.096,56.029,5.383,31.091,15.217,68.5712518629,12.701341479577044,8.906126214638732,21.98,1.13,4.01,0.0,,0,De facto default from Nov 2017.,1.8811147,,0.48838984799275503
50,Venezuela,LatAM,1,2004,0,0,0,tranquil,,0,0,0,1,,,18.287,-7.755,-8.856,720.0,572.7,1406.0,988.2,13.825,41.783,6.227,21.747,21.798,82.029440091,19.6265750769842,11.081772129297994,15.48,1.35,4.27,0.0,,0,De facto default from Nov 2017.,1.3241276,,-0.7707193331281751
50,Venezuela,LatAM,1,2005,0,0,0,tranquil,,0,0,0,1,,,10.318,18.287,-7.755,494.0,405.2,720.0,572.7,17.749,34.913,7.07,15.955,23.004,108.5,32.26958501683625,13.21487176962602,12.81,3.21,4.29,0.0,,0,De facto default from Nov 2017.,1.6836927,,-0.8251020089329094
50,Venezuela,LatAM,1,2006,0,0,0,tranquil,,0,0,0,1,,,9.872,10.318,18.287,248.0,212.2,494.0,405.2,14.823,25.658,0.483,13.663,26.922,129.5,19.354838709677423,17.037132868210175,12.81,4.96,4.8,0.0,,0,De facto default from Nov 2017.,0.107915126,,1.038623138397277
50,Venezuela,LatAM,1,2007,0,0,0,tranquil,,0,0,0,1,,,8.754,9.872,10.318,556.0,351.7,248.0,212.2,5.782,26.364,-1.191,18.699,30.34,142.0,9.652509652509655,23.481172466982475,17.54,5.02,4.63,0.0,,0,De facto default from Nov 2017.,1.8917886,,-4.03280570497461
50,Venezuela,LatAM,1,2008,1,1,0,onset,Venezuela_ep,1,1,1,1,,,5.278,8.754,9.872,1864.0,897.2,556.0,351.7,10.202,20.311,-2.015,31.441,26.826,175.3,23.45070422535212,21.46967380759155,32.69,1.93,3.66,0.0,10.0,1,De facto default from Nov 2017.,0.65927446,,-1.6322123715087364
50,Venezuela,LatAM,1,2009,0,0,1,continuation,Venezuela_ep,1,0,1,1,,,-3.202,5.278,8.754,1730.0,1253.8,1864.0,897.2,0.16,27.574,-7.222,26.041,25.797,127.6,-27.21049629207074,23.61362867879775,31.48,0.16,3.26,0.0,,0,De facto default from Nov 2017.,-0.34476733,,1.2277694549001208
50,Venezuela,LatAM,1,2010,0,0,1,continuation,Venezuela_ep,1,0,1,1,,,-1.489,-3.202,5.278,1291.0,1106.7,1730.0,1253.8,1.755,37.706,-3.173,28.187,21.972,151.7,18.887147335423204,18.85433542003425,22.55,0.18,3.22,0.0,,0,De facto default from Nov 2017.,0.40260193,,0.367502840851974
50,Venezuela,LatAM,1,2011,0,0,1,continuation,Venezuela_ep,1,0,1,1,,,4.176,-1.489,-3.202,1450.0,1213.3,1291.0,1106.7,5.164,52.476,-6.079,26.09,23.072,182.3,20.171390903098228,20.47422564851025,24.2,0.1,2.78,0.0,,0,De facto default from Nov 2017.,1.850025,,4.428481232197174
50,Venezuela,LatAM,1,2012,0,0,1,continuation,Venezuela_ep,1,0,1,1,,,5.626,4.176,-1.489,1209.0,996.2,1450.0,1213.3,0.694,58.445,-6.547,21.069,23.803,184.1,0.9873834339001464,23.87297589317568,17.8,0.14,1.8,0.0,,0,De facto default from Nov 2017.,1.3381927,,8.14838830242569
50,Venezuela,LatAM,1,2013,0,0,1,continuation,Venezuela_ep,1,0,1,1,,,1.343,5.626,4.176,1221.0,943.7,1209.0,996.2,1.778,85.399,-7.487,40.639,31.696,180.4,-2.0097772949483894,27.47279941579297,14.23,0.11,2.35,0.0,,0,De facto default from Nov 2017.,0.8284071,,7.267127128951236
50,Venezuela,LatAM,1,2014,0,0,1,continuation,Venezuela_ep,1,1,1,1,,,-3.894,1.343,5.626,2457.0,1341.2,1221.0,943.7,2.291,84.897,-7.488,62.169,19.735,169.6,-5.986696230598676,,14.18,0.09,2.54,0.0,,0,De facto default from Nov 2017.,0.5286702,,
50,Venezuela,LatAM,1,2015,0,0,1,continuation,Venezuela_ep,1,1,1,1,,,-6.221,-3.894,1.343,3173.0,2763.1,2457.0,1341.2,-12.795,129.762,-6.821,121.738,19.43,100.0,-41.0377358490566,,16.67,0.13,2.14,0.0,,0,De facto default from Nov 2017.,2.3563316,,
50,Venezuela,LatAM,1,2016,0,0,1,continuation,Venezuela_ep,1,1,1,1,,,-17.04,-6.221,-3.894,3560.0,2684.9,3173.0,2763.1,-3.427,138.404,-8.061,254.949,10.245,83.9,-16.09999999999999,,15.83,0.4,1.84,0.0,,0,De facto default from Nov 2017.,1.4054816,,
50,Venezuela,LatAM,1,2017,0,0,1,continuation,Venezuela_ep,1,1,1,1,,,-15.671,-17.04,-6.221,4854.0,2938.7,3560.0,2684.9,7.513,133.611,-13.235,438.117,5.111,98.3,17.1632896305125,,11.09,1.0,2.33,0.0,,0,De facto default from Nov 2017.,-0.25801826,,
50,Venezuela,LatAM,1,2018,0,0,1,continuation,Venezuela_ep,1,1,1,1,,,-19.655,-15.671,-17.04,6845.0,5224.1,4854.0,2938.7,8.442,175.314,-30.289,65374.082,,119.2,21.26144455747712,,16.64,1.83,2.91,0.0,,0,De facto default from Nov 2017.,0.60967785,,
50,Venezuela,LatAM,1,2019,0,0,1,continuation,Venezuela_ep,1,1,1,1,,,-27.658,-19.655,-15.671,18473.0,10154.2,6845.0,5224.1,5.884,205.991,-9.951,19906.024,,,,,15.39,2.16,2.14,0.0,,0,De facto default from Nov 2017.,0.7724537,,
50,Venezuela,LatAM,1,2020,0,0,1,continuation,Venezuela_ep,1,1,1,1,,,-29.999,-27.658,-19.655,33118.0,24268.5,18473.0,10154.2,-3.228,336.545,-4.9,2355.147,,,,,29.25,0.38,0.89,0.0,,0,De facto default from Nov 2017.,3.5108998,,
50,Venezuela,LatAM,1,2021,0,0,1,continuation,Venezuela_ep,1,1,1,1,,,0.955,-29.999,-27.658,55310.0,30669.4,33118.0,24268.5,-0.945,254.242,-4.543,1588.513,,,,,19.66,0.08,1.45,0.0,,0,De facto default from Nov 2017.,2.1425426,,
50,Venezuela,LatAM,1,2022,0,0,1,continuation,Venezuela_ep,1,1,1,1,,,8.001,0.955,-29.999,64523.0,43047.3,55310.0,30669.4,4.033,164.423,-4.275,186.542,,,,,25.64,1.68,2.95,0.0,,0,De facto default from Nov 2017.,2.6389327,,
50,Venezuela,LatAM,1,2023,0,0,1,continuation,Venezuela_ep,1,1,1,1,,,4.002,8.001,0.955,42753.0,32257.2,64523.0,43047.3,5.826,138.496,-0.491,337.458,,,,,16.85,5.02,3.96,0.0,,0,De facto default from Nov 2017.,0.012698224,,
50,Venezuela,LatAM,1,2024,0,0,1,continuation,Venezuela_ep,1,1,1,1,,,5.298,4.002,8.001,23773.0,19955.5,42753.0,32257.2,4.093,169.133,-3.006,49.356,,,,,15.55,5.14,4.21,0.0,,0,De facto default from Nov 2017.,1.3627237,,
50,Venezuela,LatAM,1,2025,0,0,1,continuation,Venezuela_ep,1,1,1,1,,,1.533,5.298,4.002,20505.0,16445.0,23773.0,19955.5,2.566,308.747,-5.059,251.954,,,,,18.93,4.21,4.29,0.0,,0,De facto default from Nov 2017.,,,
51,Vietnam,,0,1994,0,0,0,tranquil,,0,0,0,1,16.361503382409357,12755886.157,8.834,,,,,,,-9.038,,,10.378,27.61,,,,13.93,4.2,7.09,1.0,,0,,11.939483,,
51,Vietnam,,0,1995,0,0,0,tranquil,,0,0,0,1,16.43622872376238,13745591.655,9.54,8.834,,,,,,-10.029,,,16.926,29.38,,,18.48467224717334,12.39,5.84,6.57,1.0,,0,,8.585966,,1.5875238103559757
51,Vietnam,,0,1996,0,0,0,tranquil,,0,0,0,1,16.50952092976301,14790874.042,9.34,9.54,8.834,,,,,-6.443,,,5.593,30.417,,,18.67003595112412,16.44,5.3,6.44,1.0,,0,,9.71308,,1.4506205061094855
51,Vietnam,,0,1997,0,0,0,tranquil,,0,0,0,1,16.572285410105852,15748968.202,8.152,9.34,9.54,,,,,-4.475,,,3.095,30.648,,,19.84884112453487,22.36,5.46,6.35,1.0,,0,,8.270097,,1.393207130854561
51,Vietnam,,0,1998,0,0,0,tranquil,,0,0,0,1,16.612983498278385,16403142.631,5.765,8.152,9.34,,,,,-3.971,,0.348,7.234,31.426,,,20.12386314217889,25.6,5.35,5.26,0.0,,0,,6.1412144,16.017,1.8492854907109637
51,Vietnam,,0,1999,0,0,0,tranquil,,0,0,0,1,16.644614694662813,16930286.806,4.774,5.765,8.152,,,,,3.23,,-0.788,4.108,29.89,,,28.186587055122992,24.37,4.97,5.65,0.0,,0,,4.9226637,16.702,0.7381320291442259
51,Vietnam,,0,2000,0,0,0,tranquil,,0,0,0,1,16.696814185139832,17837511.494,6.787,4.774,5.765,,,,,2.147,24.755,-0.979,-1.768,32.041,76.0733685861,,35.25907400950082,23.32,6.24,6.03,0.0,,0,,4.163924,17.788,-0.1096556970967698
51,Vietnam,,0,2001,0,0,0,tranquil,,0,0,0,1,16.750050919645123,18812854.039,6.895,6.787,4.774,,,,,2.228,25.42,-1.458,-0.31,33.736,72.1265305411,-5.188199390083492,39.29039362553112,25.75,3.89,5.02,1.0,,0,,3.9773355,19.192,0.43665527379258046
51,Vietnam,,0,2002,0,0,0,tranquil,,0,0,0,1,16.805309246820705,19881679.685,7.08,6.895,6.787,,,,,-1.407,27.711,-1.071,4.079,35.959,72.7041203764,0.800800802377255,43.130774485685805,27.29,1.67,4.61,1.0,,0,,3.992687,19.747,1.6505463246740157
51,Vietnam,,0,2003,0,0,0,tranquil,,0,0,0,1,16.866785320487924,21142278.636,7.341,7.08,6.895,,,,,-3.844,29.835,-1.738,3.303,38.378,76.8526146501,5.705996100664756,48.37235081336001,21.98,1.13,4.01,1.0,,0,,3.6660123,22.196,3.428794525326721
51,Vietnam,,0,2004,0,0,0,tranquil,,0,0,0,1,16.932588849895296,22580310.098,7.789,7.341,7.08,,,,,-2.53,29.363,0.58,7.895,36.204,78.5355186105,2.189781008833669,58.72243078845866,15.48,1.35,4.27,1.0,,0,,3.544081,19.441,3.205946537640482
51,Vietnam,APAC,2,2005,0,0,0,tranquil,,0,0,0,1,16.996123487564354,24061497.037,7.547,7.789,7.341,190.0,186.0,,,-0.765,28.669,-0.383,8.394,36.508,83.0,5.684665318939031,60.46678778250789,12.81,3.21,4.29,0.0,,0,,3.3904037,20.625,4.928686183056692
51,Vietnam,APAC,2,2006,0,0,0,tranquil,,0,0,0,1,17.054257332696576,25501742.285,6.978,7.547,7.789,179.0,148.0,190.0,186.0,-0.194,30.248,0.792,7.503,37.295,85.8,3.373493975903608,65.3595423737595,12.81,4.96,4.8,0.0,,0,,3.616001,20.534,3.820521211607391
51,Vietnam,APAC,2,2007,0,0,0,tranquil,,0,0,0,1,17.11369165958142,27063368.608,7.129,6.978,7.547,233.0,147.3,179.0,148.0,-7.104,32.21,-0.939,8.349,42.654,87.5,1.9813519813519864,85.63968738395003,17.54,5.02,4.63,0.0,,0,,8.654717,22.297,2.59515018419611
51,Vietnam,APAC,2,2008,1,1,0,onset,Vietnam_ep,0,1,1,1,17.159166409359695,28322480.447,5.662,7.129,6.978,880.0,446.8,233.0,147.3,-8.646,31.045,0.368,23.115,39.29,92.4,5.600000000000005,82.87277096520089,32.69,1.93,3.66,0.0,10.0,1,,9.663039,21.38,3.990647611115271
51,Vietnam,APAC,2,2009,0,0,0,tranquil,,0,0,0,1,17.201944572105866,29560352.3,5.398,5.662,7.129,682.0,430.1,880.0,446.8,-5.122,36.17,-3.932,6.717,40.14,92.1,-0.3246753246753386,103.32235376964528,31.48,0.16,3.26,0.0,,0,,7.16882,24.975,9.440542597652266
51,Vietnam,APAC,2,2010,0,0,0,tranquil,,0,0,0,1,17.25419732910215,31146029.435,6.423,5.398,5.662,338.0,298.2,682.0,430.1,-2.984,37.287,-1.324,10.524,37.099,96.5,4.777415852334421,90.35317010498817,22.55,0.18,3.22,0.0,,0,,5.434739,23.721,7.8264434018681435
51,Vietnam,APAC,2,2011,0,0,0,tranquil,,0,0,0,1,17.31757647779283,33183936.545,6.413,6.423,5.398,549.0,404.0,338.0,298.2,0.136,36.185,-0.06,18.678,32.371,96.1,-0.4145077720207335,79.94308182044668,24.2,0.1,2.78,0.0,,0,,4.3048744,21.224,6.609781953395494
51,Vietnam,APAC,2,2012,0,0,0,tranquil,,0,0,0,1,17.360418139394163,34636484.14,5.505,6.413,6.423,493.0,377.5,549.0,404.0,4.748,38.33,-4.483,9.103,30.559,95.9,-0.2081165452653355,75.54939137109054,17.8,0.14,1.8,0.0,,0,,4.2783227,23.466,8.031695640124353
51,Vietnam,APAC,2,2013,0,0,0,tranquil,,0,0,0,1,17.40382349065067,36172998.137,5.554,5.505,6.413,358.0,299.8,493.0,377.5,3.64,41.413,-4.755,6.595,30.213,95.8,-0.1042752867570495,77.55811082104755,14.23,0.11,2.35,0.0,,0,,4.164545,24.457,9.1529526546478
51,Vietnam,APAC,2,2014,0,0,0,tranquil,,0,0,0,1,17.45532584565359,38084801.344,6.422,5.554,5.505,315.0,224.0,358.0,299.8,3.7,43.643,-3.665,4.085,30.289,97.9,2.192066805845516,80.00103149024153,14.18,0.09,2.54,0.0,,0,,3.940862,22.755,10.741138321982998
51,Vietnam,APAC,2,2015,0,0,0,tranquil,,0,0,0,1,17.512072965337815,40308501.715,6.987,6.422,5.554,340.0,266.8,315.0,224.0,-0.861,46.117,-3.403,0.631,32.109,100.0,2.1450459652706755,90.39922732770896,16.67,0.13,2.14,0.0,,0,,4.9319077,24.174,13.262821969247119
51,Vietnam,APAC,2,2016,0,0,0,tranquil,,0,0,0,1,17.566182090410834,42549645.876,6.69,6.987,6.422,326.0,256.8,340.0,266.8,0.248,47.88,-1.625,2.668,31.725,103.8,3.8000000000000034,98.85896076551391,15.83,0.4,1.84,0.0,,0,,4.900893,22.231,12.972407129203562
51,Vietnam,APAC,2,2017,0,0,0,tranquil,,0,0,0,1,17.622802178634686,45028319.798,6.94,6.69,6.987,224.0,171.1,326.0,256.8,-0.596,46.621,-0.411,3.521,32.305,104.2,0.3853564547206201,103.9720322574714,11.09,1.0,2.33,0.0,,0,,5.011487,21.529,8.851654989830072
51,Vietnam,APAC,2,2018,0,0,0,tranquil,,0,0,0,1,17.684237409725608,47881387.155,7.465,6.94,6.69,198.0,154.6,224.0,171.1,1.895,43.798,0.5,3.54,32.02,102.6,-1.5355086372360938,105.27598468354692,16.64,1.83,2.91,0.0,,0,,4.9982834,20.48,6.775899725767849
51,Vietnam,APAC,2,2019,0,0,0,tranquil,,0,0,0,1,17.736225745504324,50436503.441,7.359,7.465,6.94,173.0,131.1,198.0,154.6,3.76,40.993,0.992,2.796,31.98,105.1,2.4366471734892814,108.03190093336072,15.39,2.16,2.14,0.0,,0,,4.821075,19.811,3.3708983166269317
51,Vietnam,APAC,2,2020,0,0,0,tranquil,,0,0,0,1,17.753153994109333,51297572.745,2.865,7.359,7.465,426.0,191.8,173.0,131.1,4.349,41.319,-1.538,3.221,31.916,104.3,-0.7611798287345373,115.52534993774135,29.25,0.38,0.89,0.0,,0,,4.558362,21.251,4.5017087130996885
51,Vietnam,APAC,2,2021,0,0,0,tranquil,,0,0,0,1,17.768951382178937,52114375.094,2.554,2.865,7.359,92.0,70.6,426.0,191.8,-2.202,39.237,-0.233,1.835,32.896,101.7,-2.4928092042185934,124.28289874766531,19.66,0.08,1.45,0.0,,0,,4.2731457,20.125,3.773429518161136
51,Vietnam,APAC,2,2022,0,0,0,tranquil,,0,0,0,1,17.84122378108871,56020249.474,8.538,2.554,2.865,202.0,121.1,92.0,70.6,0.341,34.923,1.67,3.157,32.34,100.3,-1.3765978367748288,124.96147882254591,25.64,1.68,2.95,0.0,,0,,4.329473,18.197,0.8863764455150845
51,Vietnam,APAC,2,2023,0,0,0,tranquil,,0,0,0,1,17.88215025368279,58360523.612,5.065,8.538,2.554,165.0,92.9,202.0,121.1,6.372,34.257,-0.853,3.253,31.647,103.3,2.991026919242268,,16.85,5.02,3.96,0.0,,0,,4.264071,18.781,
51,Vietnam,APAC,2,2024,0,0,0,tranquil,,0,0,0,1,17.939525141598825,61806873.727,6.952,5.065,8.538,69.0,47.2,165.0,92.9,6.613,31.163,-0.644,3.621,30.585,,,,15.55,5.14,4.21,0.0,,0,,4.2339416,19.117,
51,Vietnam,APAC,2,2025,0,0,0,tranquil,,0,0,0,1,18.00683725759634,66110441.503,8.019,6.952,5.065,47.0,47.0,69.0,47.2,6.707,30.336,-1.372,3.31,30.795,,,,18.93,4.21,4.29,0.0,,0,,,22.15,
52,Zambia,,0,1994,0,0,0,tranquil,,0,0,0,1,8.41133566337933,4497.764,-13.309,,,,,,,1.29,,,46.073,40.155,91.6029750991,,,13.93,4.2,7.09,0.0,,0,,1.0938507,,41.40159934127324
52,Zambia,,0,1995,0,0,0,tranquil,,0,0,0,1,8.415766926434957,4517.739,2.898,-13.309,,,,,,-3.825,,,31.456,40.368,114.8383293687,25.365283435896057,,12.39,5.84,6.57,1.0,,0,,2.8106244,,49.55793015182874
52,Zambia,,0,1996,0,0,0,tranquil,,0,0,0,1,8.451553263953343,4682.34,6.219,2.898,-13.309,,,,,-3.388,,,38.581,32.562,92.1904426623,-19.721539690538936,,16.44,5.3,6.44,1.0,,0,,3.533283,,43.721757456796226
52,Zambia,,0,1997,0,0,0,tranquil,,0,0,0,1,8.463434755800098,4738.305,3.814,6.219,2.898,,,,,-4.23,,,21.418,32.091,85.8246296968,-6.905068227970679,,22.36,5.46,6.35,0.0,,0,,4.81957,,32.94504372285425
52,Zambia,,0,1998,0,0,0,tranquil,,0,0,0,1,8.43335560897185,4597.903,-0.386,3.814,6.219,,,,,-16.121,,,22.664,41.166,68.3448275111,-20.366883314792503,,25.6,5.35,5.26,0.0,,0,,5.5967903,,51.7670966240193
52,Zambia,,0,1999,0,0,0,tranquil,,0,0,0,1,8.452005286141087,4684.457,4.65,-0.386,3.814,,,,,-11.348,,,23.861,39.812,52.757410723,-22.80701752531077,,24.37,4.97,5.65,1.0,,0,,4.7587085,,45.255833734672144
52,Zambia,,0,2000,0,0,0,tranquil,,0,0,0,1,8.462133233101119,4732.142,3.897,4.65,-0.386,,,,,-12.179,260.964,3.901,24.091,38.999,60.5511191261,14.772727274316887,,23.32,6.24,6.03,1.0,,0,,3.379962,21.409,53.06120107119514
52,Zambia,,0,2001,0,0,0,tranquil,,0,0,0,1,8.483697212657155,4835.294,5.317,3.897,4.65,,,,,-17.427,210.243,-3.656,21.357,30.259,57.3855720497,-5.227891940044282,,25.75,3.89,5.02,1.0,,0,,3.5413866,27.962,35.159047901239724
52,Zambia,,0,2002,0,0,0,tranquil,,0,0,0,1,8.496990484098719,4900.0,4.506,5.317,3.897,,,,,-12.147,180.244,-0.922,22.239,31.677,55.9049860637,-2.5800666145101903,,27.29,1.67,4.61,1.0,,0,,7.1149416,27.571,35.27373537668593
52,Zambia,,0,2003,0,0,0,tranquil,,0,0,0,1,8.533099217203995,5080.166,6.945,4.506,5.317,,,,,-10.331,159.458,-1.899,21.4,37.728,58.1017912802,3.929533609036029,,21.98,1.13,4.01,0.0,,0,,7.0789313,27.313,27.31826204551196
52,Zambia,,0,2004,0,0,0,tranquil,,0,0,0,1,8.569285896190143,5267.367,7.032,6.945,4.506,,,,,-3.017,129.914,0.511,17.969,37.015,69.6922161607,19.948481148549035,,15.48,1.35,4.27,1.0,,0,,5.851689,23.273,23.0389955366787
52,Zambia,,0,2005,0,0,0,tranquil,,0,0,0,1,8.606125439018758,5465.033,7.236,7.032,6.945,,,,,-2.787,75.748,-0.047,18.325,30.965,86.9,24.69111299262085,,12.81,3.21,4.29,1.0,,0,,4.2840323,22.451,12.138834196998694
52,Zambia,,0,2006,0,0,0,tranquil,,0,0,0,1,8.647745551125231,5697.288,7.904,7.236,7.032,,,,,4.643,25.006,18.543,9.017,36.699,123.0,41.54200230149596,,12.81,4.96,4.8,1.0,,0,,4.827129,19.692,5.225838149134585
52,Zambia,,0,2007,0,0,0,tranquil,,0,0,0,1,8.69268749546773,5959.176,8.352,7.904,7.236,,,,,-1.238,21.921,0.342,10.655,31.7,120.6,-1.951219512195124,,17.54,5.02,4.63,1.0,,0,,9.418112,19.923,2.9821738144061642
52,Zambia,,0,2008,0,0,0,tranquil,,0,0,0,1,8.73188641910372,6197.408,7.774,8.352,7.904,,,,,-3.33,19.192,0.748,12.449,29.63,108.1,-10.364842454394696,,32.69,1.93,3.66,1.0,,0,,5.240508,19.457,2.8114027071875047
52,Zambia,,0,2009,0,0,0,tranquil,,0,0,0,1,8.784694393046776,6533.476,9.22,7.774,8.352,,,,,5.953,20.522,-0.722,13.392,30.277,97.7,-9.620721554116551,,31.48,0.16,3.26,1.0,,0,,4.5327797,17.807,5.12374645219738
52,Zambia,,0,2010,0,0,0,tranquil,,0,0,0,1,8.848093361439188,6961.104,10.298,9.22,7.774,,,,,7.527,18.898,-1.023,8.5,29.874,121.8,24.66734902763561,,22.55,0.18,3.22,1.0,,0,,8.533196,18.066,5.707255276617428
52,Zambia,,0,2011,0,0,0,tranquil,,0,0,0,1,8.86903724537344,7108.434,5.569,10.298,9.22,,,,,4.659,20.808,-0.834,8.658,32.889,125.1,2.709359605911321,13.692959115362148,24.2,0.1,2.78,1.0,,0,,4.7251616,19.527,7.179023548227733
52,Zambia,Sub-Saharan Africa,5,2012,0,0,0,tranquil,,0,0,0,1,8.909837260127537,7404.456,7.597,5.569,10.298,388.0,374.3,,,4.893,24.92,-1.834,6.575,31.518,115.0,-8.073541167066345,15.859019046956698,17.8,0.14,1.8,0.0,,0,,6.789381,21.852,5.394738861143012
52,Zambia,Sub-Saharan Africa,5,2013,0,0,0,tranquil,,0,0,0,1,8.92714847026926,7533.752,5.058,7.597,5.569,497.0,424.8,388.0,374.3,-0.779,25.909,-4.921,6.978,33.803,110.3,-4.086956521739138,15.816973642666394,14.23,0.11,2.35,0.0,,0,,7.489325,24.025,10.15584402196032
52,Zambia,Sub-Saharan Africa,5,2014,0,0,0,tranquil,,0,0,0,1,8.941291092504365,7641.056,4.693,5.058,7.597,551.0,459.0,497.0,424.8,2.141,33.857,-3.211,7.811,34.069,106.8,-3.1731640979147824,17.088124693980138,14.18,0.09,2.54,0.0,,0,,5.555428,24.328,8.556403798964963
52,Zambia,Sub-Saharan Africa,5,2015,1,1,0,onset,Zambia_ep,1,0,1,1,8.938871354753577,7622.589,2.92,4.693,5.058,1014.0,705.3,551.0,459.0,-2.687,61.869,-6.029,10.107,42.805,100.0,-6.367041198501866,19.764834060403903,16.67,0.13,2.14,0.0,9.0,1,,7.447417,27.648,9.719526134821786
52,Zambia,Sub-Saharan Africa,5,2016,0,0,1,continuation,Zambia_ep,1,0,1,1,8.944797410801046,7667.895,3.756,2.92,4.693,1234.0,903.0,1014.0,705.3,-3.264,61.154,-2.244,17.87,38.206,96.2,-3.799999999999992,15.442120506954454,15.83,0.4,1.84,0.0,,0,,3.1625197,23.928,11.464062935032791
52,Zambia,Sub-Saharan Africa,5,2017,0,0,1,continuation,Zambia_ep,0,0,0,1,8.948770262084453,7698.419,3.526,3.756,2.92,631.0,525.9,1234.0,903.0,-1.681,66.606,-3.509,6.577,41.002,106.6,10.81081081081081,14.906010543813697,11.09,1.0,2.33,0.0,,0,,4.2805014,24.974,16.125522602145388
52,Zambia,Sub-Saharan Africa,5,2018,0,0,1,continuation,Zambia_ep,1,1,1,1,8.95826544030015,7771.865,4.035,3.526,3.756,1353.0,864.5,631.0,525.9,-1.298,81.165,-3.547,7.495,38.586,105.0,-1.500938086303938,14.973719234617,16.64,1.83,2.91,0.0,,0,,1.5523188,27.733,16.554415693652075
52,Zambia,Sub-Saharan Africa,5,2019,0,0,1,continuation,Zambia_ep,1,1,1,1,8.942959364671298,7653.814,1.441,4.035,3.526,1828.0,1483.4,1353.0,864.5,0.477,103.332,-2.497,9.151,39.262,100.8,-4.000000000000004,15.626189907947849,15.39,2.16,2.14,0.0,,0,,2.350919,29.82,18.368131369591683
52,Zambia,Sub-Saharan Africa,5,2020,0,0,1,continuation,Zambia_ep,1,1,1,1,8.885671994886795,7227.67,-2.785,1.441,4.035,4184.0,3020.0,1828.0,1483.4,11.791,140.001,-7.823,15.733,32.245,105.2,4.365079365079372,15.163554563396096,29.25,0.38,0.89,0.0,,0,,1.3519058,34.031,25.884861445057254
52,Zambia,Sub-Saharan Africa,5,2021,0,0,1,continuation,Zambia_ep,1,0,1,1,8.918001339365325,7465.154,6.235,-2.785,1.441,3245.0,2450.4,4184.0,3020.0,11.9,111.047,-2.051,22.021,31.367,128.3,21.958174904942982,11.359504464816846,19.66,0.08,1.45,0.0,,0,,1.7840785,30.504,22.316487047634062
52,Zambia,Sub-Saharan Africa,5,2022,0,0,1,continuation,Zambia_ep,1,1,1,1,8.941164662195893,7640.09,5.211,6.235,-2.785,7518.0,3926.1,3245.0,2450.4,3.747,99.476,-1.586,10.993,26.981,116.9,-8.885424785658614,12.975088826020656,25.64,1.68,2.95,1.0,,0,,-0.22328675,28.203,17.620849262741064
52,Zambia,Sub-Saharan Africa,5,2023,0,0,1,continuation,Zambia_ep,1,0,1,1,8.965512148429763,7828.39,5.368,5.211,6.235,6548.0,5356.0,7518.0,3926.1,-3.038,129.058,0.611,10.885,31.445,116.5,-0.3421727972626187,15.62630606494331,16.85,5.02,3.96,1.0,,0,,2.3246534,27.384,19.732100538181808
52,Zambia,Sub-Saharan Africa,5,2024,0,0,1,continuation,Zambia_ep,1,0,1,1,8.97488294007444,7902.093,3.82,5.368,5.211,4561.0,1649.6,6548.0,5356.0,-4.411,125.203,3.054,14.986,31.153,,,17.007379972257226,15.55,5.14,4.21,1.0,,0,,9.324378,26.507,16.403938422873182
52,Zambia,,0,2025,0,0,0,tranquil,,0,0,0,1,8.984059153328154,7974.938,3.758,3.82,5.368,,,4561.0,1649.6,-3.545,86.004,3.059,13.91,33.097,,,,18.93,4.21,4.29,1.0,,0,,,29.721,
